customer_id,recency,frequency,monetary
42711,1083,1,67.98999786376953
48284,778,1,29.989999771118164
82244,449,1,8.5
65264,885,1,25
14324,556,1,5.989999771118164
39794,609,1,307
88078,143,1,115
72449,324,1,11.989999771118164
32655,832,1,51.150001525878906
80939,588,1,180
83810,1192,1,105
92300,91,1,130.98999786376953
49635,147,2,109.75
1566,1317,1,69.5
35526,1,1,50.459999084472656
58125,222,1,54
24165,169,1,86.95000076293945
89429,419,1,38
66615,1485,1,61.94000244140625
75320,288,1,179.9000015258789
41145,1154,1,153
54072,204,1,69
79373,381,1,36
71052,60,1,101.5
17026,1107,1,11.989999771118164
68135,122,1,53
49804,6,1,38
66661,130,2,67.9000015258789
66784,380,2,71.89000129699707
32824,10,1,50
61042,797,1,97.97999954223633
44062,281,1,50
1397,396,1,189.98999786376953
72403,665,1,111.59999847412108
93482,380,1,120
48115,158,1,108.62000274658205
37046,5,1,10.3100004196167
11576,79,1,12.989999771118164
45536,615,1,53.9900016784668
48453,897,1,64.4000015258789
5665,51,1,25
12927,2,1,199
72234,485,2,81.98000144958496
69701,309,1,49.9900016784668
69363,285,1,140
68304,76,1,14.5
16857,30,2,128.83000087738037
5619,465,1,25
2794,1443,1,279.5
82121,778,1,84.5
35572,1422,1,38.9900016784668
15629,136,2,103.5
4268,923,1,75
69532,281,1,25
26867,326,1,29.209999084472656
4145,62,1,44.950000762939446
80770,37,1,49.9900016784668
92131,970,1,26.979999542236328
47056,665,1,150
15506,5,1,73.97000122070312
58294,1492,1,14
99562,586,1,69.45000076293945
62685,180,1,115
53780,1,1,8.949999809265137
13986,967,1,12.989999771118164
1689,443,1,6.75
30030,138,1,29.989999771118164
7062,84,1,62
32532,667,1,186
83933,141,1,14
41483,14,1,48
58002,162,1,192.21000003814697
4560,169,1,31.96999931335449
58463,51,1,109.98999786376952
78314,441,1,101.95000076293945
5542,221,1,8.989999771118164
88201,161,1,10.6899995803833
39917,299,2,130.98999977111816
25854,1552,1,34.9900016784668
60919,4,1,40
35234,128,1,68
81231,5,1,70
40853,409,1,85.45000076293945
19651,2,1,10
169,723,1,220.79000091552734
71344,660,1,132.5
8244,182,2,85.21999740600587
84915,300,2,113.77999973297119
98978,86,1,101.49000263214111
31550,622,1,177.14000129699707
75566,460,1,15.770000457763672
55254,271,1,242.2899932861328
83687,133,1,129
64205,687,2,364.4300003051758
21417,161,1,29.979999542236328
38735,264,1,32.900001525878906
29784,1342,1,22
43893,15,1,38.5
87617,12,1,58
19943,962,1,39.5
20189,234,1,40.619998931884766
22353,28,1,18
74046,970,2,208.9900016784668
96276,110,3,251.3000030517578
73800,4,2,75.14000129699707
40255,1090,1,25
42419,31,1,45
86635,124,2,113.87000179290771
75274,660,1,161.60000038146973
32486,450,1,25
30076,58,1,14
10010,744,1,23.989999771118164
8075,1345,1,108
94066,166,1,55
27972,937,1,132.4499969482422
40209,74,1,39.9900016784668
2502,303,1,62.98000144958496
71513,4,1,43.97999954223633
55838,44,1,24
15214,926,1,78.80999755859375
35987,608,1,18.5
29538,516,1,40
20833,1094,1,114.98999786376952
73385,1512,1,86
37338,1168,1,54.9900016784668
62147,456,1,62
60060,1346,1,5.900000095367432
44998,305,1,94.5
54487,25,2,104.65000343322754
99024,765,1,63.970001220703125
6203,1079,1,174.98999977111816
42081,146,1,27
96107,895,1,8.989999771118164
13863,432,1,102
23750,309,1,208.97000122070312
87096,519,1,143.98999977111816
74690,296,1,92
46472,551,1,79.5
69071,614,1,12
98334,185,1,150.72999668121338
27451,679,1,29
94633,1504,1,40
46349,826,1,59.950000762939446
4852,818,1,119.98999786376952
63329,31,1,24.989999771118164
84577,471,1,42
48038,773,1,102
56528,68,2,55.739999771118164
81998,1,1,24.5
507,273,1,9.949999809265137
37461,285,1,64.94999694824219
54364,8,1,35.7400016784668
99808,32,1,95.2700023651123
13740,392,1,34.9900016784668
39210,375,1,53.54999923706056
47225,157,1,25
15921,162,1,218.98999786376953
1812,436,1,98
33239,1514,1,59.5
6601,232,1,25
17962,403,1,76.5
60750,1036,1,16.3799991607666
70637,410,2,185.69000053405762
93359,958,1,44
50571,62,1,221.9800033569336
34590,439,1,320.95000076293945
39333,542,1,57
1981,171,2,257.98999786376953
24703,149,1,90.63999938964844
80647,111,1,138.48999977111816
13342,536,1,33
69286,98,2,96.86000061035156
89721,1346,1,228.97999954223633
78483,162,2,268.8999938964844
69778,145,1,89.98999786376953
80524,709,1,191
60458,58,1,18
88570,524,1,34.900001525878906
57112,63,1,63
338,6,1,54.950000762939446
13571,465,1,62
9243,599,1,26.14999961853028
28725,569,1,54
95815,1200,1,6.989999771118164
67428,324,1,24.989999771118164
60289,231,1,124.5
12681,46,1,43.97999954223633
97581,291,1,34.9399995803833
56651,2,1,11.210000038146973
48991,164,1,9.989999771118164
93943,62,1,80.94000053405762
8367,647,1,39
39502,295,1,76.75
24932,173,2,147.98999786376953
71221,39,1,34.97999954223633
63206,6,1,24.989999771118164
98457,658,1,82.94999694824217
92469,446,1,167.29999923706055
3684,5,2,74.4000015258789
44308,434,1,268.8099994659424
18254,308,1,40
29615,144,1,175
81600,276,1,25.989999771118164
94235,326,2,60.89999961853028
8659,605,1,24.93000030517578
60352,23,2,266.50000190734863
29309,614,1,37.95000076293945
17072,6,1,228
19236,102,2,73.98999977111816
42542,513,1,209.98999977111816
44706,37,1,99.98999786376952
19130,726,1,171
23458,729,1,169.03000164031982
61918,205,1,238.97999572753903
39104,133,1,56.989999771118164
74461,136,1,164.44000244140625
8951,470,1,153.73000144958496
64972,716,1,108.96999931335449
19528,460,1,231.98999786376953
87202,434,1,29.989999771118164
29017,86,1,64.94999694824219
20020,1373,1,344.99000549316406
82874,189,1,85.95000076293945
42250,997,1,257
18838,134,1,29.989999771118164
41560,1268,1,121.04000282287596
50265,1403,1,89
72987,970,1,67.98000144958496
52429,186,1,224.98999786376953
63790,246,1,277.98000717163086
9641,11,1,98
97873,180,1,7.110000133514404
40624,27,1,25
71928,90,1,59.9900016784668
2087,1034,1,34.880001068115234
81414,255,1,26.170000076293945
27557,118,1,149.98000144958496
44537,273,1,11.989999771118164
51676,159,2,167
60166,1177,1,59.97999954223633
48805,872,1,188
50680,3,1,44.1200008392334
8015,287,1,10
64789,79,1,154.9799976348877
736,109,1,332.7200012207031
76150,628,1,10.5
33485,696,1,48
19376,933,1,125.26000213623047
90259,495,1,298
3793,864,1,268.13000202178955
7706,988,1,66.95000076293945
58815,4,3,187.67000007629395
13448,210,1,108
26515,7,1,115
58646,155,1,99.9399995803833
94696,106,1,70.7699966430664
91779,292,1,138.60000610351562
31779,326,1,138.9499969482422
37398,123,1,129.99000549316406
26037,709,1,111.22000122070312
59124,965,1,74.9800033569336
36402,358,1,237
47763,5,1,52.9900016784668
80063,37,1,39.9900016784668
74444,158,1,98.08000183105467
90305,902,1,64.98999786376953
9180,31,1,134.98999977111816
74676,3,2,841
43372,478,1,44
97567,453,1,48.95000076293945
16319,22,1,162.4699993133545
50202,666,1,32.95000076293945
46289,42,1,238.97999572753903
53428,564,1,99
56422,1381,1,55
48928,759,1,11.989999771118164
51553,302,1,19.989999771118164
30952,3,1,91.9900016784668
45061,331,2,106
6478,136,1,34.9900016784668
54902,163,2,109.60000038146973
77624,544,1,70.9900016784668
57481,191,1,13.989999771118164
16196,62,1,38.52999877929688
38918,1323,1,44.9900016784668
87557,1404,1,61.9900016784668
51507,254,1,20
98918,49,1,95
33654,459,1,39.44000053405762
94049,202,1,138.5
6309,65,1,31.489999771118164
82811,576,1,22.950000762939453
77839,858,2,235.97999572753906
91902,169,1,49.950000762939446
21065,726,1,105.9499969482422
17733,932,1,39.94000053405762
38045,158,1,24.96999931335449
75918,281,1,68.98999977111816
71590,675,1,57.400001525878906
31702,219,2,227.98000526428223
54670,104,3,54.46999931335449
64451,1562,1,59
53674,1031,1,24
13511,1187,1,104.5
16843,281,1,30
70654,261,1,235.52999877929685
71281,359,1,33.25
31842,597,1,129.99000549316406
52154,1273,1,233.95000076293945
89200,179,1,68
1214,7,1,61.989999771118164
7952,787,1,152.4900016784668
3624,97,1,246.14000701904297
60229,180,1,15
63561,251,1,186.79999923706055
92838,1126,2,36
30906,88,3,526.8899879455566
85559,424,1,139.5
229,22,2,65.9900016784668
3561,767,1,9.989999771118164
97166,384,1,35
84809,400,1,54.950000762939446
20481,1004,1,28.43000030517578
87079,302,1,152.9900016784668
60767,1308,1,99.94999694824216
36571,663,1,104.94999694824217
82015,373,2,76.45000076293945
50926,620,1,59.5
25456,814,1,67.93000030517578
14095,1779,1,30
53090,404,1,42.96999931335449
89781,523,1,19.989999771118164
44583,156,1,235.3900032043457
26684,318,1,44.9900016784668
83289,211,2,134.76000213623047
2041,389,1,16.5
567,19,3,82.86999988555908
28158,1007,1,220.94999980926514
82061,1274,1,298
813,1198,1,86.45000076293945
88553,69,1,79.9900016784668
23289,102,1,48
5436,80,1,12.510000228881836
99914,440,1,9.109999656677246
15569,959,1,169
18486,76,1,83.95999908447266
65679,84,1,68.4900016784668
11822,1229,1,27
1672,51,1,79.98999786376953
73339,181,1,34.95000076293945
4898,1435,1,199
5894,41,2,70.46999931335449
45473,55,2,119
22708,250,1,36
31364,869,1,25
38503,546,1,22.979999542236328
90365,105,1,109.98999786376952
7125,437,2,140.9900016784668
59061,468,1,79.94999694824217
66721,486,1,71.94999694824219
1460,1132,1,92
37507,5,1,9.5
2456,53,1,53.9900016784668
20172,448,2,192
71112,1049,2,87.22000122070312
59751,334,2,326.7899971008301
48390,257,2,37.989999771118164
51095,787,1,19.89999961853028
44431,189,1,157.5
12512,950,1,148
87969,95,1,115.98999786376952
80309,830,1,29
52091,726,1,42.97999954223633
79313,147,1,11.9399995803833
21477,8,2,42
68427,702,1,75
25147,150,1,14.989999771118164
77255,484,1,8.600000381469727
81168,103,1,11.449999809265137
83747,192,1,25
75091,283,1,138
70591,1520,1,198
96339,605,2,225.350004196167
83226,742,1,32.9900016784668
8599,1165,2,118.5
91839,926,2,164.99000549316406
26452,351,1,34.650001525878906
51264,768,1,306.22000885009766
65373,116,1,72
8642,1,1,23.889999389648438
45430,567,1,25
74029,327,1,38
76734,17,1,13.989999771118164
61809,18,1,5.949999809265137
59230,95,1,84.94999694824217
88616,185,1,223.97000122070312
7368,197,1,34
28095,545,1,50
65894,647,1,54.900001525878906
95108,141,1,43.9900016784668
56007,777,1,6.929999828338623
51138,770,1,25
67368,882,1,65.46999931335449
35818,1117,1,129
17318,313,1,38
20650,202,1,145.88000106811523
42788,73,1,23.89999961853028
47116,1552,1,93.98999786376952
14401,965,2,71.23999977111816
75503,184,1,24
38460,1058,1,290.95000076293945
96751,574,1,6.949999809265137
70285,11,1,69
17212,247,1,34.989999771118164
25868,27,2,55.09000015258789
2519,99,2,53.89999961853027
88095,548,2,282.86999464035034
93634,221,1,100
99456,1877,1,110
81646,445,1,29.8799991607666
21540,107,1,22
90196,400,1,119.96999931335449
64142,1193,1,11.989999771118164
4620,1571,1,39.950000762939446
33007,32,1,64.87999725341797
63146,181,1,80.94999694824219
1629,44,2,136.9900016784668
32011,143,1,44.950000762939446
9289,1160,1,134.93999862670898
292,686,1,248.75
36339,736,1,149
53259,899,1,60.09999847412109
27205,25,1,53.54999923706056
13680,820,1,7.519999980926514
18008,792,1,19.989999771118164
22877,129,1,73.04999923706056
54255,190,1,288.98999786376953
82473,3,1,15.75
45599,805,1,54
41898,32,1,57.9900016784668
76087,306,1,59
73923,908,1,213
42204,1210,1,59.95000076293945
97229,47,1,25
78251,1120,1,149
14464,1424,1,13.93000030517578
7431,71,1,29.40999984741211
9595,576,1,59.5
88722,269,1,74.40999984741211
84394,29,1,27.989999771118164
16628,541,1,197.93999481201172
79525,257,1,105.45000076293945
99499,73,1,153.23999786376953
86558,27,1,53
64726,1251,1,163.2300033569336
35755,947,1,112.98999977111816
89612,227,1,36
87448,902,2,606.3700008392334
27099,680,1,54.950000762939446
13033,647,1,69
85284,334,1,35.4900016784668
60398,99,1,19.81999969482421
41314,1065,1,68
25625,331,3,200.9900016784668
45642,279,1,25
48347,217,1,24
43478,607,1,27.989999771118164
27789,104,1,55.97999954223633
39150,556,1,29.989999771118164
34281,403,1,35
43707,58,2,88.95000076293945
69841,551,1,65.98999977111816
92655,1549,1,24.989999771118164
38798,39,1,146.79999923706055
9060,9,4,217.2700023651123
19542,1095,1,70.10000038146973
40149,517,1,172.75
51510,34,1,35
67826,140,1,43.9900016784668
48639,1001,1,25
57129,861,1,188.9900054931641
60000,51,1,56
99579,97,1,58
66475,261,1,89.35000038146973
13113,3,1,63.27999973297119
11098,270,1,339.9000015258788
71407,112,1,42
84637,397,1,17.93000030517578
87723,1657,1,24.989999771118164
33820,3,1,65.5
54427,42,1,25
6143,615,1,63.950000762939446
22459,1411,1,38.9399995803833
66429,507,1,128.95000076293945
74919,222,1,24.90999984741211
50036,468,1,140
74842,68,2,132.93999671936035
6999,1495,1,116.88999938964844
9578,346,1,36
85685,534,1,406
39608,60,1,340
19419,8,2,64.94000244140625
96708,105,1,29.989999771118164
62871,801,2,103.52000045776367
40272,138,1,69.94999694824219
28911,867,1,96
43661,152,1,94.93999671936035
86203,141,1,14.989999771118164
41669,5,1,8.6899995803833
83624,37,2,215.22000122070312
42851,1214,1,195.3000030517578
31490,9,1,8.640000343322756
53671,715,1,142.31999969482422
20375,155,1,42.900001525878906
19588,426,1,29.950000762939453
78669,772,1,199.9900054931641
26389,274,1,48
94985,326,1,60
46701,1257,1,39.9900016784668
70451,108,1,39.9900016784668
11390,335,1,71.9900016784668
81812,763,1,65
65496,887,1,239.8600006103516
73986,409,1,50.4900016784668
5187,1540,1,25
44248,1146,1,204.19999980926514
75134,73,1,286
60564,1674,1,118
39316,11,2,169.47000217437744
39857,239,1,247.98999786376953
23000,117,1,160
278,397,1,25
11639,50,1,81.2699966430664
76903,1,1,24.989999771118164
65247,65,1,131.94000244140625
26332,67,1,41
1503,1141,1,92.97999954223633
4746,4,1,99.98999786376952
13159,1031,1,57.98000144958496
77836,932,1,9.75
6661,233,1,5.989999771118164
68931,154,1,34
58603,319,1,27.020000457763672
12572,87,2,157.48000144958496
60518,308,2,52.9900016784668
67016,1391,1,69.5
66767,719,1,84
15074,98,1,101.80000305175781
57375,534,2,98.25
34407,810,1,139
34112,795,1,69
56588,1209,1,438.9499969482422
93173,1653,1,39.9900016784668
79851,370,1,153.5600004196167
92194,162,1,241.6100025177002
26435,1719,2,292.45000076293945
47242,23,1,77.6500015258789
49157,578,1,12.989999771118164
60226,153,1,25
67308,90,1,37.34999847412109
26930,3,1,25
78128,816,2,380.97000312805176
6369,220,1,288
12864,863,1,14.149999618530272
90030,1016,1,49.950000762939446
24520,550,1,34.9900016784668
35340,1225,1,22
25994,1136,1,11.989999771118164
36814,251,1,74.94999694824217
80143,663,1,15.279999732971191
70946,62,2,127.94000053405762
2731,263,1,50.09000015258789
36322,1325,1,70.94999694824219
68782,790,1,79.9800033569336
89323,255,1,218.82000732421875
32549,202,1,51.95000076293945
51782,11,1,79.5
70992,391,1,64.47000122070312
30534,214,1,34.29999923706055
68287,791,1,14
4543,1,1,26
74381,1496,1,24.90999984741211
95111,568,1,64.98999786376953
40421,1018,1,399
87451,755,1,25
37693,181,3,328.0199966430664
65370,4,2,296.379994392395
79436,1148,1,143
97338,740,1,63.989999771118164
88633,520,1,22.989999771118164
25791,424,1,9.40999984741211
71776,280,1,29.989999771118164
9163,1015,1,136
5084,720,1,135
63020,954,1,22
61271,26,2,397
52443,23,1,349
9827,441,1,59.5
75257,16,1,10.170000076293944
43787,88,2,61.97999954223633
77421,106,1,26
18483,12,1,95.95000076293945
99210,1151,1,38
51092,543,1,104.5
98669,1673,1,129.18000030517578
93880,476,1,47.59999847412109
73863,146,3,138.43000030517578
31075,90,1,175.95999908447266
20790,283,1,39.5
87849,8,1,39.540000915527344
75855,59,1,138.600004196167
61812,632,1,52
10119,342,1,21.989999771118164
49910,271,1,13.609999656677246
5376,998,1,24.989999771118164
63286,872,1,35
21998,302,2,243.01999473571775
28662,37,1,55.04999923706056
20006,657,1,53
17301,363,1,21.989999771118164
19834,649,1,75
31367,627,1,7.110000133514404
17842,67,1,201.94000053405762
75337,335,1,68.43000030517578
87159,29,1,185.99000549316406
67677,52,1,11.050000190734863
84242,358,1,5.550000190734863
86910,3,1,8
51633,722,1,92.98999977111816
64617,4,1,136.98999977111816
69990,759,1,13
44663,162,1,103
72881,118,1,109
66893,892,2,194.5
79877,1269,1,46.880001068115234
52323,588,1,99
92114,229,1,58.450000762939446
89615,14,1,55.959999084472656
21941,94,1,24.989999771118164
59505,70,1,34
67534,862,3,182.94000244140625
80604,34,1,93.9700014591217
65911,496,1,74
54550,175,1,67.95999908447266
62210,589,1,89.89999866485596
94129,1385,1,42.5
12987,805,1,224.3800048828125
47119,18,1,33.9900016784668
4082,438,1,75
60103,38,1,53.950000762939446
15151,44,1,39.97999954223633
88384,194,1,49.9900016784668
34776,263,2,97.73999977111816
68367,391,2,81.99000000953674
79728,379,1,106.94000244140625
77564,81,2,269.3500003814697
77023,191,1,24
81892,43,1,66.98999786376953
2316,87,1,53.54999923706056
66203,32,1,15.239999771118164
47268,103,1,2.950000047683716
42940,275,1,82
15692,35,2,64.5099983215332
4623,639,1,25
34527,142,1,45
28035,21,1,29.989999771118164
35068,1589,1,90.54999923706053
39396,865,1,98.0999984741211
25330,1060,1,99.94999694824219
23166,132,1,135
12346,457,1,70
42877,447,1,25
88908,40,2,292.9900016784668
51367,1006,1,23.229999542236328
35051,6,1,19.64999961853028
48450,136,1,56.77999877929688
521,527,1,113.97999954223633
67660,195,1,39.5
75486,379,1,59.450000762939446
40979,391,1,10
8370,440,1,148.98999786376953
5453,321,1,139.73999786376953
43495,391,1,30.09999942779541
20773,4,2,142.75
75626,158,1,54
23690,443,1,89.94999694824217
59811,264,1,41.25
8871,696,1,93
62728,365,1,25
81059,132,2,220.93000030517578
92420,285,1,46.96999931335449
26160,25,2,83.5
75108,961,1,903
3438,143,1,54.489999771118164
43017,384,1,22.979999542236328
25164,1571,1,25
18758,1298,1,94.88000106811523
64743,125,1,75.25
4434,465,2,156.81000137329102
9844,74,1,219.93999862670898
999,411,1,217
68178,36,3,46.97999954223633
7829,916,1,24.5
61686,105,1,5.289999961853027
96874,851,2,307.5900020599365
40438,1340,1,39.9900016784668
87388,9,1,32.900001525878906
86847,92,2,74.4900016784668
22247,238,1,475
69535,10,1,374.9500122070313
76960,675,1,109
81460,329,2,44.94000053405762
54238,1338,1,198
39505,304,1,54.5
88367,191,1,46.9900016784668
73047,960,1,119
71055,214,1,28.989999771118164
62227,911,1,186.45000076293945
93362,634,1,98
12283,95,1,30
84949,1772,1,69.5
44892,436,1,16
33531,106,1,113.39000129699707
78065,140,1,24.989999771118164
32990,566,2,113.29000091552734
22170,360,1,69.98999786376953
38400,176,1,112.5
44351,105,1,74.5
89426,477,1,63
94836,43,1,54.9900016784668
55712,533,1,17.989999771118164
94295,65,1,20
82997,324,3,368.4499969482422
82001,482,1,169.99000549316406
33468,899,1,34.95000076293945
76167,1457,1,84.9900016784668
34464,136,1,9.15999984741211
95400,313,1,29.739999771118164
78480,231,3,154.4000015258789
7892,572,1,408
61168,38,1,66.16999816894531
13216,10,1,11.010000228881836
5390,15,1,25
49807,293,1,24.989999771118164
1062,940,1,42.0099983215332
10345,3,1,2.990000009536743
2379,966,1,88.96000003814697
30182,126,1,9.989999771118164
85450,414,1,118
81122,346,1,42.89999961853027
10949,14,1,187.54000282287598
57232,296,1,63.180000305175774
20295,116,1,247.59000587463376
69612,222,1,20
35984,1023,2,504.48999977111816
46890,61,1,25
36525,629,1,25
23627,625,1,46.220001220703125
7311,129,1,92
4497,1143,1,24
10408,302,1,224.94999694824216
74089,7,1,75
10746,1209,1,53.33000183105469
8825,1697,1,69.98999786376953
14736,37,1,22
89386,236,3,209.9900016784668
24122,186,1,79.57000160217285
92343,248,1,224.9499969482422
30073,692,1,118.26000022888184
59734,1303,1,5.489999771118164
94358,124,2,99.4900016784668
22107,1367,2,106.93999671936034
15615,561,1,47.950000762939446
34009,90,1,115
75964,1069,1,49.9900016784668
46993,790,1,18
17779,75,1,24.5
36863,727,1,104.20000076293945
43355,524,2,279
61749,1282,2,325.54999923706055
48224,8,2,50.24999952316284
88799,195,1,16.989999771118164
43896,599,1,167.5999984741211
73110,403,1,54.9900016784668
40375,62,1,26
88493,55,2,127.98999977111816
32715,398,1,38.560001373291016
26976,519,2,210.5
84580,1199,1,34
20146,392,1,49.9900016784668
39379,505,1,89.73999977111816
14384,245,2,128.77999997138977
63332,135,1,91.5
55672,1113,1,50.9900016784668
4849,4,1,30
95251,936,1,63.739999771118164
60627,198,2,354.98999786376953
52967,833,1,177.48000144958496
62642,238,1,148
8456,97,1,283.8000030517578
50740,395,2,91.81999969482422
59396,430,1,28.979999542236328
52755,938,1,52
2811,7,1,118
47345,3,1,319.94000244140625
31029,511,1,28.799999713897712
1815,1488,1,54.950000762939446
20836,230,1,45.880001068115234
106,753,1,42.950000762939446
584,116,1,243.9499969482422
59937,1695,1,92
51281,994,1,25
12157,859,1,26
48702,163,1,98
63850,317,2,625.4399967193604
9240,948,1,54
49266,393,1,56.880001068115234
72529,3,1,133.4199981689453
22585,581,1,94.47000122070312
83890,82,1,310
51430,19,1,69.98999786376953
16093,817,1,270.7199935913086
93777,43,1,79
45997,1620,1,39.9900016784668
91198,241,1,43.9900016784668
85098,14,1,68.72000122070312
76442,400,1,73.1200008392334
58048,5,1,131.94000244140625
69950,1075,1,54.9900016784668
93926,1042,2,107.47000122070312
87262,655,1,25
81311,731,1,34.9900016784668
32472,66,1,45
36800,165,1,44
33883,73,1,36.84999847412109
45456,508,2,279.93999671936035
25227,219,1,154.9000015258789
51799,285,2,125
11224,420,1,49.9900016784668
50803,170,1,22
66492,48,1,59.9900016784668
60455,143,1,119.98999786376952
59459,264,2,547.5
47471,259,1,38.119998931884766
54504,920,1,157.92999267578125
36588,1358,1,8.989999771118164
26850,106,3,291.4199981689453
27846,165,1,34.97999954223633
31178,244,1,23.989999771118164
6292,1078,1,49.97999954223633
57146,47,2,28.760000228881836
1964,552,1,46.809999465942376
7617,349,1,84
3289,669,1,25
5602,1389,1,141.9499969482422
12008,135,2,47.90000057220458
6598,214,1,306.9900016784668
32652,25,1,55
12635,211,1,7.989999771118163
17653,87,1,109.9900016784668
2505,464,1,69.86000061035156
60690,4,1,9.989999771118164
8997,209,1,128
99642,171,1,41.38999938964844
45785,961,1,24.090000152587887
71510,118,1,16.989999771118164
6833,431,1,24
69346,375,1,94.18000030517578
32950,64,1,42
30245,991,1,66
43770,3,1,31.700000762939453
78394,241,2,314.65999603271484
73525,181,1,55.9900016784668
35114,1012,1,190
80558,238,1,25
57985,1542,1,53.889999389648445
60149,6,1,88
74215,423,1,44.989999771118164
78543,12,1,147.5
88281,175,1,22.989999771118164
82871,748,1,399
95463,563,1,29.989999771118164
84102,573,1,109.37999725341797
77610,156,1,29.950000762939453
81397,628,1,25
88971,79,2,79.48999977111816
86807,935,1,68
90594,1,1,67.76000213623047
39130,2,1,49.5
68845,102,2,107.98999977111816
44703,31,1,148.07999801635742
77335,191,1,46
71762,1272,1,73.5
34885,192,1,303.9799995422363
97232,125,1,24
2253,5,1,47.9900016784668
65951,7,3,331.34000062942505
7849,318,1,36.9900016784668
40481,24,1,88
10720,64,1,19.950000762939453
17882,188,1,25
92964,51,1,44.950000762939446
60332,144,1,32.95000076293945
27700,390,1,54
15011,228,1,59.15999984741211
710,220,1,302.9800033569336
51819,46,2,93.77000141143799
34839,279,1,122.59999847412108
87368,294,1,14.970000267028809
71716,616,1,275
44749,1431,1,139.99000549316406
50345,1002,1,58
856,610,1,82
66120,531,3,332.939998626709
17713,11,2,230.98999786376953
33488,918,1,79.94999694824217
23455,39,1,15.4399995803833
50468,198,1,48
67325,259,1,236.98999977111816
81772,6,1,55.2599983215332
71593,792,1,82.98999977111816
16485,789,1,44
91567,849,1,7.989999771118163
15157,183,1,178
38961,463,1,250
61537,808,1,17.969999313354492
88888,126,2,196.4000015258789
92841,384,2,222.9399969577789
13591,1415,1,119.02999877929688
27577,6,2,144.31999969482422
36405,268,1,54
3773,1467,1,140
47428,10,1,124.88999938964844
5101,598,1,278.9900016784668
70242,160,1,23
71547,400,1,22.100000381469727
3627,1458,1,188.94999980926514
58981,83,1,2.6700000762939453
82785,588,2,44.989999771118164
80375,142,1,127.95000076293945
16193,787,1,197.9900054931641
35008,6,1,103.97000122070312
68991,430,1,204.9000015258789
13637,763,1,19.989999771118164
47597,159,1,49
92795,161,1,113.8000030517578
57507,193,1,35.9900016784668
4809,1432,1,9.989999771118164
37441,75,1,21
48871,138,2,260.939998626709
53531,834,1,301.4400053024292
40796,1059,1,25
67594,53,1,110
75669,1497,1,73.1500015258789
98483,5,1,52.27999877929688
77673,797,1,27.989999771118164
62934,214,1,299
17982,10,1,29.989999771118164
76107,390,1,45
91759,356,1,27.950000762939453
89970,1124,1,58.9900016784668
10843,2,1,903
24706,470,2,144.17000198364258
31653,1374,1,89.5
40358,211,1,110
26495,361,1,60.9900016784668
33657,9,2,372.1499996185303
67156,218,1,14.989999771118164
40166,1007,1,127.5
5293,523,1,119.98999786376952
38838,878,1,69.98999786376953
52901,2,1,34.9900016784668
17590,1327,1,35.5
39230,1583,1,127.9499969482422
1938,187,1,27.989999771118164
98875,657,1,87.05000114440918
11971,75,2,775.9000015258789
74149,838,1,118
97547,797,1,24
76153,473,1,141
89924,444,1,99
74587,3,2,235.94999694824216
65682,260,1,54
19064,881,1,247.3300018310547
78417,1735,1,550
32137,75,1,148
43206,77,1,155.98999786376953
418,581,1,305.5999984741211
77189,1423,1,101.32999992370605
11925,197,1,36.9099998474121
97501,346,1,64.46000099182129
74195,649,1,260.8700008392334
40604,237,1,81.45000076293945
21958,191,1,43.150001525878906
16800,737,1,107
42270,244,1,448
75861,454,1,25
30571,1462,1,45.95000076293945
19356,28,1,12.989999771118164
75715,312,1,13.600000381469728
73551,33,2,61.94999980926514
41832,714,1,26.5
9369,264,1,79.2699990272522
42914,958,1,49.93999862670898
96027,51,1,47
88258,938,1,147.1300048828125
62044,1386,1,25
85848,69,1,14.949999809265137
53339,56,1,20.950000762939453
26810,341,1,281.9799995422363
11158,18,1,43.470001220703125
85410,406,1,37.9900016784668
47205,216,1,54
14573,114,1,158
55695,608,1,32
72675,1800,1,190
21712,831,1,146
54344,238,1,16.989999771118164
5562,481,2,89.96999931335449
93923,239,1,82
72154,451,1,70.9800033569336
45141,11,1,34.97999954223633
35323,716,1,48
79622,439,1,94
50737,273,1,36.9900016784668
33757,247,1,62.98000144958496
34447,1385,1,9.989999771118164
71985,433,1,128.93999862670898
70780,1453,1,16
87637,11,1,39.5
67079,219,1,22.989999771118164
80690,343,1,19.989999771118164
60601,973,1,52
82662,1088,1,44.950000762939446
80498,815,1,69
47866,71,1,60
69927,534,1,49.9900016784668
56694,757,1,42
11327,613,1,206.58999633789062
50030,1013,1,180.6500015258789
43959,785,1,139.99000549316406
22419,62,2,305.95000076293945
61414,376,1,50.94000053405762
56379,472,1,209.4499969482422
66558,1140,1,189.5
2545,4,1,14
46515,169,1,4.989999771118164
69114,32,2,96.98999977111816
5891,58,1,91.92999958992004
86661,614,1,42
71009,646,2,95
4417,578,1,198
82333,435,1,36
28974,664,1,50
89,1,1,32
7726,93,1,78
47305,509,1,8.649999618530273
52180,922,1,39.5
93800,145,1,19
29366,167,1,100
195,1390,1,136
80767,37,1,22.86000061035156
25536,14,1,39.9900016784668
65307,594,1,34.170000076293945
77458,89,1,55.1599998474121
4288,299,1,152.98999977111816
52572,1315,1,25
30932,1069,1,36.9900016784668
68553,149,1,42.9900016784668
35652,3,1,143
91928,642,2,539.9700012207031
31324,645,1,34.95000076293945
89801,503,1,175.74999809265137
68161,1482,1,45
15549,68,1,22
87245,1486,1,11.989999771118164
12738,731,1,82
96648,225,2,264.39000034332275
94484,166,1,54.66999816894531
25728,1388,1,59.9900016784668
70680,83,1,86.09000015258789
23309,28,1,270
51696,1427,1,51.33000183105469
89409,1195,1,221.0500030517578
75400,393,1,89.98999786376953
32612,1187,1,89
22917,168,1,212.4900016784668
71072,587,1,19.989999771118164
46721,421,1,66
74902,759,1,65
98706,1364,1,89.94999694824219
77066,128,1,815
67969,1273,1,266
27102,28,1,55.079999923706055
53070,77,1,17.950000762939453
9200,106,1,90
42001,82,1,128
6936,52,1,25.950000762939453
29658,380,1,127.5
87053,348,2,177.69000053405762
61085,685,1,36
28576,162,1,40.950000762939446
64331,99,1,383.8299980163574
5854,399,1,64.94999694824219
33986,1362,1,29.989999771118164
8018,11,1,59.5
84889,1057,1,95
52695,207,1,25
18403,109,1,16.989999771118164
65098,181,2,111.9800033569336
85327,133,1,59.9900016784668
83999,570,1,68.98999786376953
35715,82,1,79.9800033569336
55612,83,1,28
23999,271,1,76
93794,75,1,25
75154,869,1,18
56631,628,1,81.94999694824217
17384,13,1,65
82101,172,1,34
43850,8,1,148
74135,152,1,179.94000244140625
57132,824,1,59.27000045776367
24500,21,1,14.510000228881836
8725,296,1,34
96711,50,1,239.94999694824216
64079,590,1,34.880001068115234
6827,559,1,25
55443,135,3,176.26000213623047
31639,214,1,40
78334,539,1,11.449999809265137
38131,396,1,389
15655,740,1,125
5499,492,1,27
61022,578,1,53.38000202178955
62373,18,1,139
21583,10,1,140.00000095367432
34241,45,2,70.17000007629395
63578,212,1,119.47999954223633
44059,15,3,156.01000022888184
89718,273,1,12.989999771118164
92011,314,1,40
54215,727,1,46
26747,1134,1,90.98999786376952
39774,89,1,111
47053,609,1,172
76691,218,1,73.98000144958496
12947,10,1,41.959999084472656
68301,92,1,78.39999961853027
45579,330,2,200.31000137329102
50989,977,1,21.040000915527344
82270,968,1,20.989999771118164
6973,1019,1,25
16883,77,1,12
43023,62,1,44
99459,149,1,61.989999771118164
89549,132,1,140
84076,755,1,134.98999786376953
41294,220,1,16.260000228881836
32721,555,1,50
83744,127,1,43.9900016784668
54361,65,1,39.9900016784668
9575,382,1,38.150001525878906
16737,246,2,51.239999771118164
1500,212,1,5.989999771118164
23876,100,1,32.95000076293945
58297,280,1,34
36030,4,1,25
75609,400,2,196
15718,906,1,31.950000762939453
20046,178,1,30.989999771118164
62496,738,1,118.29000091552734
40856,690,1,77
96857,1033,1,68
15609,466,1,210
75217,683,1,18.989999771118164
19608,601,1,110.0099983215332
16691,107,1,111.95000076293945
7643,876,2,155.95000076293945
32529,7,1,26
85264,732,1,41.989999771118164
79608,262,1,141.06999969482422
78526,1420,1,328
79854,206,1,8.949999809265137
80481,65,1,62.989999771118164
14590,394,1,15.989999771118164
64016,208,1,44.950000762939446
82164,756,1,77.4000015258789
39714,1335,1,13.199999809265137
2582,24,1,69.20999908447266
34301,351,1,29.989999771118164
41440,65,1,55.35000038146973
79353,175,2,68.94000244140625
37112,14,1,17.93000030517578
51221,843,1,20
44932,5,1,9.5
82556,385,1,60.97999954223633
60916,76,1,137.88000202178955
57713,1013,1,28
55549,956,1,243.41999053955078
22356,202,2,139.9900016784668
14782,255,1,21.950000762939453
38586,366,1,101.52999877929688
22602,392,1,172.9199981689453
16110,300,1,51.400001525878906
21520,414,1,124
94109,348,2,269.9799995422363
99519,886,1,119.98999786376952
82602,129,1,46
2436,306,1,58.18999862670898
88012,35,1,49.5
1108,28,2,179.60000228881836
83684,981,1,72.88000106811523
27640,206,1,184.99000549316406
36296,154,1,45
71845,858,1,69.98999786376953
3664,92,1,46
10328,256,1,52
63687,24,1,25.989999771118164
34802,2,1,53.35000038146973
89655,455,1,8.270000457763672
52303,239,1,67
93093,85,1,8.960000038146973
84935,1011,1,5.989999771118164
97292,424,1,35
22210,50,2,99.3799991607666
71324,689,1,179.5
20501,109,1,86.97999954223633
70826,938,1,145.75
24437,467,1,79.5
9117,989,1,56
77298,394,2,128.2000026702881
44666,447,1,84.39000129699707
45685,292,1,95
23418,53,1,114.9900016784668
30365,212,1,65
85719,884,1,25.600000381469727
13053,185,1,56.75
46140,1032,1,29.989999771118164
53279,2,1,62
35967,493,1,144.2400016784668
68078,285,1,249.50999641418454
74570,17,2,137.8799991607666
81019,1538,1,33.9900016784668
44497,225,1,12.989999771118164
23939,1526,1,50
52071,12,1,265
53153,42,1,135
35277,536,1,140
38523,1444,1,46.90999984741211
67909,354,1,282.1100044250488
41769,105,1,31.989999771118164
90631,516,1,55.4900016784668
93877,1364,1,99.98999786376952
9309,426,1,13
91321,449,1,25
34630,81,1,44.9900016784668
8164,502,1,69.5999984741211
29804,131,1,98.01000213623047
95128,11,1,19.989999771118164
90929,209,1,26.950000762939453
90302,617,1,10.989999771118164
77318,1100,1,144
68662,126,1,110
26993,470,1,148
47912,809,1,249.9900054931641
73880,26,2,281.5099983215332
72798,788,1,84.98999786376953
77126,825,1,198
19027,277,1,19.8799991607666
26601,1084,1,87.08000183105469
69552,1551,1,25.280000686645508
48931,243,2,134.97999954223633
70571,11,1,56
47849,106,1,6
48304,38,1,59.5
26664,646,1,18.5
30992,59,1,410
22336,44,1,59.950000762939446
97484,48,2,40
92901,320,1,215
9744,387,1,26.64999961853028
31384,37,1,272.6000061035156
26558,12,1,43.97999954223633
28722,69,1,14.170000076293944
11410,972,1,107.38999938964844
95712,4,1,20.989999771118164
76236,7,2,283.4300003051758
11802,180,1,506.57999420166016
71908,124,1,49.9900016784668
5310,1144,1,212.5
76628,1529,1,97.94999694824216
95022,533,1,51.59999847412109
53906,1811,1,39.9900016784668
54988,38,1,73.45000076293945
97186,856,1,113.9900016784668
79874,670,1,427.24999618530273
48496,772,1,17.989999771118164
69054,230,1,149.97999572753906
27248,154,1,62.36000061035156
75938,1057,2,102.94000053405762
55380,455,1,317.9499969482422
47806,157,1,46.650001525878906
71610,570,1,70.5
51052,574,2,128.55999946594238
34822,1648,1,106.96000289916992
14656,709,2,43.95000076293945
1921,22,2,412.53999519348145
34553,625,3,138.9300022125244
69177,261,1,135
28719,624,1,12.989999771118164
49280,407,1,25
36545,240,1,69.5
28032,904,1,64.3499984741211
2562,386,1,39.9900016784668
49967,753,1,7.96999979019165
26040,26,1,64.5
85470,250,1,36
93296,305,1,6
98251,888,1,58.989999771118164
81958,21,2,90.95000004768372
34507,303,1,32.9900016784668
99771,1124,1,26
65665,871,1,54
18168,3,1,28
40103,310,1,62
17381,250,1,34.970001220703125
95334,4,1,79.4900016784668
35025,549,1,6
83432,319,2,61.27999877929687
5479,1218,1,32
16176,1123,1,89.94999694824217
54281,2,1,23.989999771118164
96731,253,1,169
21649,276,1,50
86990,314,1,12.140000343322754
99725,144,1,206.98999977111816
88905,874,1,25.190000534057617
97733,384,1,22.5
76170,91,1,31.40999984741211
38944,293,1,32
22290,420,1,131.06000137329102
62748,1188,1,66.9900016784668
30116,42,2,55.739999771118164
54922,263,1,139.45000076293945
8304,833,1,58.970001220703125
33110,281,1,30
44889,964,1,93
19688,152,1,131.94000244140625
30431,535,2,122.9900016784668
42333,47,1,28.950000762939453
96854,205,1,14.989999771118164
86034,121,1,30.709999084472656
98769,445,1,102.98999977111816
51410,6,1,67.8700008392334
97687,986,1,59.950000762939446
63063,1116,1,99.5
41500,620,1,14.989999771118164
31072,23,1,49.950000762939446
42974,34,1,329
85393,702,1,243.94999694824216
87385,31,1,4.210000038146973
97418,947,1,22
75483,16,1,310
73614,167,1,69
8350,997,1,28.889999389648445
50282,468,1,32
79997,4,2,99.46999740600586
75088,198,1,7
53448,326,1,32.9900016784668
37547,1412,1,75.4800033569336
28642,161,1,25
22559,714,1,238.97999572753903
9824,125,1,17.329999923706055
58108,1368,1,22.5
87823,628,1,36
22167,211,1,29.989999771118164
58795,44,1,120.48999977111816
9183,40,1,7.989999771118163
42018,1120,1,48.91999816894531
7394,206,1,48
53840,258,1,67.94999694824219
93419,290,1,89
15612,115,1,30.950000762939453
10703,209,1,117.56999969482422
22605,466,1,49.369998931884766
22854,667,1,39.9900016784668
44494,181,1,213.74000549316406
23687,148,1,57.950000762939446
7348,1131,2,207.32000350952148
19250,512,1,239.8600006103516
56837,175,1,34.75
31951,544,1,22
72612,1597,1,159
84514,20,1,34.29999923706055
6561,33,1,38.5
38629,1126,1,52.9900016784668
3080,1262,2,107.97999763488768
33471,89,1,199
70259,34,1,139.99000549316406
62433,81,1,504.3800001144409
46455,312,1,72.2300033569336
56883,481,1,63
49057,625,1,73.36999893188477
24958,452,1,28.600000381469727
13259,358,1,269.98999977111816
83681,6,2,124.48999786376953
68141,433,1,54
90866,194,1,28
2877,99,1,49.950000762939446
25599,666,1,64.98999786376953
89784,8,1,175
92340,134,3,149.94000244140625
91258,33,1,25
89389,470,1,37
90176,736,1,251.72999572753906
91553,145,1,15.1899995803833
60913,1426,1,232
79356,385,1,157.07000350952148
68536,30,1,25
14387,617,1,44.97999954223633
69618,460,1,260
28470,844,1,15
51284,115,1,35.9900016784668
57355,37,1,125.33999633789062
56004,527,2,219.5
85267,18,1,11.079999923706056
43979,1477,1,199.9900054931641
13056,161,1,45.36000061035156
96462,90,2,219.9699935913086
2359,31,1,245.99000549316406
7222,1185,1,51
32028,381,1,25
71656,266,1,72
21380,967,1,101.9900016784668
43412,1076,1,45
38334,419,1,3
33425,123,1,46.489999771118164
26432,10,1,22.989999771118164
70966,506,1,14.989999771118164
41062,604,1,38.52999877929688
10139,19,1,75.9000015258789
6438,338,1,11.970000267028809
46017,85,1,24.950000762939453
5184,6,1,176.29000091552734
54673,166,1,82.4900016784668
15094,471,1,5.989999771118164
7912,20,2,130.70000076293945
89154,114,2,78.96000003814697
5748,21,1,13.25
34633,25,1,129.9499969482422
8665,372,1,69
11470,519,1,99.5
73365,82,2,54.93000030517578
84560,435,1,100.5
41938,126,2,113
88513,451,1,24
93216,569,1,47.360000610351555
44102,101,1,45
33282,256,1,17.989999771118164
75357,4,1,69.94999694824219
650,38,1,237
9306,1433,1,14.989999771118164
85785,119,1,152.9799976348877
65227,55,1,22.989999771118164
73050,81,1,112.5
61148,464,1,45
99851,6,1,88.5
75778,16,2,336.95000076293945
62622,210,1,34.97999954223633
86598,238,1,56.38999938964844
97295,41,2,52
50720,143,1,99.98999786376952
74524,3,1,82.4099988937378
74696,1420,1,109.9499969482422
76688,134,1,34
86475,40,2,257.45000076293945
31244,100,1,70.57000160217285
53966,601,1,39.97999954223633
55191,242,1,69
90740,125,2,72.03999996185303
20816,708,1,25
77756,206,1,44.5
20567,46,1,24.989999771118164
7832,1361,1,40.959999084472656
33551,142,1,10.369999885559082
42207,931,1,397.36000061035156
39147,306,1,14.989999771118164
99253,708,1,76.30000305175781
69492,488,1,23.989999771118164
56508,40,1,43.52999877929688
91132,280,1,124.97999954223633
39588,224,1,79.98999786376953
3206,638,1,114.42000007629395
38506,37,1,89.94999694824217
5356,281,1,90.04000091552734
24205,1032,1,60.97999954223633
20959,390,1,32
5307,87,2,109.51000022888184
2565,1301,1,6.920000076293944
14012,224,1,124.98999786376952
12303,1377,2,279.939998626709
32861,190,1,79.5
8161,659,1,137.75
27637,1081,1,28.5
16817,7,1,10.899999618530272
87743,622,1,32.7599983215332
1277,999,2,147.95999908447266
40229,4,1,9.949999809265137
59754,506,2,66.94000053405762
70574,530,2,216.90999794006342
3441,681,2,159.98999977111816
57590,351,1,55
35901,204,1,84
57149,100,1,155.81999969482422
46329,556,2,194.7100009918213
36591,1568,1,48
50657,105,1,59.9900016784668
58231,492,1,16.969999313354492
69051,58,1,50
45247,1099,1,25
48493,30,2,255.60000038146973
61477,182,1,90.98999786376952
71905,645,1,173.92999839782715
79479,126,1,22.8799991607666
70823,573,1,17.440000534057617
67577,134,1,67.98000144958496
55675,4,1,28.989999771118164
60521,399,2,189
57604,311,1,219.93999862670898
22980,1294,1,89.08000183105469
85659,945,1,34
77833,1470,1,39.9900016784668
98062,94,1,125
49137,644,1,83.5
81769,276,1,23.5
66449,710,1,24.989999771118164
99081,156,1,27.989999771118164
42190,731,1,38.970001220703125
58483,1657,1,112
93107,109,1,53.01000213623047
91115,161,1,18.950000762939453
70385,438,1,200
78712,838,1,183.98999977111816
43163,217,1,167.95000076293945
20441,15,1,67.5
87697,218,1,18
75294,232,1,47
24832,385,1,22.950000762939453
42144,7,1,29.989999771118164
36734,262,1,16.5
59456,279,2,121.11999893188477
52054,4,1,42.989999771118164
79731,58,1,36
97043,138,1,39.950000762939446
70840,2,1,26.989999771118164
42708,1286,1,64.9900016784668
20896,17,1,75.5999984741211
34882,1420,1,103.5
11078,17,1,193.94999694824216
91069,52,2,95.48999977111816
68848,190,2,161.75
80249,401,1,44.9900016784668
62937,1537,1,53.98000144958496
28390,312,1,78.4000015258789
75340,369,1,18.14999961853028
95005,96,1,83
88716,531,1,116.35000133514404
49592,614,1,28
38772,396,1,160.18000030517578
77693,136,1,9.789999961853027
60976,754,1,73.98999977111816
50156,570,2,94.2400016784668
76296,576,1,369.2900047302246
93608,3,1,79.98999786376953
88198,907,1,186.9499969482422
12114,268,1,117.98999786376952
62058,3,1,55.9900016784668
60066,219,1,99.5
38818,5,1,177.98999977111816
23498,577,1,50.289999008178725
6186,9,1,32.9900016784668
34318,407,1,35
5104,336,1,289.3399963378906
37298,221,1,36
18480,215,1,17.950000762939453
54029,930,1,35
57965,127,4,144.29999923706055
96087,52,1,41.25
93468,918,2,323.48999786376953
16050,27,2,73.45000076293945
92589,1396,2,253.9499969482422
50674,233,1,69.64999961853027
81314,12,1,27.71999931335449
31261,1350,1,27
97106,471,1,35.2599983215332
96525,260,1,69
97607,215,1,49
79794,197,1,130
80295,259,1,65
92197,704,1,67.37000274658203
85204,128,2,201
32343,344,1,40
13949,398,1,11.5
81268,785,1,258.4499969482422
65493,368,1,57.950000762939446
85596,759,1,46
80186,180,1,32
62874,156,1,21.299999237060547
58546,1580,1,69.19999694824219
667,803,2,55.57000160217285
7159,58,2,92
72423,13,1,12.989999771118164
21915,108,3,321.8600025177002
63375,906,1,16.950000762939453
94550,1278,1,65.20999908447266
3269,473,1,157.87999725341797
15423,494,1,218
93671,782,1,127
275,218,1,72.89000129699707
12615,182,2,67.60999965667725
23435,1031,1,128.9499969482422
39273,728,1,69.94999694824219
21961,950,1,44.950000762939446
56193,1153,1,54.960001945495605
67766,98,1,45
32217,266,1,39.97999954223633
23561,86,1,14.239999771118164
35134,372,1,159
43790,802,1,194.95000076293945
89798,134,1,84
39854,181,2,201.9900016784668
37862,122,3,328.9799995422363
70777,645,1,9.479999542236328
5230,174,1,432
36153,12,1,37.4900016784668
27497,385,1,25
13886,344,1,107.25
44809,61,1,36
31198,234,1,39.9900016784668
68974,5,1,24.8799991607666
40089,83,1,44
91696,458,1,168.9900016784668
81377,390,1,89.83000183105469
57401,723,2,110.93999862670898
74713,150,1,167.64999771118164
45499,422,1,39.9900016784668
71467,197,1,166.98999977111816
86286,226,1,247.98999786376953
77630,1559,1,44.38999938964844
96416,49,2,286.9799976348877
44480,289,1,35.95000076293945
53136,309,1,50.5
91006,1806,1,39.9900016784668
94424,234,1,17
61792,50,1,74.98999786376953
84059,708,1,49.4900016784668
73176,642,1,25
86,1008,1,46.950000762939446
47036,85,1,13
8742,506,1,108.98999977111816
23232,1,1,34.279998779296875
77896,142,1,136
10640,418,1,30
25788,157,1,280
27952,45,1,120
60584,258,1,86.94000244140625
43100,18,1,15.989999771118164
84388,575,2,136.9900016784668
86552,525,1,49.5
36608,394,1,39.950000762939446
9950,232,1,48.89000129699707
16442,305,1,22.989999771118164
59894,342,1,23
30680,182,1,159
49074,20,2,42
47992,409,1,12.989999771118164
31762,2,1,68.6500015258789
45828,358,2,146.97000122070312
21852,389,1,38.619998931884766
25098,620,1,77
56648,1198,1,99.98999786376952
6704,1264,1,162.25
28516,1486,1,148
15924,1418,1,25
41892,1315,1,899.9700012207031
21334,892,1,12.989999771118164
35400,1331,1,60
24580,55,1,40
12678,30,1,32.900001525878906
94487,555,1,399
4085,515,1,25
34381,373,1,127.98999977111816
25725,62,1,44
44354,1,1,39.9900016784668
57338,338,1,125
65994,10,1,30
61666,341,1,19.520000457763672
83306,10,1,59.45000076293945
42645,593,1,18.979999542236328
89861,142,1,58.56999969482421
86615,601,1,27.989999771118164
72549,676,1,27.950000762939453
95271,8,2,117.90000057220459
59565,408,2,105
90943,750,1,34.9900016784668
63893,41,1,38.9900016784668
81205,42,2,140
86850,330,1,75
91178,20,2,195.00000190734863
72157,37,1,16.989999771118164
86223,167,1,99
90551,1140,1,69.98999786376953
98125,348,1,82.5
13823,722,1,32
20315,261,1,61.150001525878906
31135,1638,1,29.979999542236328
18151,1148,1,3.75
37627,955,1,84.98999977111816
35463,862,1,199.94999694824216
24643,157,1,7.989999771118163
15987,445,1,59.9900016784668
5167,570,1,53.739999771118164
39791,499,1,243.94999694824216
3003,357,1,110.30000305175781
41955,362,1,88.52999877929688
33299,932,1,953.8800010681152
58875,28,1,39.9900016784668
19923,128,1,25
61039,156,1,28
48055,954,1,94.45000076293945
65367,88,1,58.9900016784668
30743,392,1,59.9900016784668
17759,781,1,13.489999771118164
20707,378,3,391.99000549316406
19625,129,1,8.989999771118164
18543,858,1,118.95000076293945
22871,1261,1,11.960000038146973
5559,347,1,21.979999542236328
21789,755,1,38.150001525878906
149,65,1,104.70000076293945
1231,507,1,59.5
13133,503,1,25
7162,459,1,13.949999809265137
35549,601,1,109.9499969482422
61019,43,2,108.23000144958496
46956,692,1,65.07000160217285
92323,231,1,94.9900016784668
41122,201,1,45
82267,53,1,61.3700008392334
73777,313,1,59.9900016784668
8513,1149,1,39.9900016784668
17218,87,1,9.449999809265137
93628,682,1,9.949999809265137
76648,1070,1,29.58000087738037
42688,1290,1,160.9300022125244
11384,657,1,64
23,626,1,49.450000762939446
31327,644,1,15.949999809265137
34198,1516,1,43.03999996185303
86704,223,1,79
97942,291,1,112.86000061035156
49658,111,1,11.989999771118164
29761,896,1,50.66999816894531
18523,278,1,117.72999954223633
1543,753,1,112
69,72,1,44.650001525878906
82313,1343,1,84
45390,115,1,54
28410,390,1,294.98999977111816
76694,404,1,45.9900016784668
51132,1685,1,33.75
56751,111,1,24.989999771118164
82436,743,1,25
22791,367,1,99
58271,1022,2,64.55000019073486
35380,73,1,239.9900054931641
38297,1020,1,49.950000762939446
26890,177,1,147.1300048828125
80747,348,1,24.96999931335449
14470,607,2,85.3499984741211
36731,4,1,25
90880,88,1,39.43999958038331
11599,422,2,127.95000076293945
37069,372,1,69.98999786376953
56920,837,1,29.989999771118164
45436,116,2,89.7599983215332
93505,208,1,183.5
80793,1346,2,176
69386,152,1,119
46910,3,2,208.88999938964844
78214,379,1,236.83999633789065
36900,11,1,49
79688,23,1,79.98999786376953
90926,461,1,29
14424,689,1,399
36777,689,1,81.03000068664551
55108,524,1,16.690000534057617
24480,82,1,27.950000762939453
91985,1222,1,176
4168,644,1,153.98999786376953
75420,1167,2,115.5
26721,67,1,80
41045,574,1,36.9900016784668
29638,4,1,49.9900016784668
77922,259,1,94.42000198364258
62293,19,2,62.4900016784668
8390,88,2,128
68281,235,1,149.9900016784668
56674,72,1,21.989999771118164
28702,530,1,43.290000915527344
42811,42,1,158
24019,514,1,89.98999786376953
40999,223,1,6.96999979019165
1297,655,3,275.13000297546387
21609,130,1,98.9900016784668
98188,85,1,36.400001525878906
315,501,1,47.9900016784668
5934,86,1,48.45000076293945
50886,815,1,97
11676,3,1,166.94000053405762
76940,3,1,17.950000762939453
45513,127,1,8.760000228881836
59837,1110,1,44
26000,199,2,65.95000076293945
97650,434,3,132.5
21317,461,1,25
74836,1240,1,119.9799976348877
52698,450,1,224.28999519348145
43793,918,1,19.989999771118164
62539,51,1,59.5
20089,650,1,86
5980,32,1,30.950000762939453
11138,398,1,55.98000144958496
96376,523,1,14.989999771118164
74238,26,1,30.600000381469727
75128,1666,1,83.55999755859375
95194,276,1,110.25
74882,695,1,45
21025,4,1,14.949999809265137
8436,218,2,154.9499969482422
73946,780,1,6.440000057220459
20043,66,2,201.7900047302246
8682,153,1,129
87717,104,1,17
74192,8,1,8.880000114440918
76356,92,1,54.900001525878906
77584,5,1,47.989999771118164
81331,750,1,149.5
23727,355,1,98.98999977111816
72011,195,1,17.989999771118164
97481,12,1,12
27474,126,1,113.04000091552734
18154,637,1,83.36999893188477
15237,1095,1,78.91999816894531
56336,1006,2,62.710000038146966
93259,11,2,133.98999786376953
14716,4,1,43.96999931335449
73316,795,1,42.9900016784668
96130,818,1,36.950000762939446
3355,81,1,25
63000,100,1,39.369998931884766
52990,353,1,101.92999935150146
9449,24,1,233.52000045776367
1128,182,1,39.950000762939446
8098,116,1,473.75
71321,293,1,79.98000144958496
9143,13,1,6.610000133514404
39402,610,1,39.950000762939446
43103,185,1,54.9900016784668
71842,620,1,7.989999771118163
37959,259,1,67.45000076293945
15406,1148,1,903
24726,545,1,69.94999694824219
17985,201,1,19.989999771118164
58686,1035,1,233.42999935150146
67099,658,2,45
58609,1038,1,69
89160,216,1,67.9900016784668
26077,81,1,2.950000047683716
3478,631,2,280.75999641418457
99831,461,2,135.9900016784668
39233,134,1,58.809999465942376
34782,58,1,145
65748,481,1,19.989999771118164
11968,597,1,114
90511,143,1,30
57043,636,1,159
91218,607,1,25
84554,457,1,46.90999984741211
60481,393,1,43.98000168800354
47325,1042,1,61.98000144958496
94441,856,1,44.79999923706056
80624,1128,1,176.23000144958496
55738,349,1,89.98999786376953
67222,252,1,36.880001068115234
4045,652,1,44.9900016784668
23252,485,2,336.1300048828125
27949,712,1,59.950000762939446
5350,47,1,18
93090,138,1,327.5999984741211
34490,943,1,105.55999755859376
45851,670,2,165.9300012588501
81729,341,1,149
68573,470,1,28.579999923706048
25416,1377,1,9.989999771118164
57335,123,1,266.1800003051758
78752,585,1,19.989999771118164
66930,37,1,284
58025,29,1,17.989999771118164
75835,1,1,59.9900016784668
32555,1431,1,135.97000312805176
13073,984,1,79.98999786376953
20212,106,1,8.979999542236328
65164,15,3,148.8799991607666
5058,350,2,230.0399990081787
90634,851,1,22.989999771118164
42350,15,1,34.29999923706055
61832,1144,1,36
30989,7,1,20
53803,87,1,10.75
75941,1663,1,25
81208,757,1,81.95000076293945
35011,571,2,40.5
78291,874,1,14.949999809265137
64474,461,1,32.97999954223633
40584,664,1,43.889999389648445
14945,749,1,69.5
19336,98,2,621.5599994659424
99539,29,1,9.989999771118164
47554,1802,1,148
55277,11,1,259.25
38712,711,1,12
27643,949,1,163.0900001525879
73087,94,1,36.950000762939446
81500,368,1,54
66346,172,1,69.98999786376953
60252,432,1,34.970001220703125
6103,199,1,25.979999542236328
94335,613,1,139.99000549316406
85722,86,1,94
17464,1505,1,29.989999771118164
33737,332,1,23.450000762939453
96499,552,1,43.5
76525,118,1,89.94999694824217
48891,475,1,39.450000762939446
78689,225,1,97.94999694824219
66054,266,2,50.989999771118164
54985,214,1,12.5
18938,320,2,142
27935,254,1,102
7869,164,1,122.94999694824216
83956,23,1,59.5
95609,219,1,50.010000228881836
17756,170,1,7.989999771118163
8559,1544,1,109.97000312805176
96791,1010,2,491.6699905395508
44806,549,1,124.98999786376953
53511,35,1,24.090000152587887
98955,5,1,216.5
10723,265,1,11.079999923706056
74069,1366,1,65
73256,183,1,43
80086,134,1,43.60000038146973
39296,736,1,83.98999786376953
76173,375,1,114
15177,1271,1,262.9400005340576
57627,394,1,169.99000549316406
68988,86,1,84.5
66117,32,1,23.89999961853028
8038,775,1,161.98999786376953
25018,767,2,178.9900016784668
3770,353,1,109.98999786376952
97375,29,1,284
41812,619,1,83.0999984741211
4766,163,2,55.30000114440918
19090,217,1,142.98999977111816
80395,379,1,101.7699966430664
81391,864,1,115.45000076293945
40123,32,1,6.980000019073486
67514,16,1,59.5
33631,6,1,434.97000885009766
87488,761,1,170.38000297546387
3601,1032,1,95.22000312805176
61586,360,2,21.979999542236328
43395,8,1,69.19999694824219
4812,563,1,109.98999786376952
46266,197,1,33.9900016784668
39110,805,1,25
9435,1107,1,129.17999935150146
80226,693,1,79.9000015258789
70199,63,1,40
10786,274,1,24
94195,38,2,138.29000091552734
56399,201,1,42.989999771118164
6455,200,1,25
22270,1293,1,99.95000076293945
6286,385,1,149.98999977111816
91616,136,2,122.7400016784668
43564,419,2,256.73000717163086
77647,1493,1,125
7514,79,1,237.98999977111816
12383,321,1,19.989999771118164
27703,138,1,28.989999771118164
46097,26,1,26.5
79748,377,1,29.89999961853028
51361,1070,1,21.950000762939453
46203,36,1,169
13903,590,1,135.8400001525879
37653,298,1,33.95000076293945
36362,231,1,95.53000164031982
33030,279,1,59.9900016784668
46512,26,1,32.5
25001,133,1,25
27872,893,1,35
64119,530,1,12.399999618530272
63123,1293,1,95.4799976348877
96774,760,1,137.55000019073486
53236,753,1,59
63229,113,1,49.880001068115234
2542,181,1,56.5300006866455
34842,1191,1,158
3707,14,1,179
95778,212,1,59.9900016784668
58901,1060,1,19.989999771118164
85891,523,2,120.48000144958496
91510,436,1,182
36316,1055,1,188.92000007629395
86887,962,1,3.799999952316284
31988,1042,2,68.78999900817871
23143,96,2,126
45619,176,1,150.75
3169,16,2,103.9900016784668
16651,762,1,115.98999786376952
1005,407,1,181.9499969482422
73010,293,1,104.01000213623048
77338,162,1,55.97999954223633
64597,131,1,86.51000213623048
31556,81,1,39.5
16989,77,1,84.9900016784668
44729,24,1,378
49598,562,2,192
66867,139,1,89.5
64703,16,3,61.21000099182129
8144,125,2,131.98999977111816
17925,124,1,32
35778,31,1,27
78228,688,1,48
51762,295,1,335
33614,423,1,19.989999771118164
90173,208,1,128
63369,287,1,308.45999908447266
30620,287,1,48.59000015258789
65977,8,1,99
82207,54,1,41.400001525878906
61895,37,1,75
9372,409,2,184.43999862670898
50488,1357,1,46.87999916076661
43501,61,1,138
32094,1248,1,154.45000076293945
94504,869,3,250.64999961853027
98832,185,1,246.37000274658203
94258,668,1,598
22207,261,1,323.7199993133545
89635,75,1,14
17879,366,1,201.35000038146973
93568,1007,1,46
16067,1098,1,18
12320,231,2,290.94000244140625
55031,273,1,92.98999977111816
11324,835,1,22.989999771118164
80976,306,2,300.98999786376953
97790,81,2,68.95000076293945
23206,1527,1,24.989999771118164
94089,346,1,31.350000381469727
5396,11,1,325
11845,779,1,16.190000534057617
19505,182,1,25
33093,993,1,15.989999771118164
94779,771,1,97.90999984741211
79290,208,1,52.86000061035156
59728,481,1,103.5
86950,683,1,19.5
36010,805,1,25
34089,89,1,182
55815,247,1,228.0200080871582
26123,247,2,164.99000549316406
52804,578,1,89
84723,763,1,42.9900016784668
55337,482,1,35
73362,1435,1,361.5
67929,50,1,98.42000198364258
47202,214,1,238.97999572753903
49366,433,1,164
76585,208,1,104.96999931335449
17232,74,1,16.950000762939453
16757,61,1,310.7900047302246
83724,141,1,129.99000549316406
77232,1521,1,54
92552,1490,1,54.5
7929,206,1,109.9000015258789
34567,464,1,41.97999954223633
75068,96,1,20
1437,137,1,57.989999771118164
55984,250,2,23.90000009536743
35841,115,1,25
89867,418,2,113.63999938964844
29177,829,1,33
69140,288,1,149
62476,205,1,161.95000171661377
76542,339,1,99
29867,603,1,199.44000625610352
21211,67,1,34
47892,1753,1,29.209999084472656
18506,718,1,129.9900016784668
23375,61,1,45.989999771118164
52589,14,1,22
50425,660,1,127
13488,1689,1,58
49535,87,1,20.950000762939453
25476,868,1,91.43000030517578
85476,206,1,39.9900016784668
89804,1853,1,378.9900016784668
96253,247,2,128.9900016784668
81148,364,2,72
6349,753,1,29.850000381469727
14009,15,1,14.989999771118164
21042,187,1,914.9899997711182
29698,170,1,129.95000076293945
91925,1191,1,28
75111,492,1,13.199999809265137
53651,210,1,85.41999816894531
2711,131,1,42
62307,742,1,29.5
56568,15,1,21
93442,63,1,101
85782,303,1,24.89999961853028
84786,244,1,189
3538,77,1,247.46999549865723
92615,1115,1,104
38174,597,1,51.75
64228,82,1,167
35257,179,1,198.73999977111816
35320,2,2,73.96999931335449
60206,359,1,16.989999771118164
72194,1290,1,97.87999725341795
38652,244,1,189
74899,220,1,25
16926,101,1,240
63538,825,1,10
79227,1098,1,260.5500020980835
23959,121,1,78.98999977111816
54447,142,1,25.89999961853028
47955,1025,1,306.9499969482422
50119,859,1,29.979999542236328
2754,314,1,39.989999771118164
93399,462,1,166.59000396728516
39542,242,1,10
75589,193,1,20.950000762939453
56611,1154,1,55.02000045776367
82081,26,1,80.6500015258789
46034,366,1,142.04999923706055
48198,619,1,33.97999954223633
71367,282,1,138.23999977111816
99001,4,1,118
84892,105,1,79.5
26950,615,1,80.72000122070312
20458,147,1,15.989999771118164
7623,42,1,31
90694,40,1,14.989999771118164
86366,178,1,9
50903,178,1,25.959999084472656
62954,94,1,25
38068,233,1,51.020000457763665
21838,492,1,43.619998931884766
51593,59,1,17.59000015258789
55921,88,1,18
24002,728,2,257.1800003051758
49429,27,1,36.079999923706055
76479,220,1,34.9900016784668
3249,403,2,235.04000091552734
76339,60,1,289
6166,41,1,13.590000152587892
40126,533,1,9.989999771118164
53525,341,1,142.94000244140625
73422,863,1,18.100000381469727
93983,41,1,43.9900016784668
74773,772,1,92.9900016784668
81271,50,2,368.3300018310547
43684,565,1,99.98999786376952
92632,544,1,197.97999954223633
35858,166,1,35
89097,3,1,89.94999694824217
23833,840,1,48.97999954223633
97587,24,1,39.5
18878,215,1,66.97000122070312
67803,464,2,243.92999935150146
45081,69,3,199.04000282287598
68467,37,1,178.4700002670288
6120,295,2,309.4400005340576
82622,134,1,450
48662,832,1,42.9900016784668
45745,102,1,17.989999771118164
99107,20,2,287.8300037384033
51487,507,1,10.5600004196167
55091,161,1,48
61374,574,1,130
66329,1059,1,268.98999786376953
1729,142,1,24.89999961853028
50013,18,1,7.989999771118163
30803,1417,1,68.85000038146973
50700,507,2,168.9900016784668
28224,19,1,32.95000076293945
93488,32,2,477.6800003051758
96067,749,1,34.9900016784668
86226,519,1,49.5
7640,891,1,109.79000091552734
64414,1132,1,65.96999931335449
61543,540,1,14.989999771118164
52715,345,1,72.1500015258789
30926,291,2,505.99000549316406
53571,268,2,320.98999977111816
51656,789,1,80
31759,1785,1,102.98999786376953
19442,281,1,64.94999694824219
65473,228,1,110
10219,134,1,42
7686,174,1,42.5
41646,587,1,196.17999267578125
20916,184,1,25.950000762939453
95549,539,1,49.9900016784668
54753,369,1,49.5
18924,655,1,42
82250,1060,1,26.89999961853028
59685,612,2,63.95000076293945
70843,104,1,104.5
12077,708,1,30.86000061035156
96562,3,1,158.48999786376953
65934,21,1,40.880001068115234
5828,1199,1,62.33000183105469
67511,69,1,59.900001525878906
73760,212,1,198
5579,27,1,11.960000038146973
48954,65,1,11.949999809265137
63017,593,1,23.729999542236328
54527,206,1,30.979999542236328
13654,907,1,117.47999954223633
42705,323,1,32.5
88759,545,1,71.9900016784668
92091,3,2,99.94000244140625
97249,1022,1,73.97000122070312
61002,142,1,27.989999771118164
59482,536,1,99.56999969482422
94106,117,1,11.279999732971191
65888,202,1,108.23999977111815
31264,129,1,24
90279,1817,1,59.94000053405762
54573,714,1,24
16940,91,1,106
83186,113,1,40.989999771118164
89592,503,1,65.9900016784668
66870,470,1,144
23541,222,1,36.9900016784668
34902,29,1,46.9900016784668
10016,113,1,62
55509,488,1,27.989999771118164
90820,310,1,103.95999908447266
33720,36,1,55
36714,14,1,245
95729,352,2,240.98999977111816
82745,3,1,79.98999786376953
88656,334,1,392.8899955749512
79751,1862,1,90.3000030517578
34799,590,1,64.42000007629393
79164,813,1,85.9800033569336
69031,6,3,239.92000198364258
47096,8,3,286.0299987792969
69369,1072,1,43.859999656677246
56047,193,1,33
2144,43,1,138.98999977111816
12472,618,1,37.36000061035156
69910,32,1,376.1999969482422
68390,211,1,88.92000198364258
59977,200,1,48.97999954223633
14533,476,1,79.94999694824217
11536,1054,1,79
91112,27,1,70
13700,1278,1,56.85000228881836
47142,179,3,186.5
4059,134,1,84.26000213623048
69864,662,1,22.989999771118164
46601,1328,1,296.04000091552734
81225,263,2,36.90000057220459
4600,937,2,376.3599967956543
26535,761,1,25
58503,394,1,12.100000381469728
57962,181,1,43.6599998474121
35240,641,1,76.30000305175781
19150,281,1,58.970001220703125
3000,83,1,54.989999771118164
57521,158,2,180.99999809265137
6581,1002,1,84.98999786376953
14241,807,1,11.989999771118164
22897,1235,1,120.46999931335449
51118,101,1,94.08999633789062
16233,1186,1,116.60000228881836
64517,1110,1,55
21331,218,1,60
55506,643,2,254.28000259399414
12675,1079,1,382.98999786376953
21165,414,1,71.98000144958496
95964,661,1,88
37481,493,2,121
46850,402,1,13.520000457763672
91032,3,1,29.950000762939453
37175,129,1,163.93000030517578
30511,1130,1,69.5
61646,1109,1,35
71799,393,1,12.989999771118164
72366,144,2,155
58423,792,1,698
91338,256,1,57.9900016784668
63661,107,1,57
81686,1579,1,18.020000457763672
69784,550,1,192.4700002670288
77985,23,2,74.98000144958496
61128,978,1,24.9399995803833
98002,1508,1,20
89346,640,1,153.45000076293945
70325,41,1,65
37716,81,1,49.79999923706056
28639,4,1,76
48536,291,1,27.950000762939453
41795,525,1,249
39708,545,1,134.97999954223633
12134,244,1,46.5
9970,264,1,30.979999542236328
61912,1270,1,81.77999877929688
1314,1463,1,117
74404,198,1,46
97667,415,1,44
9804,552,1,26.950000762939453
65058,167,2,107.40999794006348
51902,235,1,4.010000228881836
29180,471,1,297.88999938964844
6458,558,1,13
52466,114,1,30
55171,422,2,120.61000061035156
11842,572,1,316.98999977111816
8055,589,1,54.94000244140625
65991,257,1,98
7932,719,1,139.82999801635742
8745,47,1,9.869999885559082
5164,587,1,159.99000549316406
75586,1,2,68
21729,923,1,98
81835,537,2,141.35000228881836
1832,120,1,164
86767,4,2,35.94000053405762
44022,552,1,36.9900016784668
29993,63,1,69.4000015258789
81978,16,1,17.989999771118164
86306,156,1,211.8900032043457
51241,144,2,205.6500015258789
59897,414,1,12
43581,47,2,141.55999755859375
85536,689,1,94.38000011444092
23023,690,1,47.989999771118164
31679,196,1,128
97879,41,1,29.989999771118164
92506,309,1,34.29999923706055
60587,411,1,78.19999694824217
87551,589,1,265
68616,1142,1,17.950000762939453
68759,270,1,41.41999816894531
70923,1005,1,53
32220,39,2,377.8499984741211
34384,1176,1,29.989999771118164
75008,83,1,272
36299,462,1,125
93737,810,1,173.9000015258789
21151,102,2,234.45000076293945
44563,917,1,160
3939,234,1,259.44000244140625
53760,878,1,29.989999771118164
92171,23,1,208.9900016784668
21792,191,1,223.93999481201172
59562,188,1,169.5
14361,548,1,19.989999771118164
18689,77,1,276.32000732421875
36840,455,1,24.989999771118164
14610,159,1,25.989999771118164
34676,69,1,79.5
68218,233,1,33.060001373291016
22774,354,1,80
13428,955,1,72.96999931335449
35609,1563,1,744.8700008392334
4231,52,1,24.950000762939453
49134,518,1,31.15999984741211
38314,276,1,138.04999923706055
39937,1444,1,25.89999961853028
55280,79,2,393.9199981689453
52363,176,1,124.5
71596,104,1,33.95000076293945
89927,816,3,567.9000091552734
16837,611,1,40
84972,540,1,69
50348,402,1,59.9900016784668
90923,1047,1,272.1499996185303
91802,199,1,46
88931,627,1,29.989999771118164
35028,33,1,31.950000762939453
57318,134,1,85
41998,296,1,59
91942,156,1,33.220001220703125
38085,17,1,39.989999771118164
80040,435,1,9.989999771118164
4457,83,1,44.9900016784668
63724,343,1,26.940000534057617
41002,25,1,59
31115,75,1,69.94999694824219
47431,344,1,7.610000133514403
87010,1287,1,163.3000030517578
70694,103,1,21.989999771118164
26724,929,1,49.5
72091,128,1,162.4499969482422
31633,705,1,39.9900016784668
80919,423,1,83.36000061035155
18234,79,1,119
29054,164,1,26.989999771118164
90405,56,1,24.989999771118164
68201,941,1,32.5
2937,606,1,19.989999771118164
22788,36,1,51.989999771118164
5476,283,2,444.9799995422363
96333,412,1,218.98999786376953
67637,808,1,47.58000183105469
38423,622,1,94.97999954223633
94859,1,1,67.94999694824219
6873,101,1,17.950000762939453
71550,456,1,69.5
16219,499,1,178.03999710083008
71032,779,1,29.50999927520752
54802,286,1,142.94000244140625
65622,261,1,25
50843,113,1,35.95000076293945
77524,86,1,45.989999771118164
62204,506,1,17.049999237060547
88885,132,1,119.5
16156,3,1,4.630000114440918
9326,112,1,35.9900016784668
11828,520,1,103.2400016784668
57859,463,1,36.9900016784668
65685,366,1,79
63764,776,1,14
58855,143,1,127.51000213623048
75171,1408,1,36
4002,183,1,126.95000076293945
19167,1445,1,50
91464,1406,1,49.9900016784668
14839,922,1,39.9900016784668
96419,51,1,9.989999771118164
25204,172,1,80
94796,313,1,36
48905,26,4,449.69000244140625
3956,764,1,44.9900016784668
73548,175,1,25
22608,814,1,485
69220,90,2,212.9499969482422
51822,268,2,57.94000053405762
47494,1239,1,20
29578,5,1,21.989999771118164
53296,279,1,55
65825,340,1,100
14344,623,1,148.6699981689453
52300,88,1,158.9900016784668
99814,1678,1,27.89999961853028
88407,4,1,60
52449,1401,1,61.00000190734863
93322,401,1,59
91401,861,1,101.94000244140625
92735,1324,1,112.5
65582,850,1,13.489999771118164
98835,68,1,34.97999954223633
318,1214,1,70
73697,1556,1,264
6269,1136,1,12
96671,1187,1,112.5
67746,74,2,190.13000106811523
71533,664,1,48
67205,915,1,40
64062,1560,1,64.94999694824219
83538,47,1,139.99000549316406
29681,151,1,182.86000061035156
92781,270,2,200.98999977111816
62141,106,2,94.98000144958496
32927,76,2,139.31000137329102
45911,421,1,25
16697,209,2,124.9900016784668
12369,881,1,99.94999694824216
54175,266,2,257.07999992370605
72028,919,2,128.4900016784668
60667,211,1,39.9900016784668
78520,671,1,49.950000762939446
37945,4,2,92.9800033569336
83389,234,1,10.979999542236328
55798,807,1,9.989999771118164
37404,1222,1,62.5
62290,154,1,36.2400016784668
50929,135,1,46
61600,995,2,293.9900016784668
56691,1158,2,171.94000053405762
69260,1072,1,49.9900016784668
68264,276,1,45
3830,228,1,16
14407,105,1,78
26999,141,1,27
19339,1462,2,48.65999984741211
20335,68,2,112.4900016784668
39356,864,1,42.989999771118164
31696,682,1,90.34000015258789
30700,524,1,72.8499984741211
70279,774,1,251.90999794006348
35655,1529,1,21.38999938964844
54676,200,1,105.58000183105469
86595,237,1,211.95999908447266
11679,211,1,307
36651,1584,1,50
48012,60,1,125
3046,55,3,73.42999839782715
22851,1044,1,33.599998474121094
1125,216,1,10.989999771118164
37670,440,1,34.9900016784668
35443,263,1,19.200000762939453
8762,627,1,12
16422,796,1,117.89000129699707
32738,167,1,107
46804,1183,1,49.9900016784668
21377,169,1,72.4000015258789
72506,332,1,40
37882,955,1,97.9900016784668
46538,190,2,156
40046,642,1,97.48999977111816
29469,136,1,50.989999771118164
18649,74,1,58
20813,208,1,125
59373,1476,1,96.47000122070312
10142,355,1,74.4900016784668
18798,445,1,18
48725,333,1,115
77398,163,1,49.5
68742,275,1,271.45999908447266
66578,45,1,28.950000762939453
57381,620,1,45
57209,30,1,65
53422,1027,1,195
39897,188,1,52.5
49243,94,2,127.95000076293945
42751,1147,1,69
94444,576,1,25
71965,144,1,39.9900016784668
82542,211,1,258.989990234375
72655,130,1,229
82393,957,1,53.9900016784668
79147,1110,1,86.06999969482422
73196,14,1,114.98999977111816
61835,834,1,54
97713,4,1,8
56425,853,1,58
81852,831,1,68
54112,21,1,49.9900016784668
46867,32,1,19.989999771118164
53116,28,1,47.9900016784668
1666,1008,1,2.950000047683716
62768,101,1,111
49784,574,1,24.989999771118164
67096,444,1,56
61772,442,1,53.930000305175774
68115,600,1,49
29163,921,1,50.510000228881836
33491,273,2,119.9000015258789
42147,355,1,91
28536,67,1,155.95000076293945
72443,1379,1,57.400001525878906
45848,232,1,75
53508,360,1,10.170000076293944
30159,179,1,81.26999759674072
34487,301,1,88
7288,5,1,22.950000762939453
4371,215,1,35
27932,906,1,73
10620,71,1,38.09999847412109
36502,512,1,51
52818,675,1,59.96999931335449
14258,906,1,28.059999465942383
8221,307,2,127.4900016784668
2356,382,1,211.80999755859375
20209,372,1,124.5
27242,976,1,99.5
18586,172,1,388.98999786376953
10926,362,1,178.75000190734863
3352,1,1,76
32801,1094,1,25
84494,672,1,128.96999788284302
93150,56,1,125.44999694824217
34965,260,1,54.68999862670898
52034,98,1,12.0600004196167
41457,158,1,98
24145,310,1,139.86000061035156
97478,1734,1,34
54049,584,1,84.48999977111816
71902,602,1,125.04999828338623
56754,986,1,25
60541,585,2,178.98999977111816
65410,336,1,34.9900016784668
61082,1692,1,37.130001068115234
81789,18,1,6.989999771118164
64477,1273,1,55
91527,552,2,124.45000076293945
98019,341,1,56.94000053405762
63395,333,1,218.94999694824216
89363,711,1,14.199999809265137
97776,64,1,54.950000762939446
79625,107,1,34
56903,553,1,39.5
66641,861,1,227
96004,149,1,39.9900016784668
92217,228,2,169
83020,611,1,188
94381,1122,1,89.94000053405762
76528,529,1,61.98000144958496
80315,362,1,29.989999771118164
87348,1228,1,59.9900016784668
73823,586,1,37.4900016784668
90070,45,1,55.989999771118164
92987,411,2,31.969999313354492
47620,217,3,172.0499973297119
14988,902,1,38
20561,783,1,69.5
98560,57,1,67
7826,149,1,59.9900016784668
41809,105,2,141.70000076293945
42024,487,1,55.9900016784668
36190,140,2,162
19210,219,1,99.98999786376952
67494,170,1,42.34000015258789
687,800,1,345
6521,102,1,98
84474,1051,1,77.5
9392,3,1,204.95000076293945
88696,4,1,91.9900016784668
879,1170,1,7.25
83123,31,1,113
95689,158,1,119
33342,160,1,79.9800033569336
39107,328,1,90
51673,320,1,143.9799976348877
37779,468,1,127.08000183105467
22127,137,1,11
94338,78,1,28
46054,238,1,20.989999771118164
77358,131,1,55
99980,211,1,23.950000762939453
2084,4,1,127.97999763488768
70342,10,2,22.979999542236328
72921,424,1,59
47451,345,1,20
81749,87,1,37.989999771118164
50445,930,1,55.7599983215332
78832,834,1,185
37710,944,2,184.05999946594238
27554,505,1,34
60186,259,1,70
756,853,1,38.84000015258789
12140,1086,1,34.95000076293945
71570,20,1,56.9900016784668
58881,1372,1,36.75
47766,80,1,58.880001068115234
36067,167,1,96
70219,152,1,50.95000076293945
70050,661,1,143
47574,123,1,113.6500015258789
37587,857,1,7.849999904632568
68968,203,1,158.27000427246094
78878,443,1,27.989999771118164
81434,655,2,194.5
26326,495,2,20.09000015258789
58835,114,1,54.950000762939446
35031,1106,1,28.5
68745,10,3,188.42000007629395
47720,8,1,105.82999992370605
48802,108,1,189.1200065612793
80352,280,3,411.98999977111816
36113,249,1,12.989999771118164
2399,63,1,652.8299961090088
26203,896,1,11.899999618530272
57630,1388,1,149
95981,1011,1,77.06999969482422
29389,380,2,189.65999984741208
99811,38,3,60.989999771118164
7749,1321,1,134.9499969482422
9077,24,1,25
13737,76,1,117.63000106811523
59104,530,1,99.28000259399414
93087,164,2,383.98999786376953
564,358,1,125
65828,953,1,14.5
25167,1189,1,68
43498,1207,1,59.450000762939446
66220,87,2,95.9900016784668
43252,604,1,207.41000175476074
74295,283,1,68
57315,602,1,25.459999084472656
26687,395,1,14.699999809265137
72967,359,1,85
7703,32,1,29.989999771118164
71885,534,1,157.5
68530,699,1,74.97000122070312
28951,517,2,137.44000244140625
94461,207,2,475.70000553131104
7557,9,1,120
13299,240,1,26.979999542236328
50591,1041,1,54
77481,466,1,74
43644,10,1,75
74925,84,1,22.5
33465,205,1,59.5
64746,1738,1,6.96999979019165
73359,348,1,14.600000381469728
5439,95,1,54.9900016784668
88550,634,1,79
33073,1165,1,37.950000762939446
10597,153,1,38.619998931884766
9615,306,1,79
30763,176,2,80.97999954223633
39422,654,2,226.9300022125244
54321,467,1,132.66000366210938
53239,1161,1,25.989999771118164
31845,1337,1,208.89999389648438
76897,3,1,226.64000034332275
18174,539,2,224.45999908447266
75815,1356,1,74.9799976348877
74733,1550,1,75
41978,692,1,25
30863,1090,1,130.61999988555908
6083,8,1,90.98999786376952
34470,1085,1,25
81165,821,1,39.9900016784668
49363,61,1,375.77000427246094
27331,990,1,23.700000762939453
79814,604,1,59.989999771118164
23870,491,1,9.5
20169,606,1,9.989999771118164
15380,415,1,85.24999952316284
13030,171,1,19
22519,605,1,11.989999771118164
25765,442,1,170.00999450683594
25436,106,1,35.95000076293945
82041,207,1,108.79999923706056
41417,308,1,36.9900016784668
7434,78,1,32.9900016784668
36820,123,1,38
95297,459,1,18.270000457763672
23086,488,1,106.6500015258789
13906,220,1,22
80996,85,1,155.98999977111816
91152,469,1,23.950000762939453
22396,373,1,32.4900016784668
16070,115,1,105.4000015258789
91075,559,1,74.9800033569336
2837,235,1,140
65184,943,1,39.9900016784668
48364,1401,1,49.9900016784668
99167,205,1,187.53999710083008
50053,599,4,396.9900016784668
43936,796,1,25.829999446868904
47889,541,1,74
9976,544,1,53.97999954223633
69904,312,1,44.9900016784668
71301,384,1,29.989999771118164
82370,642,2,322.19000244140625
95105,966,2,88
25934,829,1,98.9800033569336
48656,328,1,176
68055,786,1,61.44000244140625
94023,587,1,44.5
15778,571,1,39.9900016784668
45333,1165,1,47.950000762939446
37195,128,1,93.68999862670898
17252,60,2,116.9000015258789
89303,92,1,30
92549,622,1,58
27408,566,1,10.989999771118164
59917,379,1,35
4686,258,1,37.950000762939446
90385,387,1,109.9900016784668
14596,1394,1,105.48999977111816
61122,1113,1,156.85000228881836
34072,330,1,25
2522,546,1,32.459999084472656
70096,502,1,83.03000164031982
54444,1358,1,34.9900016784668
9990,1331,1,165
41211,35,2,473.3899908065796
63349,7,1,18.989999771118164
67179,310,1,8.760000228881836
84597,68,2,443.9700012207031
39645,6,1,128
2353,330,1,24.989999771118164
88427,685,1,41.9900016784668
18005,100,1,111.76999855041502
77650,69,1,44.119998931884766
54836,686,1,81.94999694824219
10866,482,2,202.29999923706055
14367,977,1,60.75
80959,520,1,30
61975,525,1,10.989999771118164
84205,89,1,158
48158,955,1,449.4800033569336
52486,349,1,29.989999771118164
97524,85,1,43.950000762939446
39943,37,1,109.2599983215332
76276,195,1,24.989999771118164
24291,29,1,25
31238,1317,1,517.2699966430664
86469,551,1,297.9799995422363
5270,196,1,35.95000076293945
61583,547,1,10.989999771118164
82141,273,1,239.27000045776367
6744,1197,1,69
8908,668,1,139.93999862670898
51198,96,1,36.9900016784668
85679,1072,1,108
29950,503,1,76
96548,7,1,247.3400001525879
42891,1202,1,36
53754,556,1,59.5
64039,1119,1,12.949999809265137
87843,630,1,163
32114,471,1,15
83515,1050,1,58
84789,1597,1,68
83707,7,1,270.9499969482422
21935,77,3,151.44999980926514
73136,696,1,120
86953,691,2,286.56000328063965
96940,515,1,121.47000122070312
97332,438,1,49.5
50806,311,1,119
51888,124,1,46.220001220703125
73528,30,1,15
95168,520,1,13.5600004196167
72446,60,1,52.33000183105469
99496,107,1,37.900001525878906
64102,130,1,18
92157,383,1,84
56608,14,1,4.579999923706056
89572,772,1,15
9913,9,1,99.98999786376952
46790,865,1,49.5
72260,1039,1,37.2599983215332
48473,461,1,37.950000762939446
35692,356,1,50.940001487731934
23003,34,1,34.5
32489,1110,1,98
51012,13,2,177.25000381469727
52672,26,2,174.9900016784668
31161,134,1,149
42854,647,1,117.98999786376952
93462,376,1,79.98999786376953
68324,152,1,19.989999771118164
17169,222,1,25
46744,1249,1,24
75131,968,2,83.5
73966,1207,1,180
53737,27,2,126
69721,731,1,19.950000762939453
29764,1091,1,103.9800033569336
96688,773,1,126
20086,750,1,45
58128,1320,1,19.989999771118164
15463,370,1,56
8516,195,2,263.8899974822998
96379,89,1,15.899999618530272
25828,551,1,7.5
75440,209,1,46.7599983215332
42353,104,1,66
2774,990,1,20
35552,101,1,78
30969,47,1,24.989999771118164
34218,1653,1,44.5
39797,633,1,124.98999786376952
48281,157,1,168.29999828338623
8748,575,1,30
29718,1032,1,46.98000144958496
4248,45,1,41
1586,570,1,90
63601,797,1,10.970000267028809
2914,750,1,10.880000114440918
21560,777,1,142.34000396728516
86824,42,1,1115.5899982452393
52864,448,1,95.8199996948242
28413,190,1,90
69529,137,1,16
21606,336,1,99.98999786376952
4294,830,1,8.989999771118164
50820,716,2,64.97999954223633
44328,644,1,132
76714,72,1,338.94000244140625
16860,789,1,159
34172,845,1,65
75632,883,1,139.99000549316406
26770,40,1,97.93999671936034
66804,796,1,89.9900016784668
88098,260,1,129.99000549316406
70909,1,2,44.14999961853028
87016,371,1,38.57000160217285
93631,287,2,34.94999980926514
83598,1385,1,136.8999977111816
55466,322,1,15.279999732971191
93508,342,1,39.5
45556,1012,1,39.4099998474121
33717,1437,1,244.5
5330,614,1,37.97999954223633
95151,1345,1,29.989999771118164
39860,168,2,239.8799991607666
44188,393,1,68
68447,49,1,92.5
91796,290,1,14.989999771118164
66658,36,1,50.5
86970,184,1,19.989999771118164
72277,1518,1,20
97853,69,1,107.93999671936034
48327,345,1,12.970000267028809
93525,15,2,85.89000129699707
47826,288,1,119.48000144958496
31015,171,1,34.5
19854,10,1,23
29933,535,1,190
43890,3,1,208.9300079345703
16545,517,1,45
1692,204,3,226.97000312805176
91215,62,1,49.5
25951,943,1,199.9900054931641
68493,87,1,14
89887,13,1,133.5
19004,426,1,2.950000047683716
33963,592,1,45.1299991607666
7497,127,2,79.48999977111816
83830,1347,1,160.98999786376953
49947,3,2,207.75
10159,744,1,39.880001068115234
86386,772,1,44.900001525878906
56877,308,2,213.98999977111816
35237,557,1,34.97999954223633
33571,75,1,189
50883,641,1,79
55211,334,1,36
90714,235,1,14.5
49993,9,1,70
48911,317,1,82
99373,792,1,62.06999969482422
6223,145,1,129
38715,113,1,176.95000076293945
32881,354,1,35.9900016784668
81497,42,1,99.98999786376952
84414,338,1,161
35798,372,1,68
31862,134,2,138.95000076293945
40020,7,1,97.94999694824216
95798,347,1,130.9900016784668
14052,87,1,38
20999,240,1,9
46163,66,2,31.34999942779541
25104,87,1,62.98000144958496
19694,305,1,64.80000305175781
13362,732,1,187.7400054931641
13531,233,1,19.989999771118164
42416,256,2,114.4799976348877
18772,54,1,130.3400001525879
62974,573,1,100
16777,702,1,68
45662,839,1,24.989999771118164
53345,68,1,143.34000205993652
41726,934,1,84.5
83014,547,1,10.789999961853027
93379,582,1,286.98999977111816
74358,1165,1,33.81999969482422
31078,46,1,9.970000267028809
20713,1779,1,9.949999809265137
70657,14,1,44
63993,824,1,129.9499969482422
34779,453,1,32
38025,275,1,175
79768,1457,1,66.29999923706056
8078,696,1,59.5
32054,293,1,89.5
58520,1067,1,56
5914,1048,1,29.989999771118164
25390,1375,1,81.9900016784668
94544,123,2,202.73999977111816
11304,46,1,313.4800033569336
49100,607,1,169
82685,954,1,15
64640,209,2,237.95999717712402
65722,253,1,79.17999839782715
79960,1554,1,25
97272,572,1,26
59794,1054,1,71.06999969482422
43392,17,1,169
6604,445,1,224.94999694824216
53130,148,1,26.979999542236328
29326,286,1,62
77106,406,1,148.47000122070312
3358,241,1,214.63999938964844
53302,4,1,59.16999816894531
27162,3,1,209.47999954223633
46638,1084,1,14.989999771118164
36551,476,1,303
7666,466,1,137.47999954223633
30800,810,1,248.89000129699707
26472,657,1,108
66349,195,2,92.04000091552734
11994,59,1,48.869998931884766
40879,23,1,32.75
87989,28,1,24.989999771118164
2021,241,2,193.75
1523,951,2,115
83269,383,1,30.5
896,322,1,29.989999771118164
78941,66,1,40
23163,172,1,111.92999649047849
97962,899,1,42.9900016784668
16714,466,1,55.650001525878906
81540,1112,1,69
80458,17,1,23
72884,728,1,107.22000122070312
55572,210,1,57.630001068115234
58818,137,1,19.989999771118164
41663,40,1,99.5
23269,63,1,90.98999786376952
40189,73,2,402.9900016784668
61829,206,1,39.9900016784668
54882,237,1,51.18999862670898
18549,320,1,53.11000061035156
82579,490,1,99.98999786376952
63103,80,2,104.9800033569336
2997,58,1,113.8000030517578
80066,750,1,37.890000343322754
99542,166,1,25
86515,231,1,101.95000076293945
2605,75,1,115
4769,7,1,28.39999961853028
22771,248,3,272.4499969482422
48739,131,1,44.450000762939446
46575,3,1,237.9900054931641
45493,21,2,118.55999755859375
43329,394,1,44.5
42247,1108,1,33.97999954223633
24935,409,1,22.989999771118164
60249,1135,1,149.9900016784668
36445,431,1,44.9900016784668
68905,329,1,15.279999732971191
63495,866,1,78
47265,22,1,23.369999885559082
62413,157,1,42
65659,615,1,9.949999809265137
80584,99,1,95
60687,235,1,158
18237,441,1,115.0999984741211
90402,309,1,105.69000244140625
98228,811,1,34.5
45035,281,1,64.94000053405762
93319,129,1,146.05999755859375
15320,57,1,266.93999671936035
39485,658,1,147.9900016784668
98915,71,1,39.5
99794,971,1,80.98999786376953
76980,1411,1,44.989999771118164
44348,367,1,102.48999977111816
42356,322,1,225.58999919891357
81935,1814,1,104
64291,817,1,25
14679,720,1,16
18191,1041,1,75
17358,99,1,181.43000030517578
98274,797,1,200
28101,87,1,24.989999771118164
15366,492,1,21.989999771118164
35171,742,1,139.9499969482422
79018,1472,1,57.63000011444092
99748,132,1,45
21795,134,1,25.190000534057617
23787,1850,1,25
1065,139,1,19.989999771118164
65124,306,1,39.9900016784668
39439,1477,1,44.9900016784668
32492,946,1,105
77026,683,1,298.5
67116,833,1,28.989999771118164
75506,1502,1,93
30139,412,1,38
64763,107,2,50.89999961853027
62771,31,1,84.97000026702881
53694,43,1,160.99000549316406
89569,175,2,232.98999977111816
22313,463,1,82.98999977111816
94839,122,1,708.9899997711182
51387,347,1,39
97710,229,1,14
21626,1257,1,34.65999984741211
86890,50,1,20
87531,227,1,119.9499969482422
85370,313,1,46
31095,518,1,73.20000076293945
8373,34,2,48.10000038146973
98351,994,1,68
64809,351,1,120
52343,590,1,20.229999542236328
19711,361,1,44.950000762939446
64245,828,1,14.989999771118164
96877,1036,1,60
4251,91,1,179.99000549316406
12326,226,1,18.600000381469727
26140,1395,1,43.97999954223633
17235,334,2,456.439998626709
99230,502,1,80
61689,1076,1,24.950000762939453
69515,299,1,37.290000915527344
18314,73,1,49.5
54776,1429,1,39.950000762939446
25702,309,1,189
95921,888,1,304.61000061035156
48516,1072,2,73.81000137329102
38483,108,1,163.94999694824216
56342,4,2,60.489999771118164
85808,255,1,194.9900016784668
40003,1042,2,62.69000244140625
48908,1151,1,40
24182,67,1,79.98000144958496
61643,496,1,12.0600004196167
60169,743,1,120
4938,966,1,69.5
7889,5,1,24.989999771118164
17627,185,1,18.5
61251,658,2,56.44000053405762
48267,382,1,59
27660,460,1,29.989999771118164
95875,25,1,49.5
22064,561,3,433
89492,294,1,28.170000076293945
16402,855,1,69.9900016784668
92237,129,1,34.40999984741211
5333,690,1,46
38042,1281,1,120
11244,350,2,194.45000076293945
87328,115,1,24.450000762939453
50385,410,1,174
13597,158,1,18.950000762939453
47434,37,1,73.98999977111816
91845,210,1,99
66080,348,2,87.7400016784668
89884,499,1,25
92878,49,1,89.48999977111816
2980,260,1,216.90999603271482
57567,1181,1,8.979999542236328
45914,836,1,127.06999969482422
69718,9,2,429.95000076293945
47829,35,1,47.050002098083496
81371,645,1,20.989999771118164
71633,561,1,158
37009,168,1,98
59731,92,1,32.9900016784668
58649,788,1,140
58208,341,2,131.52999877929688
67995,21,1,77.55999946594238
24666,27,2,334.0999984741211
37650,535,1,40
13846,35,1,28
48470,1715,1,53.0099983215332
79897,432,1,53.950000762939446
89930,367,1,115.9800033569336
69077,1011,1,89.95000076293945
88848,996,1,105.55999755859376
36130,679,2,79
63853,467,1,61.010000228881836
96485,532,1,12
10162,678,1,32
47703,290,1,24.13999938964844
69592,560,2,69.94000053405762
60936,333,1,18.14999961853028
32051,934,1,269.73999786376953
1506,771,1,44.9900016784668
44643,592,1,215.93999671936032
60295,131,2,76.9000015258789
39688,31,1,125
93757,528,1,11.779999732971191
20667,400,1,76.5
13720,197,1,16.5
53299,162,2,75.39000034332275
14882,469,1,49
52658,858,1,44.9900016784668
20026,283,3,192.17000007629395
34092,655,1,54
11370,891,1,11.489999771118164
4374,873,1,137.9900016784668
8453,394,1,220
66034,543,1,345
45476,240,1,243.4199981689453
52423,1326,1,55.93999862670898
22705,12,1,21.989999771118164
17799,225,1,151
14049,177,1,31.989999771118164
31410,451,1,110
19791,741,1,187
35297,182,2,83.73999977111816
75755,96,1,59
95231,65,1,29.989999771118164
64686,138,1,44.9900016784668
43953,1101,1,25.989999771118164
41397,913,1,143.48999977111816
78062,250,2,147.02000427246094
99874,413,1,24.989999771118164
76070,389,1,140
23913,1001,1,238.30999946594238
109,93,1,54
56545,42,1,374.9400053024292
51825,842,1,48.959999084472656
30013,849,2,109.4900016784668
85367,70,1,25
33259,1554,1,307.0799865722656
50743,1263,1,49.989999771118164
75237,449,1,49.5
75065,583,1,44.5
82688,213,1,24
42605,518,1,32.9900016784668
66409,65,1,21.39999961853028
95795,361,1,139.99000549316406
65768,66,2,126.95000076293945
71507,28,1,82
94321,220,2,282
14318,99,1,152.75999450683594
58523,718,2,542.9500007629395
10239,179,1,24.96999931335449
22831,980,1,46.59000015258789
53176,314,1,295
97630,1084,1,24
23272,669,1,341.9900016784668
10288,143,1,103.9800033569336
35174,347,1,207.44000053405762
22190,392,1,98
29011,386,1,20
19522,1487,1,29.989999771118164
29260,432,1,88.98999786376953
9206,278,1,101.5
7371,4,1,61
57896,1477,1,80
18944,68,1,49.9900016784668
36648,12,3,427.04000091552734
6930,1272,1,42.97999954223633
35566,73,2,169.48999786376953
942,338,1,14
18881,32,1,34.9900016784668
40521,179,1,25
38214,844,1,214.01000022888184
49034,677,1,15
35801,434,2,38.959999084472656
36050,515,1,285.9600009918213
11072,775,1,209
74753,432,1,19.989999771118164
57690,905,1,149
37965,72,1,79
70674,418,1,14.899999618530272
57049,24,2,149.4900016784668
47262,230,2,252.26000213623047
67869,45,1,119.94000244140625
3982,279,1,166.0100040435791
38606,68,1,54
12638,321,1,100
49426,33,1,25
6146,206,1,39.9900016784668
90199,69,1,25
89117,55,1,79.5
91281,83,1,39.970001220703125
92363,783,1,150
89366,680,1,55
83266,1746,1,17.950000762939453
81102,113,1,22.030000686645508
69200,312,1,49.970001220703125
48642,656,1,25
26893,530,1,58
52031,30,1,60
59525,1,1,119.6999969482422
23976,10,1,34.9900016784668
81746,146,1,38.97999954223633
94149,362,1,189.94999694824216
49114,249,1,55.380001068115234
14490,108,2,197.27000427246094
27866,786,1,14.949999809265137
2728,8,1,238.93999671936032
82765,165,2,44.97999954223633
48141,1540,1,20
73279,67,1,161
24995,407,1,49
43186,611,1,36.9900016784668
60498,4,1,133.9900016784668
42167,348,1,64.98999977111816
59479,143,1,198
4125,568,1,12.949999809265137
9535,907,1,54.720001220703125
86701,367,1,23.989999771118164
89618,325,1,46
98039,270,1,127.9499969482422
80727,359,1,58.79999923706056
75317,602,1,479.7100028991699
35738,242,1,338
96047,1287,1,59.9900016784668
71427,670,1,21
99559,101,1,30
38795,562,1,81.98999977111816
9157,51,1,10
32303,230,1,120
44723,1502,1,14.899999618530272
5599,119,1,129.8999977111816
13093,772,1,59
60043,1054,1,79.98999786376953
70863,1237,1,44.38999938964844
20919,197,1,25
77355,97,1,80
5127,67,1,36
1709,1176,1,79
51653,1008,1,75
6209,150,1,59.950000762939446
28931,1238,1,13.710000038146973
23521,168,1,26
72901,700,1,3.1099998950958248
2227,296,2,90.98000144958496
27457,402,2,229.96999549865723
44769,54,1,54.9900016784668
70345,5,1,115.48999977111816
91155,726,1,39.9900016784668
20982,852,2,463.98999786376953
73843,392,1,55
22393,116,1,60
87657,1154,2,78.61000061035156
95483,924,1,89.94999694824217
18065,496,1,69.23999786376953
90574,20,1,44.950000762939446
86246,18,1,68.9900016784668
53033,423,1,35.27000045776367
5081,492,1,321.38000106811523
753,1351,1,295
21374,466,2,104.9800033569336
13548,291,1,315.24999618530273
99419,1004,1,167
17046,67,1,30
82310,34,1,78
91593,311,1,64.9900016784668
77152,586,1,19.989999771118164
4689,662,2,81.98000144958496
94464,848,1,33.5
9220,627,1,32.529998779296875
31347,117,1,49.9900016784668
86200,396,1,25
68888,125,1,187.9900016784668
98102,1795,1,204.21999740600586
47640,588,1,49.9900016784668
30328,119,1,63
69280,540,1,179.9499969482422
24918,515,2,107.98999977111816
52595,151,1,64.48999977111816
64952,97,2,80.35000133514404
51968,857,1,436.0300006866455
34656,511,1,18.96999931335449
81809,32,1,12.989999771118164
85164,457,1,25
68433,77,1,137.75
1254,561,1,903
25058,501,1,99.5
19900,84,1,16.989999771118164
29386,139,1,10
91656,1014,1,12
13408,584,1,13.989999771118164
12074,40,1,49.9900016784668
85745,404,1,12.949999809265137
37212,79,1,29.989999771118164
70408,571,2,206.95000076293945
92048,140,1,20
59588,9,1,42.9900016784668
87720,189,1,198
38340,703,1,321.9499969482422
7700,160,1,135
72964,1344,1,127.51000213623048
66472,211,1,24.89999961853028
126,340,1,61.5
61062,1151,1,35.5
32930,95,1,152.51000499725342
31848,413,1,42.9900016784668
48078,34,1,25
83784,495,1,94.4900016784668
32240,31,1,35
33322,69,1,140
34404,100,1,38.630001068115234
45224,184,2,140.9900016784668
46306,1088,1,45.9900016784668
49552,121,1,41.959999084472656
11682,135,1,25
56044,842,1,1031
44142,2,1,14.869999885559082
24557,259,1,60
71679,36,1,31.89999961853028
86074,239,1,119.97999763488768
94730,31,2,254
68762,93,1,44
80146,116,1,96.52999877929688
69781,381,1,10
97458,160,1,45
87783,1190,1,15.899999618530272
72463,392,1,190
79127,118,2,58.29999923706055
49741,77,1,64.98999786376953
73717,476,1,9.949999809265137
99356,495,1,26
93946,283,1,29.989999771118164
99685,4,1,491.23999786376953
53677,63,1,44.950000762939446
94965,106,1,15.989999771118164
96957,85,2,58.5
67743,12,1,16.420000076293945
62333,458,2,128.8700008392334
79645,96,2,172.9499969482422
59087,53,1,427.67999267578125
53943,407,1,59.950000762939446
45287,587,2,46.900001525878906
27803,913,1,54.9900016784668
40567,17,1,176
64371,357,2,219.97999954223633
42559,571,1,49.950000762939446
49051,1654,1,15.989999771118164
81683,1154,1,91.98999786376952
38403,1519,1,60
14693,760,1,24.89999961853028
17939,867,1,159.99000549316406
6037,723,1,439.25
4563,301,1,37.9900016784668
24039,3,1,9.989999771118164
1317,3,1,48.930000305175774
9973,54,1,31.590000152587887
41351,5,1,27
25121,522,1,39
27285,845,1,23.5
21875,569,1,115.98999786376952
30531,649,1,60.08000183105469
88238,521,1,97.5
59353,522,2,169.89999389648435
49286,54,1,7
79582,83,1,78.95000076293945
66598,816,1,80.58999824523926
63681,335,1,21.950000762939453
42041,221,1,32
71945,214,1,103.12999725341795
67617,225,1,74.9900016784668
71318,248,1,76.93000030517578
45350,74,3,421.64999771118164
54006,26,1,24.989999771118164
84929,152,1,70
23710,303,1,316.0699996948242
76273,243,1,81.96000099182129
32366,75,1,28.780000686645508
72635,25,1,216.95000076293945
97192,764,1,74.5
88865,140,1,228
84145,721,1,167.89999771118164
97584,66,1,50
75944,209,1,147.5
80272,357,1,29.989999771118164
89320,43,1,69.30000305175781
76336,130,2,159.98999786376953
84992,1382,1,67
82828,294,1,8.5
54696,1022,1,13.039999961853027
87156,816,1,32
65908,37,1,158
50760,143,1,42.67000150680542
68072,125,1,18
63744,865,1,110.4499969482422
298,545,1,39
18692,465,1,79.98999786376953
5708,67,1,46
26266,545,1,25.989999771118164
12200,984,1,98
16528,101,1,85.68000030517578
41414,211,1,64.98999786376953
33840,316,1,74.5
9346,174,1,311
18002,228,1,63.950000762939446
23412,693,1,157.31999969482422
21248,177,1,68.98999786376953
6100,186,1,130
16920,43,2,136.57000160217285
3936,1800,1,33.9900016784668
28648,761,1,12.949999809265137
34221,413,1,22.989999771118164
17241,582,1,154.74000549316406
74015,703,1,30
20158,388,1,65.23000144958496
21509,566,1,18.96999931335449
15890,4,2,240.45000076293945
29999,1026,1,48.5
89644,808,1,39.880001068115234
24380,448,1,6.5
95263,505,1,18.079999923706048
86773,11,1,31.89999961853028
8797,712,1,184
96783,8,1,54
31350,9,1,89.4900016784668
91041,255,1,75
15721,1306,1,79.98999786376953
47148,148,2,123.43999671936035
81108,44,1,10
69747,239,1,82.95000076293945
18807,62,1,6.989999771118164
45797,86,2,200.7699966430664
34390,316,2,63
14493,39,1,34.97999954223633
68350,1121,1,39
11499,15,1,36.63999938964844
45459,561,1,208.25000190734863
42880,23,1,352
79757,1367,1,230.98000717163086
44231,436,1,60
89521,307,2,74
69578,18,2,75.95000076293945
75412,187,2,70.9900016784668
13142,100,1,108.31000137329102
98011,900,3,496.9799919128418
35741,147,1,69
10271,193,1,350
24257,158,1,12.989999771118164
32747,528,1,19.950000762939453
21632,793,1,65.98999977111816
10148,709,1,179.99000549316406
45505,254,2,134
42926,171,1,247.05000495910647
56989,1616,1,158
99362,38,1,155
384,3,1,85
79465,1841,1,172.45000076293945
54164,1417,1,29.989999771118164
21678,220,1,298
66876,128,1,175
12973,649,1,10.989999771118164
23152,312,1,151.54999542236328
96906,736,1,103.94000244140625
65187,508,1,49.9900016784668
39717,1263,1,70
68104,229,1,74.98999786376953
43049,95,1,40
60029,395,1,65
79511,1773,1,74
14247,225,1,135.8800048828125
10394,189,2,63.98000144958496
27374,345,1,49.5
72326,342,2,124.93000030517578
38827,468,1,65
55346,525,1,18
16013,487,2,135.04000282287598
50188,272,1,25
86435,339,1,69.73999977111816
23198,311,1,47.790000915527344
2886,230,1,25
8628,91,1,19.89999961853028
8874,336,1,198
37261,420,1,10
37015,3,1,85
72956,841,1,35
21217,1255,1,141.97999954223633
4360,33,1,71.98999977111816
38197,1428,1,178
58509,3,1,42.72000026702881
52890,139,1,137.97000122070312
40301,309,1,63.970001220703125
82259,60,1,189.3499984741211
3424,141,1,93.7699966430664
59783,888,2,224.69000148773193
37307,181,1,37.5
96322,238,1,45.40999984741211
25900,1,1,69.5
81031,812,1,36
38243,90,1,30
36079,188,1,72.44999885559082
7646,403,1,118
95386,189,1,60
93866,1001,1,72.5999984741211
17533,363,1,99.9800033569336
60075,460,1,92.4900016784668
93620,611,1,85
83979,137,1,148
38535,26,1,120
58847,320,1,414.4900016784668
7354,526,1,32
18469,234,1,184
16059,284,1,33.75
95094,521,1,88
29830,989,1,64.5199966430664
68857,587,1,32.95000076293945
65940,156,1,40
20573,348,2,254.9800033569336
28233,383,1,17.5
94327,250,1,49.9900016784668
26667,29,2,101.35000038146973
33331,203,2,22.880000114440918
70162,261,2,932.7800025939941
1197,547,2,53.70000076293945
74951,404,1,105.98999977111816
7861,981,1,36.880001068115234
51831,892,1,66.57999992370605
76302,239,1,39.59999847412109
96368,634,1,24.989999771118164
14124,882,1,149.5800018310547
60673,505,1,64.5
66415,1481,1,80
2073,51,1,34.38999938964844
32455,361,1,187.17999839782715
55054,88,1,35
80739,851,1,89.98999786376953
2196,468,2,317.9199981689453
21094,702,1,56.950000762939446
72034,162,1,50.66999816894531
25485,316,1,110.06999969482422
43218,45,2,70
88662,247,1,60.27999877929689
53872,1038,1,49.5
97075,879,1,499
11084,4,1,64.97999954223633
36554,364,1,104.44999885559082
34805,1293,1,236.83999633789065
51708,660,1,140
23321,1079,1,53.98000144958496
55930,321,2,62.95000076293945
30583,179,1,39.5
15429,799,1,185.6499948501587
44569,1222,2,120.97000122070312
58094,132,1,25
21263,417,1,57.9900016784668
21755,260,1,115.98999786376952
64543,3,1,9.010000228881836
87357,379,1,128.75
799,1239,1,39.9900016784668
25193,932,1,25
97367,226,1,59
65817,943,1,127.51000213623048
56743,226,1,258
90534,306,1,36.9900016784668
31934,668,1,39.9900016784668
67812,917,1,82.16999816894531
79050,987,1,89.9900016784668
88539,1582,1,35.27000045776367
89352,306,1,45.29999923706056
66630,56,1,158
36385,903,1,57.21000099182129
34974,496,1,89.98999786376953
9504,588,2,238.9900054931641
6587,1273,1,18
51539,357,1,70.98999977111816
96491,184,1,49.950000762939446
13832,1,1,77
64772,27,1,72
66338,502,1,167
18054,1085,1,28
98257,912,1,11.56999969482422
6693,98,1,175
10025,262,2,128.3799991607666
39196,758,1,59.989999771118164
13726,574,1,35
58678,517,1,100.71000099182129
72787,1555,1,11.989999771118164
43524,10,1,49.59000015258789
24503,270,1,54.959999084472656
21386,1334,1,264
36846,199,1,54
91287,424,1,261.07999992370605
74553,241,1,38.5
27941,359,1,130
62900,92,1,187.97000122070312
23613,167,1,45.9900016784668
59568,155,1,25
1028,152,1,25
7569,50,1,31.989999771118164
18930,576,2,81.63999938964844
41652,1373,1,198.5
63882,516,1,57.880001068115234
67583,1724,1,24.64999961853028
95801,5,1,39.9900016784668
26959,480,1,29
37722,112,1,195
39886,42,1,55
16580,354,2,473.9400005340576
74261,9,1,101.95000076293945
62024,1147,1,75
63590,46,1,205.1999969482422
59262,1670,1,39.220001220703125
27251,124,1,168.5
9441,241,1,194
81400,103,1,155.69000244140625
62316,46,2,100.80999946594238
49083,106,2,209.9699993133545
16872,251,1,44.950000762939446
37430,175,1,26.59000015258789
80218,824,1,76.95999908447266
17364,136,2,111.15999984741211
30689,59,1,83.14999961853027
39594,1071,1,388.939998626709
28525,232,1,32.9900016784668
82382,185,1,42.5
97381,778,1,11.260000228881836
47609,217,1,234.05000019073486
58970,1684,1,39
70331,1124,2,193.5
18346,329,3,122
74659,656,1,295.61000061035156
72495,1512,1,89
93053,160,1,24.989999771118164
73185,706,1,63.59999847412109
60782,174,2,74.96000099182129
5004,350,1,32.9900016784668
36308,458,1,60.11000061035156
58861,145,1,102.98999786376953
1091,543,1,27.55000114440918
33391,654,1,486.9399948120117
29478,98,1,17.8799991607666
90474,180,1,172.1399974822998
97304,414,1,85
81984,65,1,33
13849,121,1,95.98999786376952
22199,761,2,254
21034,5,1,35
88954,268,1,19.950000762939453
22030,752,2,159.95000076293945
44752,151,1,249.98999977111816
71974,246,1,219
76056,9,1,112
71665,127,2,378.38000106811523
50726,201,2,109.44000148773193
56345,89,1,39.09999847412109
89996,514,1,143
83504,349,1,65.9900016784668
6756,26,1,125
5173,63,1,145
18240,1152,1,6.989999771118164
73371,909,1,26.989999771118164
951,51,1,24
68748,226,3,305.99999809265137
91685,633,1,50
17593,592,1,60.97999954223633
76365,8,1,340.8400058746338
3484,14,1,88.94000244140625
19591,647,1,54.9900016784668
40762,769,2,290.42999839782715
32349,8,2,484.9499969482422
63484,54,2,309.98999977111816
97444,406,1,97.5
47500,393,1,19.96999931335449
96139,870,1,81.98999977111816
3530,77,1,49.950000762939446
53474,4,1,19.989999771118164
42113,102,1,179.99000549316406
8399,164,2,282.6599998474121
30875,653,1,114.98999786376953
51954,232,1,14.989999771118164
27480,5,1,28.950000762939453
80341,46,1,8.819999694824217
67689,791,2,597.9500000476837
38887,624,1,49.950000762939446
59199,82,1,66.05000305175781
35970,29,1,29.950000762939453
64357,514,1,16
42219,912,1,40.9900016784668
14722,248,1,225.4900016784668
30706,33,1,49.9900016784668
80447,211,2,54.989999771118164
63467,476,1,25
60135,194,1,43.9900016784668
88937,178,1,115.78000068664551
87480,267,2,69.98000144958496
85605,735,1,55.489999771118164
98778,1064,2,51.130001068115234
94450,1106,1,25
81967,124,1,344.2200050354004
77639,36,1,300
24609,1164,1,25.5
63315,908,1,19.989999771118164
50248,196,1,80.5
17639,191,1,41.950000762939446
44984,3,1,97.94000244140625
20971,185,1,2.950000047683716
32332,106,1,8.899999618530273
77530,411,1,24.979999542236328
45230,1162,1,42
48316,16,1,145.9799976348877
1841,147,1,60
23736,878,1,32.9900016784668
83089,170,1,49
30228,247,1,12.600000381469728
20925,302,1,15.989999771118164
78867,708,1,58
67752,5,1,149.97000122070312
613,211,1,59.39999961853027
99714,343,2,51.89999961853027
15123,104,1,18.75
68980,1164,1,17.5
3962,468,1,107.65999984741211
21861,94,1,89
98194,6,2,72.03999900817871
29584,217,1,242.93999481201172
25256,916,1,175
40699,1041,2,401.46999740600586
34207,167,2,400.7000045776367
36617,3,1,19.989999771118164
52060,2,1,51.77000045776367
6862,15,1,30
74782,76,1,15
47978,280,1,194
90580,78,1,182.98999977111816
49790,458,2,390.4200019836426
58446,14,2,204.3499984741211
57450,77,1,90
31980,356,1,10.989999771118164
65110,49,1,21.989999771118164
36723,573,1,352.4499969482422
676,24,1,25.200000762939453
62193,644,2,82
11728,40,1,9.010000228881836
68121,506,1,142.6999969482422
69332,1678,1,39
38429,709,1,7.989999771118163
89369,1290,1,39.450000762939446
18698,71,1,65.66000366210938
92286,1204,1,171.0900001525879
76471,192,1,167.49000549316406
10042,142,1,72
68811,54,1,175
11038,1176,1,19.989999771118164
7815,754,1,895
50480,66,1,45
26836,515,1,259
82399,392,1,36.9900016784668
78698,819,1,81.48000144958496
47394,264,1,33.15999984741211
70022,811,1,49.9900016784668
59445,37,1,37.4900016784668
29232,317,1,59.7400016784668
57281,53,1,114.95000076293945
7337,213,1,19.96999931335449
4420,1202,1,99.98999786376952
7984,26,1,24.989999771118164
31290,457,1,35.9900016784668
55223,62,1,25
89890,4,1,30
15950,27,2,131.25
45336,4,1,239.98000717163086
81383,178,1,69.5
64589,1453,1,52.790000915527344
71081,3,1,34.5
10563,701,1,39.9900016784668
85147,79,1,158.98999977111816
53228,221,1,6.900000095367432
24088,283,1,187
73786,545,1,12.989999771118164
13417,675,2,256.9900016784668
58618,181,1,50.400001525878906
1429,1119,1,33
29816,122,1,54
35555,1181,1,53.950000762939446
56697,645,1,368
38472,31,1,347.9900016784668
31333,239,1,48.85000038146973
46026,197,1,39.09999847412109
44815,540,1,63.9900016784668
84978,402,1,230.8499984741211
8568,3,1,39.6899995803833
68164,306,1,16.989999771118164
22677,15,1,109.89000129699707
37370,264,1,199.5
52475,1163,1,34.2400016784668
12896,129,1,11.119999885559082
91533,4,1,73.1500015258789
19866,1455,1,24
38260,3,1,35.61999988555908
15538,3,1,113.90000152587892
94865,38,1,21
42588,148,1,145
78635,135,1,39.5
80862,253,1,46
2946,66,1,54
73829,77,1,581.9499969482422
65173,1461,1,16.020000457763672
84194,6,1,462.98999977111816
69501,22,2,70.01000022888184
99256,642,1,172.76000213623047
9979,2,1,18.950000762939453
41220,51,1,795
51785,35,2,72.98999977111816
55870,374,1,5.980000019073486
82336,168,1,95.05999946594238
6341,211,1,26
26315,408,1,24.989999771118164
28479,262,1,59.9900016784668
39056,300,1,29
64526,1214,1,108.23999977111816
80172,1214,1,50
86664,1425,1,269
8505,164,1,14.699999809265137
41114,1414,1,31.989999771118164
49727,683,2,63.28999996185303
77361,845,1,118
43278,4,1,68.45000076293945
70869,195,1,50.53999996185303
65416,835,1,62
19972,496,1,76
63252,326,1,23.799999237060547
61088,998,1,39.95000076293945
75887,10,1,99.98999786376952
37676,814,1,25
14954,210,2,253
35512,286,1,186
39840,492,1,10
12790,186,1,24
71559,67,1,93.9800033569336
42004,1556,1,169
17118,50,1,160.44000244140625
20756,656,1,138.3400001525879
72249,300,2,131.20000076293945
83610,772,1,110.7400016784668
5067,1086,2,219.2300033569336
14264,370,1,85.5
2903,616,1,34.95000076293945
76577,1190,1,48.98000144958496
198,80,1,24.989999771118164
94971,193,1,40.97999954223633
99840,622,1,370
44632,317,1,47.9900016784668
33225,351,1,215
98489,55,1,32.9900016784668
49541,583,1,60
41715,1001,1,247.77999877929688
91991,513,2,114.5
4174,655,1,128
52458,4,1,218.72000122070312
1257,357,1,189.3900032043457
65834,1365,1,6.989999771118164
39700,706,1,25.479999542236328
96923,21,1,47.630001068115234
92037,301,1,160
52412,149,1,86
80630,105,1,12.989999771118164
29690,844,1,39.97999954223633
10457,115,1,52.5
98443,140,1,69.98999786376953
46670,22,1,48.04999923706056
64483,99,1,138.5
53076,694,1,49.9900016784668
41761,963,1,34.9900016784668
74370,310,1,44.77999877929688
96428,657,1,99.97000122070312
59382,155,1,17.989999771118164
31164,801,1,26
31705,228,1,256.7300000190735
48144,592,1,139.14000129699707
16414,907,1,36.9900016784668
58864,520,1,10.590000152587892
70271,18,2,109
63773,312,1,76.94000053405762
72263,28,1,16.950000762939453
61781,163,1,119.98999786376952
20985,338,1,15
72850,175,1,10.989999771118164
80676,535,1,7
94052,210,1,24.950000762939453
48067,26,2,45.95000076293945
83029,121,3,210.9600009918213
62422,6,1,49.9900016784668
17427,471,1,238.92999267578125
50938,894,1,11.989999771118164
95031,1489,1,70.9900016784668
63481,18,1,135
7045,822,1,14
81632,401,1,65
84211,1718,1,20.989999771118164
60384,235,2,67.28999900817873
40195,807,1,44
47626,527,1,36.9900016784668
44045,52,1,75.97000122070312
98151,1102,1,193.94999694824216
27314,286,1,39.9900016784668
1595,198,1,70
44294,784,1,59.9900016784668
11685,116,1,64.47000122070312
26378,544,1,45.9900016784668
76654,420,1,33.170000076293945
65293,426,1,182.95999908447266
28001,801,1,8.989999771118164
96136,6,1,11.100000381469728
51479,424,1,54.950000762939446
81217,1236,2,96
52999,3,1,29.950000762939453
12956,7,1,25.200000762939453
24858,527,1,307
41592,871,2,571.8800001144409
21526,25,2,293.8999996185303
86541,6,1,15.989999771118164
9624,245,1,69.98999786376953
61904,7,1,130.60999870300293
37842,240,1,44.9900016784668
92532,1032,1,24
44924,107,1,98.5
14971,663,1,48.650001525878906
59923,1134,1,32
85608,1315,1,196.94000244140625
58449,130,1,89
91745,296,1,189.5
69269,835,1,119.90000152587892
19408,300,1,25.989999771118164
80338,635,1,36
24317,666,1,79
10503,530,1,148
26481,158,3,132.81000137329102
64360,606,1,105
55947,626,1,15.909999847412108
67354,7,1,15
21323,1030,1,81.5
75180,34,1,71.30999755859375
45565,98,1,24.979999542236328
90517,309,1,18.799999237060547
324,91,1,59.5
1798,924,1,128
68977,1107,1,21.709999084472656
86879,57,1,42
57570,881,2,321
21864,26,1,47.70000171661377
1549,111,1,39.9900016784668
3713,566,1,387.289999961853
78715,28,1,9.989999771118164
65339,228,1,14.760000228881836
65880,956,1,103.19000244140624
99422,874,2,72.81999969482422
24961,34,1,88.5
57616,53,2,206.8399963378906
83750,919,1,144.45000076293945
98240,174,1,29.65999984741211
54699,933,1,62
44383,20,1,121.9499969482422
95323,491,1,143.94000053405762
95987,685,1,272.94000244140625
32810,1328,1,29
11562,512,1,157.47999954223633
16517,114,1,44.950000762939446
27878,439,2,81.81000137329102
13789,682,1,54
81045,527,2,261.04000186920166
91622,56,1,138
90368,462,1,89.38000106811523
15120,781,1,150.75
12203,320,1,19
75306,93,1,402.98999977111816
88705,12,1,60.970001220703125
64729,1566,1,120
30769,112,1,22.100000381469727
72389,92,1,40
52827,255,1,33.9399995803833
21449,9,1,18
2551,170,1,80
35160,934,1,69.94999694824219
70374,1252,1,9.899999618530272
51353,389,1,169
42156,23,2,253.83999633789062
93096,124,1,189
40115,336,1,8.229999780654907
85436,8,1,91.70000076293945
25840,1100,1,19.170000076293945
28754,42,1,209.92999267578125
35037,21,1,25
31459,135,1,178.29999923706055
10729,342,1,15.989999771118164
62714,1097,1,59.9900016784668
46398,380,1,12
12438,141,1,11.899999618530272
74739,396,1,44.5
31977,63,2,107.27999877929688
74765,394,3,81.34999990463257
71848,215,1,292.95999908447266
29060,147,1,14.590000152587892
61028,975,1,6.949999809265137
69684,28,1,15.949999809265137
17991,940,1,79.94000244140625
39239,232,1,30
93849,435,1,45
39551,356,1,12.989999771118164
52535,11,1,29.950000762939453
97736,308,1,98.98999977111816
2010,74,1,130.3699951171875
33978,983,1,139.36000251770022
9255,1495,1,158
87835,518,1,44
30503,166,1,90.4900016784668
8353,1453,1,24.989999771118164
82488,117,1,83.30999755859375
88476,225,1,36.950000762939446
25714,155,1,112.5
37536,12,1,261
99196,886,1,31.619999885559082
4715,578,1,278.9600009918213
35850,1768,1,44
25273,6,1,49.5
61240,265,1,71
28190,57,1,149
32518,431,1,225.9300079345703
70225,177,1,16
7632,555,1,14.670000076293944
86126,134,1,18
79130,158,1,69
13371,447,1,56.9900016784668
59554,11,1,24.989999771118164
16225,338,1,25.350000381469727
50308,97,2,65.97999954223633
46521,25,2,337.9900016784668
68210,157,1,10.989999771118164
74616,225,1,14.970000267028809
70915,78,1,323
66587,143,1,59.97999954223633
14602,243,1,50.60000133514404
91473,307,1,62.41000175476074
27586,31,1,74
23258,300,1,62.220001220703125
87600,97,2,186.48000144958496
64878,1380,1,264
37324,615,1,74
55532,529,1,219.98999786376953
64188,384,1,98
12495,1319,1,128
10580,149,1,42.209999084472656
53368,16,2,132.97999954223633
78346,13,1,6
67769,1188,1,50.96999931335449
78097,661,1,38
89166,557,1,110.62999916076662
14659,560,1,29.8799991607666
54934,3,1,169
34284,8,2,114.9900016784668
22923,72,1,25
91181,65,1,55.619998931884766
33743,271,1,48.97999954223633
10872,4,1,105.9399995803833
79969,3,2,151.1100044250488
89707,127,1,24.950000762939453
97430,1089,1,12.949999809265137
99053,1564,1,65.80999946594238
57201,138,1,11.989999771118164
40885,25,1,137
90829,594,1,70
98655,1180,1,88.5
34055,229,1,12.989999771118164
36972,990,1,60.950000762939446
95738,6,1,39.9900016784668
55303,987,1,165.9900016784668
12189,233,1,37.900001525878906
5359,183,1,133.75999641418457
58174,74,1,72.77000141143799
62133,68,1,129.99000549316406
72498,125,1,8.989999771118164
22694,701,1,55.870001792907715
68061,976,1,9
71479,254,1,69.5
55163,130,1,44.450000762939446
9796,1247,1,15.3100004196167
1446,391,1,89
87772,1354,1,27.0600004196167
74012,117,2,35.489999771118164
75014,236,1,25.200000762939453
85419,180,1,14.899999618530272
78927,216,1,49.5
67520,708,1,15.399999618530272
20155,506,1,197
33577,934,1,24
46272,921,1,206.9499969482422
50231,957,1,62
60258,35,1,54.9900016784668
44397,161,1,109.2299976348877
52764,788,1,46.9900016784668
53766,342,1,68
96216,160,1,101.9900016784668
24091,105,1,36.380001068115234
36431,742,1,92
29524,97,2,50.95000076293945
36926,46,1,67.5
25024,33,1,72
8794,27,3,214.87999534606934
21111,947,1,179
42923,203,1,15
54825,645,1,35.5
27603,789,1,28.75
80942,56,1,287.6400146484375
69040,59,1,39.9900016784668
10268,266,1,150.41000366210938
52810,325,1,81.61000061035156
37490,32,1,89.5
87434,508,1,97.5
42359,3,1,39.950000762939446
3776,1020,1,67.93000030517578
1784,420,1,20
64171,1686,1,35
7735,1254,1,84
4317,523,1,223.64999771118164
46796,450,1,59.5
84918,283,1,64
96325,1735,1,44.08000087738037
88250,889,1,54.9900016784668
56637,225,1,49
67998,55,1,14.5
26544,283,1,47.790000915527344
52309,521,1,28.950000762939453
15183,97,1,26.989999771118164
25548,137,1,104.93999862670898
79986,62,1,30
84314,51,1,66
73557,51,1,15.5
90869,134,1,157.5
29186,1503,1,101.75
968,121,1,219.5
4300,239,1,60.66999912261964
94264,8,1,267.58999824523926
905,75,3,250.58999824523926
98592,95,2,73.59000205993652
53783,998,1,73.5
62196,717,1,116.98999786376952
65190,82,1,12
25651,1681,1,31.90999938920141
28645,581,1,15
90915,434,1,120
17825,98,1,48
43401,112,1,115.3000030517578
29587,15,1,50
15810,1790,1,150.41000366210938
46899,3,1,19.64999961853028
43942,360,1,67.98999786376953
61254,1488,1,68.6500015258789
53242,18,1,18.270000457763672
87371,307,1,25
12126,137,1,29.93000030517578
64649,144,1,19.950000762939453
46750,64,1,60
83043,256,1,29.989999771118164
13600,596,1,72.95999908447266
85897,8,2,146.5
2780,749,1,284.43000411987305
92389,11,1,189.98999786376953
15764,590,1,32
4403,182,1,69.4800033569336
16305,525,1,49.5
81028,1030,1,29.989999771118164
32535,1185,1,251.8000030517578
97258,1831,1,107.66999816894531
9813,255,1,9.949999809265137
92930,309,1,24.989999771118164
27666,549,1,24.989999771118164
74536,5,1,81.2699966430664
36557,208,1,22
12,1011,2,57.949997901916504
98074,1130,1,198.95000076293945
44217,151,1,23.15999984741211
95157,18,1,198
2027,132,1,54.5
12392,46,2,148.72999954223633
74121,188,1,39.9900016784668
66461,168,1,24.059999465942383
57805,3,1,50
76826,451,1,16
95369,5,1,17
7460,208,1,48
20742,290,1,25
18821,445,1,148.95000076293945
57115,321,1,58.9900016784668
10165,1001,1,44
11914,94,3,123.88999938964844
65771,195,1,26.989999771118164
22491,73,1,73.89999961853027
76348,429,1,233.47999954223633
5422,34,1,158
78512,554,1,96
69856,1110,1,42.39999961853027
74599,676,1,18.840000152587887
8001,866,1,229.49000549316406
27234,563,1,52.450000762939446
57264,282,1,84.59000015258789
37905,318,1,84.48999977111816
91888,1022,1,73.94000053405762
87019,1345,1,98.39000129699707
93683,142,1,25.989999771118164
55100,197,1,56.9900016784668
40610,4,1,15.279999732971191
95847,630,1,134.68999767303467
32103,87,1,26.36000061035156
59153,981,1,29.950000762939453
65230,278,1,11.989999771118164
71894,4,1,92.9399995803833
15873,8,1,78.75
77132,476,1,23.96999931335449
11373,641,1,64.94999694824219
85960,558,1,102.9799976348877
92452,1645,1,274.98999786376953
68476,837,1,59.5
2717,73,1,189.98999786376953
29939,80,1,12.899999618530272
40759,226,1,287.48999786376953
553,3,1,73.79999923706055
61317,243,1,249.9900054931641
38595,22,1,49.9900016784668
35326,12,1,244.13999938964844
89057,488,2,268.64000129699707
53179,1188,1,29.989999771118164
71204,652,2,174.18999862670898
23965,23,2,408.94999980926514
43982,252,1,184.49000549316406
48482,257,1,49.9900016784668
30457,76,1,27.06999969482421
80401,828,1,19.520000457763672
62007,215,1,101.98999786376952
32621,766,1,69.9800033569336
38031,221,1,293.4499969482422
71745,209,1,131.70000076293945
21260,64,2,501.9799919128418
53351,38,1,37.450000762939446
44523,205,1,65
85270,406,2,118.58999633789062
21801,913,3,260.9900016784668
1243,896,1,55.489999771118164
85333,172,1,69.85000038146973
97321,368,1,210.5
62697,589,1,34.97999954223633
89661,268,1,6
42053,317,1,136
91582,656,1,77.94000244140625
95910,784,1,50.94000053405762
92993,1,1,12.909999847412108
46381,318,1,97.5
3195,94,1,120.98999786376953
11851,472,1,147.95000076293945
23212,206,1,19.989999771118164
78990,383,1,67.98999977111816
76285,614,1,164
67629,889,1,60.9900016784668
93205,260,1,29.989999771118164
60447,411,2,146.89999961853027
341,233,1,19.989999771118164
17410,128,1,14.6899995803833
66939,63,2,100.43999671936034
82087,308,1,69.44999694824219
88187,759,1,152.93999481201172
6982,32,1,69.5
93056,1268,1,28.5
96843,297,1,39.9900016784668
86023,61,2,37.989999771118164
4818,341,2,77.54999923706056
92515,547,1,315.37000274658203
99007,32,1,75.62999725341797
99548,721,1,31.979999542236328
81695,157,1,16
90351,1364,1,198
91284,30,1,26.89999961853028
55578,328,1,39.9900016784668
93448,187,1,26.989999771118164
20115,795,1,100
43676,475,1,122.59999847412108
14705,778,1,56.489999771118164
49086,647,1,417.2899932861328
33099,28,1,29.989999771118164
76136,278,1,75
64234,299,1,87.92999935150146
6049,247,1,36.5
42837,183,1,138.6100034713745
59906,401,1,131.94999980926514
27838,937,1,16
59216,5,2,271.9500000476837
72200,483,1,49
35953,9,1,268.39000129699707
38658,727,1,28
33789,6,2,177.6699981689453
24592,560,1,12
56511,846,1,135
18641,1166,1,9.989999771118164
31625,224,1,12.989999771118164
18100,1319,1,119.5
49478,772,1,106.9499969482422
32166,97,1,63.9900016784668
39199,149,1,24.209999084472656
54888,923,1,19.209999084472656
52183,379,1,429
22428,976,1,108.9900016784668
26756,290,1,25
36494,36,2,55.489999771118164
8087,136,1,16
57699,423,1,160.3800048828125
12332,678,1,424.5
70434,95,1,64
90331,111,1,112.95000076293945
61967,684,1,12.989999771118164
94599,335,1,29.68000030517578
6736,7,1,19.989999771118164
20845,28,1,32.989999771118164
56348,198,2,245.99000549316406
49186,38,1,172.48999977111816
63295,1347,1,85
47835,418,1,11.989999771118164
97278,14,2,190.4900016784668
30855,435,1,132.43000030517578
63487,611,1,22.799999237060547
86063,978,1,51.9900016784668
79116,495,1,93.33000183105469
84735,806,1,127.51000213623048
3819,50,1,87.94999694824217
53431,969,1,140.1800022125244
97324,871,2,164.32000160217285
53623,457,1,36.140000343322754
12163,176,2,61.98000144958496
35054,28,1,50
90162,1504,1,208
43567,776,2,55
98675,357,1,46.9900016784668
76076,309,1,53.5
74871,435,2,202.98999786376953
19640,681,1,0.4900000095367431
9607,453,1,51.959999084472656
44841,1164,1,10.5
13537,853,1,50
12455,734,3,318.5500011444092
88934,27,1,99
56302,645,1,6.5
56179,441,1,14.949999809265137
54974,1020,1,69.98999786376953
23670,395,1,26.96999931335449
78778,348,1,169.9499969482422
1071,41,1,180.83999919891357
10981,849,1,110
33703,625,1,15.989999771118164
28061,220,1,308
93325,13,1,44.9900016784668
13998,3,1,14.989999771118164
31891,225,1,89
80590,456,1,29.950000762939453
13560,13,2,191.07000350952148
58014,724,1,34.95000076293945
35200,157,1,226.47999954223633
84812,257,2,180.0999984741211
32329,461,1,122.48999977111816
77281,783,1,99.98999786376952
98921,350,1,125.72999954223633
56494,532,2,189.5
41924,963,1,98.66000366210936
24031,667,1,128
73643,55,1,1.950000047683716
13952,154,1,22.76000022888184
84858,323,1,135.9499969482422
80198,25,1,198
36328,189,1,175
85940,89,1,15.989999771118164
91805,338,1,49.950000762939446
92887,1,1,205.22000122070312
9561,343,1,46.40000057220459
10497,59,1,18.479999542236328
5339,741,1,6.5
72269,222,1,38
81672,3,1,64.94999694824219
29143,591,1,39.9900016784668
80736,40,2,112.9800033569336
15472,168,1,68.94000148773193
52057,376,2,121.93000221252441
93517,396,1,31.989999771118164
97009,762,1,236.98999977111816
17636,60,1,28.949999809265137
2783,115,1,24.530000686645508
38930,14,1,25
36766,1483,1,55.59999847412109
61652,911,1,25
38094,558,1,28
40258,665,1,99
50583,277,1,95.60000038146973
49501,104,1,81.18000030517578
73159,53,1,568.9900054931641
70749,439,1,299.9800052642822
15518,375,1,7.949999809265136
16846,61,1,38.119998931884766
40404,461,1,210.9900016784668
72077,1167,1,45
56786,305,1,33
21237,74,1,10
62359,447,1,155
24154,21,1,10.510000228881836
84105,935,1,172
61506,1290,1,26.5
76660,490,1,38
12724,40,1,30
50975,93,1,148.97999572753906
44526,482,1,29.989999771118164
99757,259,2,41.4399995803833
73789,202,1,125
90769,378,1,43
10374,259,2,69.13000106811523
22780,317,1,25
66650,452,1,25
37410,417,1,13.880000114440918
34164,172,1,423
52349,220,2,88
41111,769,2,81.48999977111816
2737,555,1,123
18389,277,1,75
60132,568,1,60.989999771118164
45402,1173,1,32.880001068115234
86332,78,1,89.98999786376953
87998,681,1,36
68522,1134,1,141.9300022125244
13414,249,1,39.9900016784668
88496,253,1,29.950000762939453
73912,509,1,69
19763,65,1,102.26000213623047
41280,1,1,8.989999771118164
45233,855,1,146.24000549316406
53746,315,1,157.81999969482422
10045,539,1,39.9900016784668
52664,291,1,12.989999771118164
556,831,1,212.9000015258789
66481,1211,1,114.97999763488768
32498,15,1,151
89770,5,1,430.9900016784668
88688,762,1,147.1300048828125
54015,203,1,19.989999771118164
87729,904,1,59.9900016784668
57261,63,1,26
55097,412,1,39.9900016784668
57384,531,1,52
39053,53,1,49.9900016784668
60693,395,1,39.9900016784668
64523,685,1,40.9900016784668
96242,4,1,161
51788,737,1,71.9900016784668
42883,31,1,68.83000183105469
83507,20,1,36
26710,265,1,25
85771,402,1,26.290000915527344
5070,647,1,6.389999866485596
86816,1138,2,343.98999977111816
67832,876,1,31.950000762939453
39929,257,1,183.01999855041504
69896,135,1,70
78303,825,1,59.9900016784668
22027,401,1,5.829999923706056
87145,544,2,102.17000198364258
44320,643,1,10.369999885559082
82425,101,1,159.12000274658203
27400,27,2,168.94000244140625
40135,1233,1,199.9900054931641
65605,151,1,39.450000762939446
35807,375,1,24.989999771118164
16331,21,1,98
46876,940,1,29.989999771118164
29066,222,1,68
41801,47,1,39.950000762939446
82525,1095,2,119.72999572753906
3988,279,1,18
29458,39,1,141
25628,105,1,59.5
7818,1262,1,29.989999771118164
86853,318,1,10
6152,504,1,39.950000762939446
57055,898,1,24.770000457763672
17115,494,1,39.9900016784668
18197,151,1,148
21443,1166,1,98
71562,727,1,22.5
69398,779,1,54
95366,145,1,59
94284,51,1,12
51396,172,2,85.28999996185303
50314,4,1,27.950000762939453
47068,289,1,54.9900016784668
95758,277,2,179.43999862670898
40527,14,1,326.6999912261963
38363,206,1,16.350000381469727
74118,1065,1,29.25
48711,983,1,55
45794,667,1,99
11834,201,1,54.739999771118164
91161,137,1,148
55850,461,1,83
12853,1238,1,64.5
45485,122,2,182.60000038146973
82316,389,1,60
24546,494,1,8.449999809265137
62797,497,1,49
34101,110,1,34
56823,64,4,390.1100025177002
55658,62,2,123
61068,316,1,129.98999786376953
66733,336,2,47.98000144958496
89455,100,1,18.829999923706048
54330,636,2,104
72452,2,1,139.99000549316406
55349,1382,1,26.489999771118164
65714,137,1,107.88000106811523
56677,204,1,318
88436,131,1,93.17999744415283
55804,623,1,149.39000034332275
38492,11,1,31.989999771118164
40029,48,1,72.9900016784668
80842,261,1,279.48999786376953
79591,42,1,38.880001068115234
96826,41,1,163.8000030517578
96903,348,1,53.180000305175774
14327,460,1,44
75578,303,1,17.950000762939453
76906,699,1,65
35575,547,1,19
3158,709,1,36.880001068115234
51582,167,1,92.95000076293945
56992,416,1,36
14373,639,1,36
90706,396,1,81.98999977111816
31685,26,1,210
38177,1222,1,138
75386,14,1,289.99000549316406
68376,361,2,59.9900016784668
36826,102,1,99
75655,370,1,24.989999771118164
26793,724,1,204.94999694824216
58343,63,1,29.5
92180,230,1,28.89999961853028
52933,152,1,80
30211,730,1,47.16999816894531
7251,967,1,28.989999771118164
31808,765,1,32.5
76843,350,1,27.799999237060547
75432,704,1,54.66999816894531
35638,1000,1,11.529999732971191
79760,112,1,74.9900016784668
97653,305,1,150
11187,178,1,141.6199951171875
74496,247,1,11.5
79654,138,1,39.880001068115234
83982,785,1,93.19000244140625
6361,217,1,65
18718,80,1,180
78134,610,1,49
31854,15,1,89.22999954223633
27609,942,1,95
50331,310,2,84.5
28937,559,1,179.99000549316406
53248,63,1,40
37264,1014,1,34.9900016784668
62150,980,1,31.989999771118164
32000,249,1,19.950000762939453
54267,139,1,54.900001525878906
10606,524,1,73.29999923706056
32873,1153,1,69.5
71579,289,2,162.96000003814697
18572,279,2,90.5
98237,731,1,64.98000144958496
20238,494,1,35
90079,204,1,77
12080,5,1,86.59000015258789
6169,1222,1,147.1300048828125
47629,48,1,49.950000762939446
91353,29,1,49.950000762939446
61260,117,3,110.83000183105469
33909,635,1,9.989999771118164
19800,639,1,29.89999961853028
85064,720,1,165
5777,142,1,40
56932,142,1,219
95535,1,1,69.98999786376953
90125,5,2,50.10000038146973
7549,254,1,64.9900016784668
35684,186,1,74.20999908447267
54075,1571,1,49.9900016784668
63816,603,1,130
49747,172,1,7.519999980926514
33520,454,1,131.3400001525879
80046,154,1,69.5
91207,1157,1,695
81128,753,1,19.989999771118164
37158,1049,1,359
52601,1035,2,321.3699998855591
53683,601,1,81.9000015258789
75323,761,1,145.99000549316406
58798,88,1,166.98999977111816
42568,447,1,149.94000244140625
46109,47,1,146
59880,118,1,24.950000762939453
13245,194,1,11.949999809265137
17490,9,1,118.40999984741211
46375,266,1,27.989999771118164
20407,488,1,15
13743,1086,1,25
37719,892,1,403.4399871826172
9023,264,1,112.5
19388,838,1,24.989999771118164
98927,236,1,457.8899917602539
67125,202,1,21
41655,203,1,34.9900016784668
67623,488,1,40
34991,395,1,60
6796,77,2,68.94999980926514
29773,30,1,69.5
27354,627,1,134.9499969482422
59986,348,1,68
24108,957,1,225.98999786376953
62405,1149,1,94
88373,1177,1,25
85127,16,1,65
35183,145,1,32
87354,433,1,65
12770,28,2,324.5999984741211
96010,41,1,138.14000129699707
94301,71,2,62.78000068664551
6106,51,1,37.9900016784668
51021,1022,1,58.060001373291016
16491,1262,1,33.9900016784668
76514,244,1,154.98999786376953
43882,617,1,15.600000381469728
7835,619,1,59.9900016784668
29083,1505,1,44.22999954223633
5279,973,1,109.34999847412108
22634,3,1,17
50766,315,1,158
88542,886,1,25
1907,995,1,26
70540,612,1,30.309999465942383
96680,1753,1,49.5
21383,1276,1,254.98999786376953
91098,1772,1,39.9900016784668
22465,1366,1,28
19219,1029,1,259.989990234375
50958,37,2,31.940000534057617
39385,199,1,229
22571,245,1,223.55999755859375
13915,468,1,279
43713,1039,1,23.229999542236328
43819,394,1,166.90999603271484
4240,1532,1,10.390000343322754
39491,425,1,39.5
47520,83,1,69.94999694824219
43321,784,1,168
25190,278,1,13
89126,221,1,36.6899995803833
90537,409,1,75
68897,535,1,101.53000068664551
3550,180,1,254.4799976348877
4632,41,1,13.93000030517578
64569,1300,1,191.5200023651123
4961,712,1,99
84798,16,2,46.85000038146973
304,3,1,165.9499969482422
8270,212,1,53.44000053405762
81489,181,1,458.9499969482422
86899,295,1,950
90145,431,1,73.9800033569336
9352,1221,1,22.950000762939453
67188,95,2,62.96000099182129
75844,1414,1,44
43384,19,1,80.98999786376953
45548,592,1,155
38801,751,1,152.95000076293945
21489,5,3,217.44000244140625
43129,304,1,11.989999771118164
24300,422,1,196.98999977111816
44901,415,1,13.93000030517578
67580,1106,1,256.6999969482422
43776,83,1,64
30792,20,1,22.989999771118164
64377,731,1,39.9900016784668
87789,163,1,57.54000091552734
6298,8,1,42.9900016784668
79133,639,1,23.799999237060547
81297,99,1,109.5
25774,669,1,69.4900016784668
24692,207,2,250.5
65067,298,1,11.989999771118164
87397,5,2,150.02000045776367
83069,384,1,60
1280,359,1,99
8854,130,1,31
2362,922,1,90.94000244140625
4526,431,1,36.880001068115234
29644,334,2,229.4499969482422
12664,522,1,51.83000087738037
4838,387,1,189.4900016784668
82837,362,2,114.30000019073486
50205,251,1,157.2800006866455
40387,32,1,60
45296,104,1,60
37470,389,1,459.38000106811523
21177,128,1,167.68000030517578
88433,323,1,17.5
91304,17,1,299.5800018310547
63627,1244,1,129.93000411987305
36829,1083,1,334.9400005340576
56680,33,1,164
86441,170,1,124.83000087738037
47334,347,1,24.5
68064,943,1,22.989999771118164
32515,703,1,26
12710,90,1,57.889999389648445
42425,25,1,125
81440,732,1,34
79448,1,1,502.8700008392334
10434,88,3,142.43999862670898
46816,36,1,242.6899995803833
92747,41,1,129.92999267578125
74178,213,3,346.8200035095215
95741,823,2,75.9900016784668
38303,120,1,20
16740,6,1,47.950000762939446
82004,60,2,113.94999694824219
17742,1859,1,42
92824,92,1,16.040000915527344
62107,32,1,19.950000762939453
36952,274,1,240.97000312805176
92183,1435,1,25
81363,1159,1,146.2700023651123
93703,308,2,64.16000080108643
39508,621,1,88.44000244140625
15704,332,2,558.9900016784668
94785,450,1,7.139999866485596
29521,483,1,69.5
61071,725,1,12.949999809265137
92870,278,1,14
50251,676,1,39.950000762939446
82050,168,1,39.9900016784668
27606,1130,1,42.36000061035156
82960,41,1,125
28957,1429,1,39
82319,48,2,168
50769,764,1,64.98000144958496
17055,1587,1,19
94344,227,1,25
94221,240,1,106.20999908447266
73491,318,1,52.9900016784668
23484,216,2,32.91999912261963
5840,646,1,54
59033,236,2,73.30000114440918
93906,1466,1,69
18824,762,2,156.9499969482422
2923,243,1,83.18000030517578
23733,234,1,46
46298,227,1,17
24171,105,1,42.880001068115234
44981,637,1,90.69999694824219
2531,153,1,24.989999771118164
72658,115,1,112
53686,294,1,273.59000396728516
58154,1131,1,59.9900016784668
36514,23,2,311.93999099731445
59236,1,1,253
37988,45,1,189.5
67546,576,1,7.869999885559082
36906,251,1,48.950000762939446
90268,15,1,5.989999771118164
11831,92,2,184.6400032043457
97656,461,1,24
66275,4,1,61.95000076293945
84672,198,1,32.900001525878906
98735,320,1,24.229999542236328
22651,494,1,102.90000152587892
3318,632,1,4.380000114440918
14433,44,1,45
65588,322,1,50.47999954223633
36073,35,2,121.18999862670898
79402,7,1,39.9900016784668
12269,257,1,4.880000114440918
85359,12,1,158.12000274658203
46501,340,1,87.13000011444092
23779,517,1,105
67062,43,1,15.989999771118164
35681,589,1,91.97000122070312
21615,24,2,359.9600086212158
10795,276,1,32.45000076293945
58403,1198,1,18
88356,625,2,377.9800052642822
22010,396,1,30
45814,35,1,100
77487,352,1,149.99000549316406
86192,63,1,24.989999771118164
66936,148,1,17.950000762939453
45545,198,1,15.800000190734863
16660,32,1,29.5
48462,5,1,99.45999908447266
23656,114,1,56
78177,305,1,11.130000114440918
75449,427,1,136
68502,4,1,24
4400,556,1,20.489999771118164
88041,698,1,120
27686,36,1,89.9000015258789
8147,440,2,157.13000106811523
97387,352,1,26.989999771118164
78366,127,1,129.9499969482422
32641,476,2,132.9900016784668
94988,297,1,159.98999977111816
8837,370,1,149.4499969482422
6673,1,1,16.219999313354492
23968,873,1,24.989999771118164
53889,881,1,147.30000019073486
30085,468,1,27.959999084472656
21257,902,1,55.4900016784668
38741,38,1,64.94999694824219
62545,311,2,803.3900051116943
19265,656,1,29.96999931335449
64709,33,1,18.780000686645508
29913,917,1,7.75
37344,593,1,178
40513,57,1,47.9900016784668
74055,433,1,112
39259,12,1,13.989999771118164
81878,4,1,115
51333,50,1,185.89999961853027
40590,97,1,21.989999771118164
26524,960,1,49.9900016784668
29770,758,1,50
38426,765,1,112.97000312805176
39949,978,2,51.21000099182128
37908,597,1,74.94000053405762
49810,4,1,201.98999786376953
29252,299,1,116.19000053405762
71327,50,2,224.9900016784668
93139,9,1,119.9499969482422
41154,95,1,270.39999771118164
17178,168,1,37
7440,78,1,34.650001525878906
37785,227,1,12
29129,81,1,60.4900016784668
26006,159,2,322.52999687194824
72581,177,1,55.950000762939446
21492,564,1,25
65021,418,1,22
34476,479,1,89.94999694824217
69100,548,1,279.5
13228,524,2,334.30001068115234
83650,930,1,30
55973,687,1,196.9099998474121
90597,427,1,48.91999816894531
28831,100,1,154.1500015258789
94974,893,1,30.5
51645,1720,1,42
244,361,1,202.3999938964844
20175,919,1,99.5
86959,248,1,73.98999977111816
95223,113,1,22.8799991607666
46627,530,1,139.95000076293945
42299,667,1,119.4900016784668
31230,15,3,107.97000169754028
24738,270,1,68
59362,414,1,195
55034,177,1,101.98999977111816
20659,134,1,11.989999771118164
70182,281,1,307
48934,185,1,17.979999542236328
96056,517,1,36
63547,1439,1,24.989999771118164
12146,277,1,37.5
38114,424,1,49.450000762939446
76531,474,1,65.17000007629395
1326,287,1,190.2200002670288
44606,304,1,22
35950,425,1,62.25
54891,36,1,148.95000076293945
67875,199,1,54
4131,217,1,81.48999977111816
96448,670,1,64.10000038146973
76972,783,1,95
85628,32,1,139.9499969482422
53560,1131,1,239
88184,655,1,149.91999816894528
44904,989,1,25
25379,990,2,47.1200008392334
23215,114,1,11
9149,213,1,308.03999519348145
78446,305,1,105.26000213623048
75200,162,1,15
47019,353,1,98
90348,504,1,15
87102,735,1,109.18000030517578
54642,420,1,34.5
77364,122,1,99.45000004768372
13477,174,1,63.7400016784668
1575,594,1,79.98999786376953
83667,248,3,325.79000091552734
86584,1256,1,37.950000762939446
25897,828,2,118.95000076293945
58529,112,1,82.9799976348877
80656,37,1,12.909999847412108
97968,520,1,46.93999862670898
12521,375,1,75
70291,1,2,378.9499969482422
45153,290,1,60
59408,49,1,59.9900016784668
33769,1589,1,147.99000549316406
92040,170,2,111.97999954223633
23859,223,1,111.93999862670898
18449,664,1,124.47999954223633
66401,134,1,52
94032,813,2,193
35761,845,1,333.99000549316406
38678,150,2,230.9900016784668
83713,251,1,52.450000762939446
89123,1188,1,18
26776,53,1,12
53998,859,1,84.98999786376953
51081,594,1,13.989999771118164
93059,6,3,105.3799991607666
57009,557,1,14.989999771118164
87649,91,1,58.35000038146972
55017,842,1,33.95000076293945
89641,361,1,479
67374,319,1,40.739999771118164
72784,225,1,64.94999694824219
5528,450,1,10.760000228881836
72329,217,1,25
40152,106,1,64.94999694824219
54453,645,1,124.43999671936035
78257,1372,1,7.5
43633,43,1,119.5
39133,422,1,93.98999977111816
76265,22,1,79.98999786376953
37141,65,1,58.380001068115234
60945,968,1,104.98999786376952
21821,1614,1,39.9900016784668
1592,455,1,24.46999931335449
84168,50,1,158.93999671936035
49544,1748,1,62.700000762939446
25757,752,1,26.979999542236328
43069,1183,1,79.5
32249,745,1,26.170000076293945
58389,575,1,315.9000015258789
52100,63,1,36.9900016784668
28296,20,1,25
66873,1356,1,42
93531,154,2,555.6000003814697
3630,164,2,290.6500072479248
79637,693,1,22
76219,841,1,12
13540,389,1,108
81629,151,1,371.3399963378906
48164,277,1,98
80155,726,1,10.06999969482422
9604,631,1,9.5600004196167
97467,704,1,143.72000122070312
92057,510,1,22.989999771118164
68253,154,1,21
2674,166,1,23.43000030517578
72266,1552,1,4.150000095367432
93076,475,1,30
67938,1,1,98
27231,891,1,89.98999786376953
85250,113,1,49.9900016784668
88167,817,1,58
9919,256,1,102.98999786376953
22903,170,1,49.9900016784668
61463,122,2,94.5999984741211
46690,11,1,123.98999786376952
41532,106,1,99.07000255584717
23341,464,1,90
65791,407,1,55.4900016784668
51018,662,1,36.61000061035156
53637,167,1,35.920000076293945
45170,1432,1,178
62983,52,2,178.96999740600586
40261,387,2,118.97999954223633
15956,219,1,104.9800033569336
49498,1270,1,64
27858,1105,1,94
20284,1763,1,29.75
49999,1160,1,92
97450,207,1,266.8999967575073
1655,215,1,74.4900016784668
88559,463,1,244.55999755859375
17885,368,1,330
83149,1029,1,92.5999984741211
84231,177,1,36.9900016784668
93514,904,1,57.08000183105469
33660,509,1,19.5
6610,4,1,239.76000022888184
7503,701,1,28.989999771118164
68190,238,1,114.9900016784668
619,478,1,75
35243,473,1,80.9000015258789
81566,257,2,55.489999771118164
49106,388,2,218
13603,227,1,56.880001068115234
77238,978,1,22.96999931335449
5731,137,1,69.95999908447266
94848,1444,1,52.989999771118164
84028,67,2,97.76000213623047
59110,5,1,119.93000030517578
7174,737,2,84
30225,424,1,73.98999786376953
82256,512,2,157.3499984741211
33142,1140,1,149.9900016784668
70683,600,1,37.97999954223633
24486,1174,1,82.98999786376953
77347,833,1,88.95000076293945
11894,886,1,44.9900016784668
25505,491,1,529.8000011444092
29206,169,1,47.16999816894531
78320,392,1,114.20000076293945
52352,137,2,210.99000549316406
10185,1145,1,49.5
83275,1412,1,36.9900016784668
65963,806,1,38.93999862670898
46753,740,1,11.760000228881836
36843,1310,1,22.950000762939453
58326,77,2,138.97000122070312
72721,752,1,29.989999771118164
25694,302,2,134.94000053405762
34350,916,1,119
55409,1288,1,78
57072,24,1,99.97000122070312
98360,785,1,34.9900016784668
9856,496,1,46.9900016784668
45734,483,1,242
37078,762,1,67.98999977111816
80358,1211,1,157.58999824523926
68456,362,1,54
63046,4,1,179.45000076293945
1200,1125,1,57.45000076293945
52681,266,1,39.950000762939446
50689,234,1,135
54390,96,1,326.17999935150146
59800,844,1,60
76657,1632,1,20.21999931335449
77112,584,1,34.97999954223633
53700,18,1,49.9900016784668
5920,363,1,17.989999771118164
58781,2,1,269
71937,72,1,85.48999977111816
47961,183,1,311.6499938964844
82757,248,1,55.1599998474121
65273,10,1,64.97999954223633
14576,389,1,144.9499969482422
36388,1711,1,75
89249,7,1,36
6484,104,1,36
25960,179,1,103.9000015258789
86521,568,1,318
89375,713,1,22.200000762939453
99113,1307,1,163.4199981689453
87211,945,1,9.949999809265137
81801,47,1,24
95867,625,1,8
56946,35,1,189
77175,293,2,262.9499969482422
9338,463,1,95.14999771118164
46879,79,1,154.99000549316406
38223,57,1,26.989999771118164
72847,23,1,6.389999866485596
91476,1426,1,44
9730,957,1,24.989999771118164
82820,133,1,40.400001525878906
22714,503,1,108.45000076293945
85439,996,1,160.4000015258789
78492,216,2,51.94999980926514
12349,759,1,14.989999771118164
1074,328,1,14
82130,144,1,28
17367,649,1,99.98999786376952
77802,83,2,128.9900016784668
34679,508,1,48
26023,891,1,65
4383,371,1,135.8800048828125
51834,1040,1,47.75
24941,1169,1,129
73474,362,1,57
70228,401,1,60.9900016784668
29959,214,2,768
31668,307,1,298.9900016784668
37533,271,2,473.48999786376953
59173,304,1,29
35996,470,1,30.950000762939453
16975,99,1,15.989999771118164
8319,205,1,79.5
60882,313,1,149.48999786376953
50517,1175,1,15.75
34914,1121,1,46.489999771118164
55927,72,1,160
42943,517,1,69.94999694824219
25631,133,1,58
66292,449,1,141.48999977111816
82522,1526,1,95
43570,770,1,178
24549,70,1,518.4899997711182
74948,1240,1,119
56554,471,1,61.55999946594238
60255,56,1,137.9900016784668
21303,414,1,179
69538,1096,1,88
39242,339,1,185.19000053405762
46189,77,1,100.95000076293945
79574,362,2,319.0900011062622
99050,196,1,28
83902,479,1,24.989999771118164
94722,23,1,249.94999694824216
2611,420,1,44
44300,1504,1,49.9900016784668
15913,173,1,14.989999771118164
86750,200,1,17.850000381469727
95240,1065,2,93.96999931335449
7423,32,2,68.3799991607666
66853,588,1,56
38466,131,1,7.849999904632568
75343,711,1,30
69770,45,1,338
58363,988,1,84.97000122070312
24403,399,1,155
79611,205,1,29.989999771118164
96591,1,1,89.9900016784668
238,281,2,144.94999980926514
31542,1053,1,72
23052,226,1,69.5
71121,44,1,98
48522,145,1,57.29999923706055
14562,247,1,12.989999771118164
75389,1091,3,442.9900016784668
52744,271,1,365.5500030517578
44085,31,1,25
80962,100,1,87.5
13042,787,1,60.040000915527344
35764,108,1,19.989999771118164
63982,177,1,138
81131,301,1,56.59999847412109
69724,1163,1,32.9900016784668
14393,161,2,319.70000076293945
25754,40,1,59.9900016784668
85399,983,1,29
31373,231,1,28
79780,808,1,19.989999771118164
79657,55,1,15.279999732971191
4337,497,1,305.95999908447266
75512,1267,1,29.989999771118164
78429,722,1,160.6500015258789
64028,199,1,55.950000762939446
69601,103,1,59.27000045776367
67022,286,1,135
13165,510,1,27.989999771118164
8943,539,1,121.9799976348877
45774,3,1,114.20999908447266
85568,2,1,48
56889,923,1,78
90849,264,1,144.9000015258789
42780,3,1,36.5
12873,64,1,19.989999771118164
46833,203,1,30.34000015258789
55492,141,1,25
32770,268,1,516.9900121688843
66730,1197,1,49.9900016784668
35595,60,1,110
44423,42,1,40.9900016784668
44254,1787,1,10
56843,211,1,198
65671,76,1,330
34244,53,1,30.989999771118164
11768,1420,1,58.5
45605,220,2,74.94999980926514
47294,1647,1,50
24065,63,1,69.5
1512,418,1,45
38389,363,1,305.0900001525879
26982,1211,1,13
66776,47,1,35.900001525878906
98234,140,1,43.15999984741211
89329,103,1,206
18907,623,1,802.940013885498
54018,19,1,19.989999771118164
74330,190,2,154.68999671936035
59637,54,1,19.989999771118164
45528,181,1,49.9900016784668
36823,1001,1,34
80885,839,1,34.97999954223633
47248,237,2,46.279998779296875
21363,994,1,145.42999649047852
42611,779,2,187.68999862670898
53972,900,1,932.5
51562,454,1,38.470001220703125
87809,608,1,205
61111,902,1,38.9900016784668
70016,930,1,28.899999618530273
18661,767,1,89.93000030517578
16159,118,1,136.0299997329712
4260,1501,1,95
83587,977,1,76
41137,114,1,65
71244,523,1,39.9900016784668
39909,354,1,27.600000381469727
62385,36,1,12.989999771118164
94058,951,1,56.52999877929688
85353,916,1,159.97999954223633
93720,1468,1,88.5999984741211
28456,1087,1,107.85000228881836
41091,15,1,23.3799991607666
86289,341,1,42.29999923706055
61157,334,1,389.6400022506714
6962,1552,1,48.85000038146973
4552,1326,1,346.5
82651,136,1,185.48999786376953
71536,54,2,42.920000076293945
6026,294,1,48.950000762939446
28502,809,1,90
12581,1137,1,8
69355,37,1,49.950000762939446
97742,362,1,156.4399995803833
81592,482,1,39.9900016784668
66438,1683,1,79.5
60865,132,1,5.989999771118164
8359,18,1,79.27999877929686
60344,1445,1,102
67789,662,1,40
53680,71,1,25.989999771118164
37530,121,1,44.5
3570,327,1,140.9199981689453
47417,618,2,148.8799991607666
6793,639,1,29.989999771118164
55077,382,1,73.29999923706055
60650,113,1,71.94000148773193
67483,40,1,28
28041,9,1,81.94000053405762
76325,232,1,25
5442,4,1,202.99000358581543
25508,618,1,25
77676,81,1,10
43716,1233,1,96.5
75927,486,1,25
69186,452,1,170.48999786376953
15329,503,1,184
56428,203,1,14.989999771118164
45067,630,1,25
23421,1851,1,8.960000038146973
36577,107,1,62.400001525878906
77201,455,1,4.5
822,175,1,57.989999771118164
56551,828,1,48
11107,328,1,35.720001220703125
35180,114,1,77.20000076293945
21778,210,2,52.98000144958496
41844,77,1,14.670000076293944
64566,285,1,85.44000053405762
21947,293,1,25
31834,983,1,57.9900016784668
2694,168,1,20.989999771118164
65917,60,1,26
13932,204,1,199.94999694824216
25293,17,1,14
77278,1556,1,169
97344,36,1,30.950000762939453
22760,124,1,9.989999771118164
92661,140,1,27.799999237060547
55369,1591,1,119.98999786376952
60942,148,1,58
83756,795,1,20
38804,1234,1,132.5
67191,778,1,32.5099983215332
28333,1499,1,150
88439,123,1,281.75000381469727
87978,730,1,50.9900016784668
14224,329,1,36
2402,1132,1,26.989999771118164
76617,1426,1,72
94427,1618,1,34
62508,17,1,52
43026,834,1,17.510000228881836
32355,257,1,25
4629,47,1,49.5
45943,454,1,68
60636,207,2,57.139998435974114
991,1752,1,9.949999809265137
57304,51,1,79.5
29209,5,1,82
34582,654,1,51
85522,146,1,154.9000015258789
12352,35,1,106.92999744415283
93245,106,2,300.85999488830566
54785,109,1,32.779998779296875
7669,1170,1,38.5
97573,24,2,34.989999771118164
9833,1527,1,28
52621,541,1,109.90000152587892
78844,144,1,55
63690,629,1,89.5
95409,129,1,188
70431,454,1,58
76033,937,1,51.94000053405762
93351,571,1,178.9900016784668
14808,1221,1,46
42442,552,1,141
40278,81,1,10.949999809265137
57596,127,1,163
95117,944,1,103.93999671936032
97281,53,2,310.9799976348877
38512,37,1,142.5999984741211
79136,578,1,152.4900016784668
52329,47,1,119.98999786376952
40676,522,1,198.94999980926514
92953,62,2,315.4499969482422
75051,33,1,59.9900016784668
83464,1171,1,31.96999931335449
17954,44,1,79.98999786376953
84938,219,1,44
60052,396,3,332.97999572753906
42150,1083,1,54.9900016784668
46527,123,1,95.98999786376952
5903,181,1,25.059999465942383
57888,1304,1,71.98999786376953
50855,93,1,157.9699993133545
71413,95,1,37.2599983215332
37822,3,1,54
39986,46,1,15
53620,84,1,46
90497,728,1,25
63106,566,1,18
94410,695,1,51.59999847412109
82007,726,1,15.989999771118164
54616,21,1,98.9900016784668
40553,1228,1,125.27000045776367
3676,513,1,124.60000324249268
37636,539,1,23.700000762939453
46481,500,1,59.9900016784668
71951,17,2,97
57842,194,1,12
7898,530,1,36.9900016784668
61801,109,1,16.299999237060547
53311,56,1,55.4900016784668
33368,139,1,88.5999984741211
21011,337,1,181.39000129699707
30497,285,1,94.94999694824217
90451,322,2,93.60000133514404
40507,1661,1,63.950000762939446
70646,132,1,49.880001068115234
805,2,1,9.670000076293944
39342,71,1,27
23527,37,1,143
84354,1206,1,13.710000038146973
88977,88,3,322.55999755859375
56136,550,1,133.86000061035156
87440,5,2,187.9399995803833
10815,1158,2,170.93000030517578
29455,294,1,20
3507,333,1,237.4800033569336
37805,22,1,40.96999931335449
50872,167,1,25
76342,258,1,64.98999786376953
12335,31,1,86.9900016784668
66192,353,1,16.5
59053,186,1,34.900001525878906
70414,693,1,63.540000915527344
5150,22,1,208
50918,539,2,88.98999977111816
96285,399,1,65
39680,1578,1,543.989990234375
19783,891,1,126
15037,805,4,592.3700008392334
80132,211,1,49.9900016784668
57410,137,1,12.989999771118164
42090,924,1,73
10955,136,1,49.950000762939446
20842,287,2,891.9899978637695
86229,168,1,102.15999794006348
2448,132,1,128
52146,1035,1,138
34061,47,1,33.9900016784668
27812,125,3,183.25
22654,247,1,36.400001525878906
5674,171,1,99.98999786376952
60527,15,1,12.609999656677246
59531,69,1,105
6670,9,1,79
19737,1580,1,61.2400016784668
34642,885,1,49.5
88808,649,2,118
2033,361,2,275.02999997138977
98970,1661,1,12.989999771118164
26876,375,1,58
20673,2,1,38.9900016784668
70168,567,1,478.9700002670288
6564,61,1,35.939998626708984
66670,465,1,11.989999771118164
40985,1752,1,38.5
99279,160,1,69.23999786376953
44838,1085,1,70
46249,8,3,83.22000026702881
99860,20,1,21.950000762939453
67560,393,1,168
41921,118,2,108.40999984741211
62233,235,1,7.989999771118163
48920,812,1,15
71888,207,1,24.950000762939453
11293,286,1,110.9900016784668
27672,662,1,52.86000061035156
39279,313,1,12.989999771118164
83481,138,1,21
67497,288,1,63.75
38283,3,1,59
49644,23,2,64
32541,376,2,178.13000106811523
66624,1279,1,98
25064,48,1,89.5
65777,21,1,71.98999977111816
56783,1,1,80.12000274658203
90666,1036,1,116.18999862670898
31894,630,1,17
26292,835,1,74.9900016784668
4154,471,1,119
91556,491,2,127.18000030517578
78031,241,1,34.9900016784668
14287,173,1,49.880001068115234
16451,436,1,1.820000052452088
74390,166,1,58
20533,31,1,181.81999969482422
43255,30,1,149.48000144958496
82897,13,1,74.98999786376953
53388,586,1,129.99000549316406
46650,1,1,56.52000045776367
42027,1280,1,29.989999771118164
19305,631,1,37
37699,170,2,220.1200008392334
24174,6,2,99.48000144958496
41781,62,1,38
14977,148,1,234.8400001525879
75864,1158,1,74.98000144958496
21901,291,1,9.989999771118164
178,714,1,21
4091,62,1,30.090000152587887
79505,1311,1,39.9900016784668
11751,754,1,7
32478,1545,1,22
56952,121,1,118.95000076293945
36225,520,1,46
40138,490,1,34.97999954223633
24343,219,1,14.989999771118164
69830,468,2,103.77000045776367
32999,1005,1,21
35704,56,1,6.5
11230,29,1,69
95300,1027,1,16
50809,32,1,33.81999969482422
83939,829,1,59.5
14456,739,1,218.36000061035156
74974,122,2,393.99999141693115
11539,1016,1,142.5
72057,153,2,64.9000015258789
390,150,1,595
76448,328,1,96.95000076293945
868,39,1,71.95000076293945
18721,3,1,74.94999694824217
61386,130,1,82
75452,289,1,163.9900016784668
11061,265,1,114.78000259399414
61864,492,1,53
24649,3,1,118
3922,813,2,219.03999710083008
39969,766,1,90.38999938964844
26813,128,1,46.9900016784668
59943,229,1,36.96999931335449
37390,471,2,107.22000122070312
91247,233,1,25
1343,293,1,245.9000015258789
59700,906,1,65
31313,1227,1,62
61217,22,1,24.989999771118164
45897,7,2,184.9800033569336
83896,413,1,21.5
31788,206,1,64
54725,106,1,70.98999977111816
72578,248,1,34.9900016784668
35747,100,1,179
63922,825,1,122.98999786376953
33952,308,1,14.380000114440918
57258,813,1,240
79886,104,1,97
15283,53,1,95.51000213623047
25860,363,1,118.44000148773193
61343,59,1,274.5
67835,340,1,25
88393,1093,1,12.989999771118164
13809,968,1,365.1100044250488
7317,178,1,68.94999694824219
6255,167,1,28
88914,765,1,53
27397,151,1,73.26000213623047
91831,240,1,203.39999961853027
85582,185,1,112.88000011444092
76926,240,1,120
30729,777,1,939.1199989318848
59116,470,1,19.989999771118164
16726,3,2,70.97999954223633
18847,112,1,54.9900016784668
44317,454,1,86.9900016784668
60006,390,2,342.8899955749512
34536,229,1,29.5
42196,399,1,59.56999969482422
30208,168,1,9.989999771118164
26507,9,1,113.97000122070312
38864,1201,1,20
88287,62,1,13.489999771118164
95947,783,1,36.9900016784668
41506,902,1,180
56995,1243,1,69
86813,62,1,158
98174,320,1,231.5600004196167
13225,269,1,153.79000091552734
91141,70,1,54.9900016784668
54204,208,2,217
81838,249,1,38
62860,305,1,14
9003,274,2,56.94000053405762
88330,280,1,67.5
55721,31,1,25
49229,330,1,44.97999954223633
28087,758,1,69.5
53557,591,1,57.93000030517578
41612,31,1,33.95000076293945
67039,404,1,39.9900016784668
51393,203,1,15
95363,45,3,229.75
16036,519,2,410.94999980926514
52083,414,1,13.520000457763672
11708,82,1,14.899999618530272
75495,893,1,29.989999771118164
15346,573,1,39.950000762939446
84692,509,1,49
12641,630,1,213.94000244140625
17510,652,1,192.98000526428223
91725,1171,1,143.86999893188477
80364,926,1,98
96053,955,1,120.94000053405762
86856,1116,1,205.98999977111816
65857,80,2,69.98999977111816
19826,123,1,85
17573,736,1,8.039999961853027
73683,138,1,10.380000114440918
9083,310,1,58
87746,1648,1,34.9900016784668
62940,7,1,237.2200002670288
33202,63,1,24.299999237060547
47526,555,1,227
4197,68,1,25
87105,1247,1,88
41692,584,1,197.95000076293945
72332,4,1,48.75
76385,354,1,201.9799976348877
65811,60,1,163.48999977111816
25445,776,1,11.989999771118164
96946,1351,1,110.89000153541565
92014,885,1,21.949999809265137
81317,1104,2,274.9800033569336
41074,1482,1,89.44000053405762
80776,27,1,89.5
24758,411,1,85.9900016784668
2159,3,1,188.94000625610352
32369,237,1,48
46693,302,1,155
48708,18,2,167.45999908447266
85585,231,1,44
53617,910,1,156
5671,400,1,9.8100004196167
94075,832,1,25.989999771118164
37639,481,1,59
16099,50,1,47.95000076293945
83570,160,3,61.27999973297119
50397,4,1,57.9900016784668
4984,220,1,449.0399971008301
18970,139,1,104.95999717712402
96113,834,1,9.949999809265137
93534,824,1,53
17450,56,1,14
28270,93,2,134
51579,863,1,47.9900016784668
72827,43,2,273.0600004196167
60925,172,1,79.5
5030,373,1,12.989999771118164
68187,136,1,52
14579,93,1,534.9300193786621
64855,579,1,64.98999977111816
9421,2,1,16.989999771118164
81609,56,4,287.5500030517578
46985,1535,1,70
73119,499,1,18
30669,17,1,99.98999786376952
97464,1292,1,18
58346,100,2,158.95000076293945
41151,1332,1,79.98999786376953
99525,780,1,184.94999694824216
91204,446,1,18.6200008392334
68482,1178,1,242.68999862670898
22359,522,2,95.48000144958496
87623,160,1,245.20000076293945
28608,488,1,12.989999771118164
53494,97,1,98
63232,288,2,149.94000053405762
90955,981,1,21.590000152587887
37347,381,1,9.380000114440918
2969,186,1,359.9900016784668
3218,1659,1,358.99000549316406
7901,74,1,74.94999694824217
20885,107,1,179.2300033569336
4692,650,2,68.70999908447266
46939,481,2,204.95000076293945
86149,16,2,95.4900016784668
63919,359,1,453
41984,297,1,34.9900016784668
75280,877,1,10.5
97510,1353,1,162.13000106811523
43607,1587,1,80.72000026702881
30623,1007,1,55.1599998474121
22900,1056,1,15.159999847412108
98984,8,3,251.61999702453613
2677,190,1,57.9900016784668
56534,292,1,68.9000015258789
97407,29,2,51.65999984741211
80089,8,1,32
10941,193,2,186.55000019073486
23925,808,1,54
32292,108,1,55
53391,1135,1,64.5
24466,38,1,37.989999771118164
86046,1360,1,99.98999786376952
20782,426,1,42.5
8880,701,1,49.9900016784668
34353,601,1,108
99863,162,1,14.989999771118164
79797,1190,1,55.5
2631,1396,1,44.9900016784668
76159,1,1,64
70351,937,1,80.94999980926514
66272,31,1,101
54865,6,1,14
25814,28,1,78.95000076293945
12415,325,1,99.98999786376952
20241,743,1,74.97000122070312
60699,467,1,44.9900016784668
82588,533,1,79
49979,477,2,49.989999771118164
10400,649,1,464.4499969482422
57639,218,1,115
61340,162,1,142
69000,397,1,20
41489,158,1,39.9900016784668
52684,248,1,484.9699993133545
32833,291,1,19.989999771118164
8714,157,1,7.989999771118163
69143,567,1,302.55999755859375
97361,236,2,152.02000045776367
76803,29,1,56
5797,137,1,9
54081,116,1,27.21999931335449
31436,406,1,199
74788,1088,1,169.99000549316406
83985,456,1,113.2300033569336
77321,1527,1,56
39451,97,1,226.95999908447266
75329,1111,1,39.9900016784668
90391,656,1,354.5
19385,819,1,274.96000480651855
60464,4,1,34
47062,736,1,17.5
79030,870,1,49.5
95346,466,1,46
61005,755,1,38.47999954223633
42797,501,1,24.989999771118164
6009,649,1,19.600000381469727
40633,180,1,44
37052,75,1,25
83421,684,1,78.7699966430664
82070,1063,1,278.8900032043457
4443,220,1,43.52999877929688
15976,33,1,47.9900016784668
61881,817,1,230.98000526428225
7271,421,1,197.20999908447266
75406,58,1,41.9900016784668
38008,593,1,19.5
71227,591,1,38.880001068115234
95180,608,1,72.32000160217285
92475,224,1,52
5399,3,1,28.15999984741211
25571,28,1,98.47999954223633
27978,84,1,89
56614,374,1,39.9900016784668
11413,1469,1,11.989999771118164
88084,301,1,84.85000133514404
75847,1047,1,49.950000762939446
6089,481,1,49.9900016784668
19073,6,2,147.63000202178955
27337,407,1,49.9900016784668
19677,224,1,155.12999629974365
95472,693,1,148
55475,349,1,125
32661,207,1,11.25
31038,358,1,8.989999771118164
24005,49,1,59.9900016784668
60158,299,1,17.989999771118164
16617,901,2,75.9000015258789
45253,5,2,166.95000076293945
29272,1343,1,22.989999771118164
32604,274,1,33.599998474121094
45588,879,1,99.98999786376952
10629,481,1,189.97999954223633
84291,627,1,53
99110,168,1,68.94999694824219
53909,35,1,75
33351,34,1,79
19534,1272,1,120.93999862670898
86518,267,1,133.05999946594238
38910,329,1,27.64999961853028
15684,44,2,247.8400001525879
75157,94,1,97.3000030517578
69833,25,2,41.9900016784668
61632,1002,1,158.44000053405762
69292,817,1,48.780001640319824
52976,276,1,197.95000076293945
47603,41,1,147.98999786376953
21008,16,1,116.96000289916992
50271,835,1,194.48000144958496
94178,240,1,40
81194,9,1,49.64999961853027
29564,495,1,25
43965,439,1,48
56949,93,1,35.72999954223633
88917,478,1,6.989999771118164
10480,160,1,208.84000205993652
76574,202,1,15
65213,4,1,102.98999786376952
2216,1291,1,102.29999923706055
14118,106,2,48.14999961853027
76723,702,2,69.97999954223633
98512,66,1,29.950000762939453
97971,204,2,66.98999977111816
58197,1327,1,26
17739,323,1,72.98999977111816
5336,324,1,16.780000686645508
15747,151,1,398
61114,416,2,271.9499969482422
20656,7,1,74.5
23573,455,2,116.9599974155426
24569,38,2,61.1899995803833
16743,755,1,52.5
1423,78,1,136.5
70600,221,1,73.70999908447266
75509,74,1,32
22671,83,2,119.4900016784668
94765,838,1,202.13000059127808
65668,967,1,267.95000076293945
38987,286,2,65.32000064849854
95761,87,1,48
28505,1276,1,52.9900016784668
404,1154,1,39.97999954223633
29501,1619,1,446.4699993133545
45817,887,1,39.9900016784668
50749,45,1,21.079999923706048
88791,186,1,64.98999786376953
67065,374,1,24.989999771118164
28104,309,1,111
54144,829,2,78
23713,84,1,46.950000762939446
450,485,1,158.7100067138672
83358,6,1,9
35074,620,1,44.88999938964844
5860,77,1,30.709999084472656
82362,95,1,317.86000061035156
98818,29,2,78.39999961853027
10337,440,1,60.989999771118164
30975,792,1,13.520000457763672
84832,95,1,24.989999771118164
77570,111,1,49.5
94224,1133,1,34.900001525878906
28960,785,1,30
68084,1342,1,30.979999542236328
36454,657,1,13.590000152587892
31585,81,1,194
945,157,1,87.3100004196167
16265,560,1,224.94999694824216
15701,174,1,24
69063,1090,1,53.9900016784668
87457,749,1,106.94999694824217
98277,852,1,50.97999954223633
64148,698,1,138
80965,823,1,64.5
46836,54,1,89.94999694824217
22193,82,1,202.9900016784668
7712,694,1,51
10291,86,1,13.649999618530272
14227,171,2,62.20000076293945
31539,404,1,25
13686,36,1,238.97999954223633
40908,12,2,140
42900,193,1,29.989999771118164
25047,402,1,8.989999771118164
52269,1134,1,9.989999771118164
83922,1738,1,217.79000473022464
26152,87,1,44.5
52701,156,2,74.5
60776,283,1,149.9800033569336
27563,75,1,49.5
71934,241,1,20.989999771118164
30065,4,1,14.989999771118164
50686,323,2,36.739999771118164
55844,68,1,57.9900016784668
90265,726,1,54.950000762939446
34997,825,1,47.97999954223633
28167,71,2,413.6599941253662
97298,944,1,11.989999771118164
60172,75,1,188.73999977111816
62674,160,2,207
45479,639,1,196.98999977111816
32495,273,1,57.170000076293945
18280,931,1,60.560001373291016
98200,771,1,100.8000030517578
95197,218,1,55.950000762939446
72561,1132,1,172.75
93182,47,1,20
76952,218,1,31.989999771118164
90328,586,1,22.989999771118164
55704,212,1,93
41386,13,1,17.989999771118164
52206,147,1,54.8799991607666
47878,3,1,39.950000762939446
42963,603,1,193
32973,62,1,34
33122,244,2,72.49000000953674
20138,10,1,239
68539,640,1,46
64211,44,1,18.950000762939453
54221,74,1,81.2699966430664
21761,36,1,129.92999267578125
79900,78,1,58
96866,148,2,31.829999923706055
31602,69,1,146
2388,25,1,25
467,565,1,313.95000076293945
18618,42,1,41.29999923706056
36517,24,1,89
65731,344,1,101.98999786376952
47337,182,1,58.9900016784668
96176,320,1,20.460000038146973
14682,593,1,103.31999969482422
86979,395,2,73.48999977111816
84815,833,1,508.98999977111816
8731,1245,1,48
98340,741,1,29.989999771118164
80487,1153,1,29.989999771118164
3862,177,1,3.990000009536743
79946,750,1,258.85000228881836
27901,5,1,96
23988,628,1,109.98999786376952
1008,1303,1,45
13411,856,1,248.5
73102,88,1,89
67268,1420,1,78
69189,659,1,59
15332,266,1,79.5
7672,905,1,202
90437,456,2,421.5699996948242
95134,80,2,72.93000221252441
2740,563,1,40
3736,1387,1,25
92429,97,1,32.349998474121094
11396,165,1,25
92123,365,2,89.9800033569336
70397,363,1,65.98999977111816
93119,771,1,15
2050,1049,1,81
16116,927,1,112.93999862670898
95824,127,1,11.170000076293944
53202,470,1,82
89747,213,1,352.9900016784668
55366,1503,2,306.9499969482422
35890,108,1,101.98999977111816
39803,537,2,116.75
71871,43,1,27.979999542236328
69707,105,1,136.69000053405762
5445,143,1,17.989999771118164
14101,146,1,148
44672,445,1,41.41999816894531
20029,177,1,59.450000762939446
51164,513,1,24.989999771118164
73886,57,1,25
68648,1747,1,25.200000762939453
66727,665,2,224.45000076293945
21283,721,1,17.8799991607666
55907,403,1,3.990000009536743
71722,796,1,24.299999237060547
95698,58,1,68.5999984741211
14791,336,1,62
41841,249,1,84.98999977111816
32080,636,1,87.38000106811523
85811,283,2,39.93000030517578
38572,146,1,9.989999771118164
90680,580,1,70.58999633789062
49933,250,1,41.400001525878906
42531,419,1,107.40000057220459
9358,16,1,54.5
18555,17,1,346.5
45236,842,1,37.950000762939446
74450,1196,1,235.8799991607666
702,895,1,19.989999771118164
12063,49,1,105.55999755859376
79860,1216,1,59.9900016784668
47941,452,1,63.59999847412109
71353,366,1,37.950000762939446
67025,59,1,20.40999984741211
81005,569,2,278.88000106811523
6504,309,1,38.52999877929688
23816,17,2,995.8900032043457
72349,139,1,25.5
88273,583,1,178.22999572753906
93597,351,1,14.989999771118164
5900,5,1,154.35000610351562
66006,649,1,219
96302,103,1,59.9900016784668
20507,78,1,39.9900016784668
98615,663,2,173.77000045776367
882,1090,1,74.98999786376953
47463,47,1,135
43135,108,2,175
45542,1070,2,123
94828,205,1,75.9900016784668
56119,668,1,99
2262,138,1,179.05000114440918
97235,401,1,37.950000762939446
53955,1122,1,23
99156,586,1,90.3000030517578
90743,1588,1,144.22999954223633
43378,60,1,36.5
86415,109,1,23.989999771118164
9146,124,1,93.97999954223633
17802,40,3,292.12000274658203
73039,216,1,59.25
12933,753,1,49.9900016784668
17261,605,3,214.07999992370605
70875,130,1,79.9800033569336
19966,34,1,161.98999786376953
75203,16,1,88
75744,177,1,59.9900016784668
77367,345,1,80.8900032043457
4277,42,1,61.8700008392334
66547,1115,1,14.399999618530272
71416,47,1,9.4399995803833
43919,108,1,39
69644,800,1,416.45999908447266
40673,278,2,92
4967,120,1,24
77218,480,1,81.35000228881836
38509,678,1,58.5
36345,659,1,19.950000762939453
52332,201,1,39.950000762939446
92366,203,1,40
46232,743,1,13.81999969482422
51642,1220,1,39.9900016784668
44068,338,1,198.94999694824216
63003,198,1,35.97999954223633
37576,711,1,34.93000030517578
57593,51,1,42
28920,98,1,24.989999771118164
66790,551,1,25
64626,373,2,56.989999771118164
51101,815,1,24.950000762939453
48396,943,1,58.950000762939446
61921,1030,1,86.5
71659,253,1,63.970001220703125
65167,24,2,119
925,2,1,30
66189,798,1,27
59027,591,1,29.989999771118164
29312,1414,1,9.989999771118164
36474,1,1,36
69106,644,1,57.9900016784668
19494,1508,1,267.9300003051758
64861,894,1,68.50000190734863
78924,1,1,83.58000183105469
16577,317,1,110
90308,896,1,29.979999542236328
70457,50,2,149.56999969482422
25044,633,1,90.83999824523926
37825,1439,1,161.98999977111816
57676,680,1,65
87437,353,1,19.989999771118164
8064,595,1,15.050000190734863
39153,404,1,99
74656,357,1,39.5
13706,245,2,149.8799991607666
91705,8,2,94.98999977111816
98775,457,1,24.989999771118164
60401,401,1,34.959999084472656
63318,1462,1,25
52080,60,1,39.9900016784668
84712,494,1,109.96999931335449
19448,141,1,221.68000411987296
9438,561,1,39.950000762939446
25090,73,1,59.5
42070,863,1,12.989999771118164
15180,21,1,189
47812,165,1,42
57722,114,1,42
63464,953,1,25
81649,535,1,36.75
43544,1278,1,69.30000305175781
46461,1087,1,21.64999961853028
42216,876,1,21.950000762939453
45133,21,1,309.69999980926514
76099,40,1,27.89999961853028
79093,411,1,119
24898,68,1,73
36305,741,1,15.640000343322754
91513,625,1,17.989999771118164
1117,74,1,234.98000526428223
32083,450,2,117.98999977111816
54928,279,1,124
64715,232,1,48
77404,35,1,230.17999267578125
98698,30,2,255.97000122070312
78801,174,4,240.2299976348877
23524,1198,1,55
802,321,1,29.989999771118164
79047,410,1,87
64984,379,1,74.94999694824217
56325,66,1,249.94999694824216
9630,327,1,19.200000762939453
10958,851,1,58.489999771118164
22365,766,1,119
34762,197,1,72.35000038146973
32352,777,1,8.949999809265137
22342,142,1,12.590000152587892
13514,354,1,198
46146,165,1,66.98999977111816
77450,87,1,30
43736,477,1,99.73999786376952
98967,892,1,109.98999786376952
60278,430,2,284
55120,764,1,129
64938,269,1,88
30563,476,1,31.989999771118164
38140,928,1,184.9399995803833
9753,1399,1,142.36999893188477
68791,46,1,50.99000072479247
39030,526,1,27.959999084472656
89103,597,2,39.989999771118164
16892,935,2,151.47000122070312
51811,917,1,175
2199,1167,1,356.30999755859375
64500,238,1,92.5999984741211
18220,1260,1,100.80999755859375
73451,47,2,106.5
25359,52,1,39.9900016784668
2637,164,1,105.88999938964844
85794,6,1,21.989999771118164
40596,301,1,88.98999977111816
87122,72,1,22.609999656677246
37510,670,1,22.96999931335449
16262,325,1,132.3000030517578
81526,15,1,36.950000762939446
40988,866,2,248.9699993133545
86186,193,1,79
30955,23,1,123
18266,63,1,12
26295,788,1,11.989999771118164
46607,6,1,6.989999771118164
24967,14,2,189.25000381469727
96219,197,1,37.5
9315,821,1,222.7799997329712
49455,6,2,152.58999824523926
27815,636,1,124
84666,885,1,29.989999771118164
59196,31,1,59.58000183105469
71931,18,1,25
51619,426,1,57
50729,1215,1,23.989999771118164
41778,107,2,108.70000076293945
72867,1144,1,12.949999809265137
74533,686,1,338.91999912261963
6275,1401,1,262.4799995422363
79408,88,1,170.43999862670898
58160,620,1,29.89999961853028
17782,350,1,44.9900016784668
73059,26,4,353.1200017929077
94699,312,1,19
6713,32,1,19.989999771118164
83046,1097,1,395
60324,161,1,167.9800033569336
9123,786,1,18.25
83192,343,1,60.73999977111817
7649,84,1,499
5485,151,1,25.11000061035156
28207,478,1,172.10999965667725
30371,129,1,46.700000762939446
61798,131,1,8.949999809265137
27961,335,1,23.200000762939453
26879,1565,1,1059.0500030517578
11419,14,1,74.94999694824217
70019,171,1,19
87829,898,1,319
31814,585,1,100
75094,18,1,22.5
10566,119,1,37.79999923706056
3404,598,1,200
94968,602,1,19.989999771118164
99259,4,1,47.97999954223633
85150,843,1,64.98000144958496
33165,16,1,148.68999862670898
73720,38,1,175
41088,1176,1,398.00999450683594
94115,63,1,39.950000762939446
87045,335,1,50
35346,7,1,9.989999771118164
75784,147,2,144.73999786376953
63710,300,2,84.57999992370605
72415,1188,1,49.950000762939446
17184,713,2,21.860000133514404
91436,140,1,180
9192,1043,1,25.40999984741211
89395,153,1,13.75
1930,183,2,77.95000076293945
80006,439,1,32.9900016784668
34639,37,1,394.98000144958496
52372,6,2,162.67999649047852
54536,100,2,114
34141,533,1,146.48999977111816
78340,506,1,40.950000762939446
66773,84,1,48
11748,2,1,18
35913,23,2,431.9800052642822
31124,124,2,62
158,664,1,150.93000030517578
88021,209,1,75
656,511,1,49.950000762939446
62551,168,2,393.98999786376953
58758,378,1,21.989999771118164
88396,76,1,415.3900146484375
32598,581,1,80
25857,176,2,74.43000030517578
13122,627,1,34.9900016784668
53915,115,1,14.949999809265137
35844,398,1,49.950000762939446
57161,691,1,242.55000686645508
13391,49,3,124.95000267028809
99090,694,1,84.9900016784668
47105,91,1,12
66458,489,1,232.5
11227,1377,1,239
21137,89,1,229.05000114440918
42654,384,1,199.9900054931641
51290,69,1,24.989999771118164
64025,451,1,49.9900016784668
68353,135,1,208.8999967575073
79677,91,1,25.989999771118164
92910,53,1,61.560001373291016
71270,131,1,34.97999954223633
22488,519,1,27.989999771118164
78111,774,1,12.979999542236328
19179,110,2,328.98999977111816
34831,861,1,182.47999572753906
63633,465,1,184.94000148773193
40819,285,2,175.92999649047852
97132,940,1,37
71164,801,1,49
56010,634,1,62.36000061035156
30042,131,1,25
58237,1351,1,56.77000045776367
74802,685,1,118.20999908447266
37679,344,1,39.97999954223633
75884,583,1,82
27194,372,1,7.989999771118163
85963,129,1,87.93000221252441
98114,1205,1,49
13975,450,1,215.98999977111816
54636,778,1,63.989999771118164
58927,536,1,76.5
28668,487,1,613.4700012207031
5946,5,1,39.179999351501465
80567,1000,1,32.4900016784668
7028,5,1,58.64999961853028
95260,1214,1,104.92999935150146
92518,2,1,29.989999771118164
98506,514,1,15.279999732971191
79485,803,1,39.950000762939446
68024,34,1,65
70188,448,1,29.989999771118164
22817,515,1,16.989999771118164
72744,77,1,109.0999984741211
93886,240,1,122.96999931335448
44065,296,1,25
50606,765,1,15
72246,3,1,65.95000076293945
18097,121,1,10.5
65313,1250,1,97
27692,449,1,15
48250,144,1,7.900000095367431
64231,832,1,49.5
50414,1332,1,50.989999771118164
37181,689,1,129.95000076293945
38263,83,1,38
59511,1090,1,41.9900016784668
30248,999,1,169.99000549316406
4280,19,1,8.800000190734863
83315,838,1,20.989999771118164
60593,349,1,9.119999885559082
61675,1140,1,289.9499969482422
29166,148,1,35.9900016784668
3012,505,1,53.489999771118164
48379,305,1,23.450000762939453
40221,1028,3,159.5
98323,373,1,141.6199951171875
78094,296,1,90
45462,653,1,213
67019,179,2,140
20324,37,2,243.24999809265137
19992,302,1,48.950000762939446
37304,155,1,34.5
65691,44,1,99
89478,429,2,293.9000015258789
61469,917,1,227
81320,707,1,39.9900016784668
1801,133,1,72
34433,268,1,56.989999771118164
55827,252,2,64
7042,57,1,7.980000019073486
85041,272,1,20
55326,64,1,222.94000053405762
87958,1472,1,60.6899995803833
27440,735,1,84.48999977111816
57155,289,1,19.989999771118164
72638,201,1,149.5
21721,332,1,26.6200008392334
99342,587,1,25
84022,7,1,172
77075,247,1,100.52000045776367
44443,559,1,259.8600044250488
51390,884,1,67.50000190734863
71101,2,1,59.9900016784668
10414,84,1,119
41380,2,2,427.9900016784668
94905,546,1,49.9900016784668
45631,1,1,107.5
76929,612,1,81.4300012588501
66879,29,1,70
21798,370,2,24.979999542236328
34124,25,1,29.65999984741211
92349,633,1,72.75
84191,789,1,350
90683,493,1,41.959999084472656
2966,4,2,149.8300018310547
59402,1185,2,103
35767,256,2,114.67999839782715
3135,32,1,107.29000473022461
30188,69,1,46.9900016784668
85542,1367,1,29.989999771118164
54161,167,1,98
12876,90,1,36
26939,595,1,273.4900016784668
82293,416,1,89.5
25465,263,1,63
14350,83,1,35
90729,786,1,109.5
21658,1082,1,69
89495,25,1,37.720001220703125
17330,835,1,1006.8000030517578
73511,110,2,127
22986,86,1,38.570000648498535
21575,1118,1,110.7300033569336
61108,1012,1,69.0999984741211
18658,144,1,25
13500,1514,1,250
43215,726,1,7.989999771118163
48018,31,1,64.94999694824219
19050,923,1,345
64463,643,1,79
7357,564,1,178
82986,152,1,32.9900016784668
94759,1273,1,109.9499969482422
410,347,1,19.989999771118164
25605,35,3,301.6500053405762
29687,132,1,27.979999542236328
24277,450,1,20.89999961853028
8293,186,1,39.5
89541,363,1,163.63999938964844
51327,414,1,69.94999694824219
45917,446,1,146.10000038146973
28213,476,2,89.87000179290771
29541,796,1,211.89999389648438
65628,796,1,48
61546,454,2,186.93000030517578
50935,547,1,9.899999618530272
43988,428,1,59.9900016784668
68247,3,1,69.94999694824219
21074,1207,1,168.97999954223633
38386,1289,1,158.4900016784668
42714,977,1,150
28651,640,1,25
76259,167,1,138.44999980926514
73703,559,1,79.44999694824217
83736,5,1,38.9900016784668
67211,663,1,15.989999771118164
4941,184,1,65
80238,15,1,40.880001068115234
8439,577,1,23
17138,187,1,134.98999786376953
8877,1423,1,49.4900016784668
11041,996,1,115.7599983215332
79800,764,1,143.29999923706055
80882,64,1,15.949999809265137
9959,5,1,55
61406,22,1,91.77999877929688
31599,547,1,14.949999809265137
80192,230,1,54.970001220703125
82356,1003,1,44.9900016784668
57470,365,1,169
31207,311,1,6.989999771118164
32289,191,1,68.35000228881836
53929,239,1,231.15999794006348
42322,437,2,169.34999465942383
65044,127,2,209.9499969482422
59634,45,1,80.95000076293945
52847,2,1,14.090000152587892
63962,498,1,178
20905,799,1,48.970001220703125
12249,714,1,199.94999694824216
23822,601,2,173.5
9332,555,1,14.989999771118164
59465,3,1,74.98999786376953
2193,579,1,285
35206,217,1,41.239999771118164
49315,255,1,55
16683,238,1,36
37696,64,1,28.92000102996826
27048,490,1,29.989999771118164
45854,207,1,69
77467,80,2,144.17000007629395
89040,709,1,8.470000267028809
2382,1049,1,28
26358,171,2,113.84000205993652
5800,749,2,158.56999969482422
83630,113,1,64.98999786376953
2883,249,1,130.95000076293945
54745,212,1,79.5
86123,633,1,64
41824,90,1,170.94000244140625
27377,132,2,164.98999977111816
27832,33,1,134.4499969482422
44689,1090,1,30
88350,282,1,87.98999786376953
6819,949,1,15
59136,1307,1,39.9900016784668
91768,204,1,45.989999771118164
94324,571,1,55.95000076293945
14742,60,1,113.98999977111816
9501,42,2,327
70348,519,1,68.9900016784668
33305,230,1,79.5
63856,360,1,37.950000762939446
12578,309,1,170
46544,196,1,3.950000047683716
80427,766,1,28.979999542236328
87185,289,1,37.79999923706056
54553,77,1,64.58000183105469
69873,1119,1,137.8800048828125
46069,894,1,46.220001220703125
13437,4,1,25
73076,15,1,25.770000457763672
89349,354,1,13.399999618530272
29275,188,2,348.9900016784668
60484,364,1,68.94999694824219
37931,1693,1,112.9799976348877
77965,163,1,6
87875,511,1,37.130001068115234
36680,182,1,91.43000030517578
84629,248,1,54.900001525878906
57238,812,1,18
28024,570,1,144.36999702453613
22442,1029,1,46
13958,623,1,23.229999542236328
10022,65,1,148.99000549316406
16514,444,1,25
53769,8,1,39.950000762939446
76491,402,1,233.42000579833984
97049,393,1,92.18000030517578
55933,241,1,39
73245,152,1,19.989999771118164
14911,1006,1,39.9900016784668
98068,39,2,121.96999931335449
72100,273,1,51.98000144958496
93242,1063,1,30
54788,101,1,82.12000274658203
18349,25,1,24.950000762939453
55180,463,1,270.85000228881836
76820,11,2,121
10191,3,2,26.989999771118164
50852,717,1,129.98999977111816
31831,694,2,69.15999794006348
50354,371,1,39.9900016784668
80650,117,1,249
29212,1318,1,32.95000076293945
54490,867,1,118
82877,54,1,26
56909,461,1,11.399999618530272
11210,218,1,72
6882,591,1,50
4028,625,1,129.98000144958496
7274,729,1,61.9900016784668
93932,519,1,59.5
60845,373,1,217
61927,376,1,196.98999977111816
99797,222,1,17.969999313354492
78157,666,1,22.989999771118164
10975,539,1,54
82485,148,1,62
71018,896,2,173.97999954223633
99150,120,1,94.5
77510,250,1,129
21987,250,1,78.89999961853027
53706,1162,1,42.9900016784668
94822,773,1,59.9900016784668
15495,251,1,23.989999771118164
34971,1819,1,68
62711,248,1,76.9900016784668
34579,255,1,82.5999984741211
36743,783,1,52
41071,644,1,75.93000030517578
97284,791,1,31.950000762939453
70626,110,2,234.98999977111816
95512,557,1,25
91184,5,1,101.39000129699707
76036,395,2,139.98999977111816
98758,193,1,49.9900016784668
96594,217,1,16.950000762939453
93348,98,1,186.9499969482422
89020,3,1,56.709999084472656
66521,440,1,67.48999977111816
83501,164,1,89.5
58695,1045,1,70
91327,666,1,163.85000038146973
56703,1071,1,123.11999893188477
81509,244,1,61.790000915527344
24071,933,1,80.9900016784668
72117,391,1,78
80822,276,1,158
48190,1321,1,25.5
72996,320,2,25.989999771118164
82814,208,1,107.98999786376953
70125,523,1,13.989999771118164
86372,1790,1,169.98000717163086
51748,114,1,12.890000343322754
14207,216,1,248
58741,1485,1,12.989999771118164
63132,565,1,18
90686,543,1,34.9900016784668
75034,301,2,162.9900016784668
35455,27,1,45.5
81981,68,1,17.450000762939453
60779,1231,1,79.71000003814697
6335,983,1,88
28147,186,4,198.82000350952148
71599,1114,1,5.989999771118164
17078,22,2,177.98999977111816
36975,137,1,7.989999771118163
73514,96,1,90
4343,456,1,17.899999618530273
41569,83,1,7.949999809265136
36288,32,1,83.9900016784668
16763,2,1,19.89999961853028
8937,525,2,199.98999786376953
27583,290,1,9.949999809265137
30454,195,1,31.989999771118164
52266,854,1,24
70912,91,1,59
92847,63,2,123.22000122070312
17642,677,2,148.5900001525879
92724,131,1,13.119999885559082
19634,687,1,117.75
28462,97,1,42.98000144958496
60092,763,1,19
94198,208,1,129
39013,1321,1,155.8700008392334
41005,341,2,27.989999771118164
26942,342,1,14
83378,815,1,25
29103,175,1,119.5
15040,398,1,21.899999618530273
94762,583,1,40
82860,45,1,74.94999694824217
62253,250,1,163.9900016784668
51433,194,1,101.88000106811523
50351,12,2,94.5
82983,3,1,265
60261,299,1,37.5
55701,39,1,98
47875,483,1,45.650001525878906
42717,1708,1,16.989999771118164
92329,786,1,186
40049,10,1,44.950000762939446
29982,280,1,45
21718,857,1,45.29999923706056
61297,834,1,54
908,309,1,24.479999542236328
72478,18,2,344.5999984741211
73560,8,1,181.9900016784668
95200,672,1,25
47921,482,1,54.9900016784668
5379,115,1,59.7400016784668
41838,584,1,650
98197,1333,1,119.4000015258789
20590,22,1,29.989999771118164
3905,69,1,69.5
91891,153,1,24.989999771118164
12169,6,1,153.73999977111816
47042,471,1,38
57862,3,2,237.80000019073486
57613,1186,1,89.98999786376953
32979,37,1,29.989999771118164
12418,385,1,15.6899995803833
2777,1318,1,215.89999961853027
9816,44,1,23.989999771118164
86687,445,2,334.2299995422363
96720,518,1,29.989999771118164
68041,191,1,46.9900016784668
99671,1202,1,76.48999786376953
85900,176,1,13.729999542236328
88851,223,1,138
33620,1494,1,143.43999767303467
23630,696,1,14.760000228881836
13205,351,1,25
76554,1115,1,107.98999977111816
54914,846,1,9.40999984741211
89289,239,2,266.470006942749
89538,1044,1,15.279999732971191
67649,310,1,15
65734,856,1,62
88207,598,1,47.430000305175774
77387,11,1,209.85000610351562
66567,30,1,32.95000076293945
1944,143,2,246.729998588562
86733,122,1,89.9000015258789
54224,88,1,39.9900016784668
67208,315,2,42.30000114440918
56093,101,1,216.8899917602539
58257,1566,1,32
34453,33,1,68
11731,549,1,37.989999771118164
10649,199,1,57
73434,1334,1,78
86169,1314,1,79.94999694824217
50620,472,1,159.64999389648438
35893,6,1,233.98000717163086
64778,332,1,34.599998474121094
41964,729,1,118
48628,98,1,132.98999977111816
98761,46,2,74.98999977111816
50477,193,1,50.61000061035156
27380,392,1,103.9499969482422
18724,302,1,142.8000030517578
40756,68,1,251.7800006866455
18034,1497,1,42
80381,94,1,27.950000762939453
45757,373,1,168.61000442504883
94682,788,1,270.55999755859375
81071,637,1,19.989999771118164
19508,225,1,25
3733,365,1,21
22754,333,1,494.1100044250488
49787,1110,1,34.95000076293945
60530,23,1,54.930000305175774
47795,1352,1,9.380000114440918
41131,413,1,15
36411,16,1,389.98999977111816
71035,1183,1,24.819999694824215
69043,1753,1,108.51999855041504
79740,18,2,270.98000144958496
17201,223,2,39.97999954223633
39923,478,1,15.989999771118164
58492,220,2,109.64999961853027
61738,464,1,31.800000190734863
72558,61,1,30.40000009536743
42087,905,1,19.950000762939453
16119,232,1,79.5999984741211
17891,542,1,213.1600036621093
73122,571,1,24.989999771118164
72040,78,2,57.85000228881836
5817,731,1,11.989999771118164
51310,824,1,108
19883,929,1,29.989999771118164
92598,403,1,264.5
52784,1724,1,92.84999656677245
18160,1643,1,86.48999977111816
18552,1374,1,127.51000213623048
59305,163,1,59.9900016784668
14851,43,1,60
75990,1628,1,14.899999618530272
89209,713,1,36
96846,687,1,69.98999786376953
72352,860,1,114.18999862670898
23066,222,1,78
1177,794,1,39.97999954223633
85336,376,1,29.950000762939453
87251,273,1,63
76431,736,1,44
35409,1045,1,225
64088,5,2,194.9900016784668
22425,611,1,46.9900016784668
13769,1004,1,84.27999877929686
41758,197,1,246
35017,147,1,60
33935,174,1,25
32020,110,1,14.989999771118164
45004,410,1,103.4900016784668
58821,109,1,54.85000038146973
55575,7,1,84.5
42840,202,1,145
69641,153,1,58
32853,3,2,209.43000411987305
54742,574,1,132.9600009918213
46919,612,1,176
70723,260,1,49.9900016784668
48001,845,1,18
21200,512,1,30
29856,217,1,29.989999771118164
24197,1686,1,247.8599967956543
19036,9,2,292.5499973297119
30938,303,2,166.9900016784668
35266,1,1,59.5
66395,4,2,194.4800033569336
98463,453,1,150
11854,236,2,22.979999542236328
8608,88,1,25
89807,24,1,578.8500003814697
9690,240,2,306.8700008392334
64921,7,1,39.5
75741,171,1,73.95000076293945
36740,1653,1,102.5
68167,472,1,42.430000305175774
80069,973,1,25
69249,581,1,11.079999923706056
35658,863,1,19.989999771118164
2116,1450,1,40
91971,70,1,20.96999931335449
78987,21,1,48
20510,46,1,30.760000228881836
15415,1108,1,7.949999809265136
99983,669,1,143.4199981689453
17407,236,1,89.98999786376953
67351,1487,1,259
52956,175,1,89.5
62442,210,1,29.989999771118164
65359,529,1,69.98999786376953
63461,1269,1,443.489990234375
8562,132,1,26.989999771118164
49020,209,1,9.579999923706056
98964,873,1,49.5
4031,104,1,52.94000053405761
46149,1120,1,25
72306,1177,2,109.98999977111816
45084,447,2,48.85000038146972
37682,102,2,902.9500122070312
60404,199,1,41.9900016784668
43092,309,1,243
57487,570,1,63.59999847412109
39674,33,1,74.39000034332275
22863,488,1,94.16999816894531
27772,783,1,248
10460,83,1,24.989999771118164
17453,151,1,30
21844,24,3,261.5299987792969
1114,473,1,18.5
61423,110,1,49.9900016784668
33746,214,1,277
39156,489,1,59.9900016784668
87108,510,1,40.94000053405762
99010,46,1,236.83999633789065
6069,56,1,58.950000762939446
56013,641,1,48.959999084472656
66378,563,1,82.8799991607666
23381,56,1,103.67000079154968
76743,566,1,165.020001411438
49066,1451,1,27.959999084472656
41054,787,1,10
90998,195,2,51.97999954223633
82170,580,1,45.75
58366,62,1,47
2179,634,2,106.9900016784668
4171,125,1,365.08999252319336
12999,58,1,15.899999618530272
23427,1088,1,208.9799976348877
76242,955,1,107.11999797821045
43610,5,1,20.89999961853028
58051,1387,1,90
51559,516,1,45.26999855041504
25419,1110,1,194.73999691009521
88960,375,1,288.98999786376953
26375,76,1,122.59999847412108
79614,9,1,98.5
67712,515,1,83.42000007629395
20965,162,1,30
86106,42,1,8.5
91499,326,1,145.36999893188477
81088,528,1,34.650001525878906
68934,61,1,30
42136,136,1,6.989999771118164
14081,152,1,30
22345,466,1,39.5
77779,84,1,63.33000183105469
55512,325,1,126
78,349,1,99.98999786376952
25216,1474,1,272.25
52014,656,1,198
30374,555,1,695
59840,199,1,13.260000228881836
52641,315,1,73.97000122070312
15870,48,1,109
96611,49,1,29.989999771118164
21280,603,1,22.050000190734863
14035,95,1,119.9499969482422
61987,777,1,40
56577,299,3,106.97000312805176
78217,758,1,58.31999969482422
1051,81,1,22.5
12953,195,1,25
34264,80,1,40
73889,246,1,174.9499969482422
66315,403,1,7.980000019073486
65296,57,1,62
82608,239,2,149.98999977111816
78280,1101,1,38.989999771118164
59886,806,1,31.39999961853028
22299,593,1,34.5
95137,437,1,179
39611,185,2,342.790002822876
83235,592,1,137.95000076293945
77198,34,1,42.59000015258789
99920,5,1,60
57032,700,1,55.9900016784668
92581,900,1,33.86000061035156
33228,557,1,52.5
63524,6,1,131.25
26736,849,1,31
96909,225,1,292.22999000549316
31645,9,1,39.900001525878906
14333,835,1,121.5
29292,174,1,22
18472,400,1,56.630001068115234
46604,273,2,144.45999908447266
5488,312,1,15.199999809265137
72369,1121,1,139.97999954223633
37745,135,1,40
24964,413,1,54.180000305175774
2634,28,2,390.77000427246094
81715,202,1,329.98999977111816
92535,82,1,56
91453,266,1,34
79551,371,1,166.39999961853027
8044,1098,1,27.989999771118164
80633,46,1,85
75223,364,1,98
69813,516,1,11.449999809265137
30766,445,1,29.989999771118164
18864,475,1,167.20999908447266
74141,1021,1,13
85651,1524,1,60
89979,400,1,28
97553,9,1,79.5
91061,268,1,30.450000762939453
98572,134,1,45.950000762939446
66770,665,1,65
81260,727,1,27.299999237060547
28399,196,1,25
26501,492,1,19.989999771118164
77324,21,1,15.130000114440918
40991,5,1,46.54999923706055
82279,217,1,16.56999969482422
66959,386,1,42
49647,207,1,97.67000198364258
67978,308,1,264
33354,141,1,48.650001525878906
83298,87,1,132.48000144958496
80052,424,1,18
9879,23,1,131.9699993133545
82044,21,1,11.989999771118164
18535,605,1,164
83063,861,1,104.5
10397,288,3,487.6499938964844
74407,339,2,133.98999786376953
48439,5,2,137.89000129699707
70706,604,1,289.95001220703125
12106,263,2,291
19053,96,1,80.88000345230103
1741,295,1,31.489999771118164
15807,2,1,60
53394,1134,1,20.950000762939453
27709,213,1,111.97000312805176
76116,1311,1,14
2007,536,1,13.489999771118164
89226,918,1,43.200000762939446
18990,1588,1,130.14000129699707
14662,39,1,54.450000762939446
89163,197,1,46.90999984741211
27646,210,1,24.26000022888184
7417,696,1,119.26000213623048
10334,45,1,24.989999771118164
97427,372,1,72.98999786376953
24337,1150,1,37.930000305175774
32993,317,1,136.97000312805176
75160,26,1,33.95000076293945
15681,136,1,53.150001525878906
80115,1379,1,33.86000061035156
11353,8,1,12
84443,1293,1,14.609999656677246
57848,695,1,15.160000324249268
74470,10,1,10.760000228881836
61486,622,1,137.58999633789062
33683,236,1,19.88999938964844
32601,304,1,120
29355,287,1,240.5
6633,252,1,196.17999267578125
46667,22,1,19.989999771118164
15289,1417,1,48
42339,610,1,49.5
10961,171,1,67.70999908447266
57158,298,1,105
40238,138,2,92.09999656677246
41320,66,1,10.409999847412108
11024,822,1,69
27254,782,1,99.98999786376952
58632,418,1,11.989999771118164
40865,241,2,157.89999389648435
45648,230,1,194.36999893188477
67915,401,1,39.9900016784668
9942,241,1,31.989999771118164
49976,232,2,139.93999862670898
36537,143,1,109.06999969482422
37619,19,1,65
15352,323,1,39.900001525878906
62113,1480,2,443.49000549316406
59949,403,1,4.210000038146973
88081,252,1,157.5
2760,1042,2,104.9800033569336
92409,229,1,119.9800033569336
81589,492,1,182.22000122070312
35220,28,1,95.98999786376952
77261,55,1,48.530001640319824
28728,241,1,37.7400016784668
96737,795,1,24
79425,387,1,39.9900016784668
64277,3,1,325
26564,854,1,176.48999977111816
22236,825,1,21.989999771118164
15744,388,1,69.5
39548,910,1,64.98999786376953
13972,1659,1,26.690000534057617
87689,346,1,65
5316,16,1,45
89853,1310,1,49.5
11808,127,1,59.950000762939446
45889,607,1,22
62869,738,1,153.9000015258789
82766,825,2,74.35000038146973
37399,145,1,82
54379,158,1,88.18000030517578
6095,390,1,110
88339,733,1,18.989999771118164
31565,398,1,88
522,6,1,46.220001220703125
86988,467,2,133.5900001525879
84117,100,2,82.96999931335449
67137,27,1,18
18853,36,1,88
47194,186,1,36.880001068115234
78498,72,1,168
94127,390,1,47.950000762939446
82720,1515,1,122.59999847412108
23121,94,2,253.18999671936032
77147,1548,1,42
88385,1304,1,46.9900016784668
28694,604,1,258.9400062561035
74061,899,1,42
99700,1245,1,6.96999979019165
78329,571,1,44
13065,132,1,42.9900016784668
27512,300,1,211.97999954223633
84071,133,1,48.989999771118164
62700,626,1,134
94004,71,1,68.70999908447266
99577,777,1,39.5
65694,465,1,26
54210,290,1,43.9900016784668
88170,853,1,29.989999771118164
71528,1313,1,89.5
30091,258,1,69.98999786376953
7615,139,1,17.989999771118164
21601,78,1,122.5
55561,286,1,128.71999740600586
8966,210,1,24.950000762939453
9135,9,1,229.9499969482422
51508,160,2,156
85637,156,1,426.8500118255616
74230,281,1,36.880001068115234
62746,1224,1,47.989999771118164
96706,624,1,24
42849,23,1,25.989999771118164
31611,1,1,29.989999771118164
307,577,1,76
52859,91,1,2.950000047683716
19022,160,1,94.4900016784668
30260,130,1,68
64343,113,1,903
3516,264,1,64
31903,306,1,59.9900016784668
20081,560,1,49.950000762939446
48468,1002,1,95.93999862670898
28986,831,1,60
85760,226,1,127.59999847412108
184,530,1,34
68780,68,1,22
57373,1288,1,49.5
45966,27,1,25
78621,3,2,150.77000045776367
7738,4,1,15.640000343322754
34359,168,1,55
34605,161,1,33.599998474121094
88462,239,1,43.150001525878906
68150,488,1,212.06999588012695
40347,393,1,157.1400032043457
99869,74,1,143.19999980926514
71482,879,1,19.950000762939453
85299,105,1,71
26284,723,1,24.989999771118164
83825,3,1,10.100000381469728
38627,897,1,54.950000762939446
67214,556,1,15
26238,768,1,52
5926,325,2,173.41999626159668
14339,9,1,49.5
12175,4,1,88.94999694824217
71190,81,1,152
34651,216,1,50
23244,1197,1,269.94000244140625
82597,690,1,110
768,80,1,31.88999938964844
72418,216,1,9.989999771118164
1996,1364,1,138.88999795913696
67260,332,1,28.989999771118164
46948,585,1,647
4990,596,2,314.9900016784668
38581,1211,1,50
13111,784,1,25
89736,126,1,49.450000762939446
70254,267,1,22.5
24472,9,1,65.4000015258789
68488,643,1,66
91210,141,1,6.980000019073486
82305,179,1,187.7999973297119
88800,201,1,157.05999755859375
70898,151,1,159.45000076293945
14877,767,1,29.979999542236328
80141,601,1,79.98999786376953
17041,365,1,83.95000076293945
24764,1272,1,20.989999771118164
4452,510,1,79
47240,104,1,80.64999961853027
81077,308,1,129.74000549316406
46304,1232,1,21.989999771118164
43387,392,1,28.989999771118164
63284,62,1,114.42999649047852
91671,268,1,339.91999435424805
66201,82,2,173.09999847412107
85007,1635,1,28.489999771118164
31150,1335,1,20.989999771118164
25577,1190,1,20.889999389648438
71774,106,1,69
97765,1832,1,79
15521,287,1,139.44000053405762
24011,111,1,204.95000076293945
39165,875,1,311.94999980926514
36769,284,2,176.76000022888184
77393,170,2,40
891,50,1,12
68073,415,1,79
56835,326,1,99.98999786376952
39686,189,2,191.99000549316406
3808,140,1,142.9499969482422
73646,277,1,81.3499984741211
93022,1025,2,238.4900016784668
58017,224,1,79.94999694824217
29799,65,1,55
81661,377,1,13.989999771118164
59062,493,1,50
63759,3,1,146.98999786376953
10778,943,1,101
89444,3,1,206.8199977874756
89321,163,1,71.94999694824219
33898,512,1,252.62000274658203
17748,1614,1,17.3700008392334
42726,1356,1,53.290000915527344
86006,358,1,18
29968,1486,1,258.1599998474121
84701,3,1,46.78999996185303
19099,536,1,39.9900016784668
18607,93,1,28.989999771118164
44077,110,1,273.9699993133545
96062,478,1,14.979999542236328
27927,188,1,170
86404,1763,1,11.75
54087,898,1,24.989999771118164
18040,1642,1,64.98000144958496
34021,4,1,64
85222,44,1,150
85714,1703,1,34.4900016784668
43785,1522,1,45.9900016784668
86696,1530,1,47.9900016784668
32547,32,2,154.48999786376953
75212,50,1,118.98999977111816
84532,945,1,6.5
55146,904,1,25
66507,504,2,468.9600009918213
63974,24,1,42.5
43908,860,2,351.4900016784668
75335,687,1,60.50000095367431
86573,644,1,25.989999771118164
45551,213,1,25
99408,61,1,64.98000144958496
62116,84,1,77.4000015258789
23413,949,1,98.8499984741211
48883,202,1,75
80602,639,1,111.97999954223633
36646,1044,1,135
54977,120,2,161.75
78160,96,1,34
95601,31,1,26.75
21847,424,1,22.989999771118164
29507,232,1,233.46999740600586
70131,146,1,17.989999771118164
25179,81,1,58
79142,1594,2,205.95000076293945
43679,1047,1,102.90000152587892
65909,71,1,75
15292,189,1,337.49999237060547
60244,13,1,40.59999847412109
71897,6,1,20
6387,531,1,39.880001068115234
82474,1275,1,39.9900016784668
34190,1269,1,40
64927,96,2,190
42205,1427,1,12.989999771118164
83948,491,1,44
16274,731,1,45
1581,552,1,48.400001525878906
69255,3,1,173.48999977111816
73769,90,1,33.4900016784668
77854,738,1,42.9900016784668
9596,70,1,10
99992,1233,1,44.81999969482422
80018,614,1,198.26000213623047
59368,67,1,154.99000549316406
3347,1516,1,27.200000762939453
38120,1097,1,257.67999267578125
22431,506,1,45
95017,264,1,176.89999771118164
67383,461,1,118.98999786376953
60934,1811,1,150.5
18146,197,1,34.9900016784668
49573,543,1,46
58770,842,1,61.96999931335449
13818,1532,1,39.9900016784668
35956,41,1,11
6785,66,1,64.43000030517578
92853,883,1,70
33792,1163,1,92.94999694824216
89215,463,1,25
14708,54,1,21.89999961853028
14216,1041,1,25
93543,3,1,23
58478,1051,1,18.93999981880188
99102,391,1,43.310001373291016
38412,1147,1,228
69839,1097,1,41.95000076293945
2165,1291,1,22.989999771118164
47117,77,1,46.950000762939446
60642,660,1,35
10838,232,1,29.989999771118164
21249,477,1,26.51000022888184
6925,423,1,42.900001525878906
93082,105,2,115.85000228881836
89169,472,1,29.989999771118164
59477,64,1,22
80324,1005,1,24.5
45368,756,1,51.08000183105469
42497,798,2,332.9600009918213
71834,512,1,29.89999961853028
8136,9,1,39.760000228881836
81721,224,1,78.45999908447266
86467,783,1,154.57000732421875
2394,1195,1,65.4000015258789
53334,236,1,59.5
86112,49,2,81.14999961853027
52029,57,1,170.6300048828125
2872,338,1,24.989999771118164
42451,248,1,44
70669,3,2,103.95000076293945
68136,303,1,78.98999786376953
98747,618,1,52.119998931884766
36477,958,1,111.79999923706055
18501,201,1,25
44967,59,1,25
32132,1414,1,66.98999977111816
66215,310,1,16.899999618530273
39749,838,1,65
73586,696,1,54
62225,1013,1,36
93560,77,1,193
43616,170,1,29.96999931335449
5451,488,1,78.98999786376953
20771,801,1,42.900001525878906
25640,671,2,112.98999977111816
23642,1150,1,99.98999786376952
17150,598,1,158
32255,15,1,12.989999771118164
49759,924,1,61.89000129699707
64910,1732,1,44.9900016784668
33775,298,1,60.16999816894531
52169,666,1,29.989999771118164
67489,165,2,193.9900016784668
49590,147,1,25
2225,192,1,110
18455,543,1,194.98999977111816
10884,23,1,54.5
56251,1666,1,72.94000053405762
77499,479,1,74.85000038146973
88860,125,1,14.989999771118164
66138,245,1,55.52000045776367
66384,1084,1,116.9900016784668
55023,404,2,347.5299987792969
34834,11,1,16.5
16981,662,1,75
82245,983,1,89.98999786376953
88737,131,1,34.9900016784668
45136,1477,1,156
37891,997,2,106.42000198364258
72527,812,1,182.75000190734863
19251,1174,1,28
15753,168,1,28
4346,427,1,82
86590,43,1,353
47638,19,2,120
58203,227,1,34.9900016784668
32733,49,1,119.9499969482422
11531,100,1,143.3799991607666
37001,35,1,11.989999771118164
45030,175,1,69.5
33669,1032,1,108
53981,431,1,89.94999694824217
77330,43,1,184.72000122070312
59245,518,1,50.950000762939446
58249,867,1,65.66000366210938
83888,721,1,50
1644,526,1,60
80971,1,1,112.80999946594238
30858,131,1,61
91608,988,1,63.9900016784668
87526,136,1,29.71000003814698
95830,691,1,58.51000213623047
70360,1078,1,30
3762,1232,1,16.989999771118164
69026,354,1,69.94000053405762
10011,3,1,61.33000183105469
73354,71,1,99.94000244140625
20144,1056,1,22.5
22308,383,1,139.9499969482422
52106,344,1,12.020000457763672
68090,133,1,45.869998931884766
27864,7,1,41.9900016784668
61747,158,1,159
61993,540,2,324.9800052642822
93128,1621,1,18
28110,1151,1,41.97999954223633
5388,63,1,14.239999771118164
29338,666,1,126.5
82995,312,1,59.5
90274,1497,1,100.98999786376952
60519,315,1,201.91000366210938
87864,311,1,82.39999961853027
13174,1293,1,49
41561,55,2,270
20834,185,1,129
7031,692,1,46.950000762939446
14691,332,3,426.63000106811523
63805,123,1,15
38335,704,1,7.5
42866,1089,1,112.97999954223633
96935,274,1,26.989999771118164
95939,258,1,131.1999969482422
32501,1557,1,41.29999923706056
18392,214,1,42.989999771118164
74170,57,1,79.97000026702881
52753,339,1,120.97999954223633
2809,4,1,47.47999954223633
55670,1075,1,39.09999847412109
34422,181,1,19
54439,404,1,349.7000026702881
31717,139,1,120.5
57144,842,1,139.99000549316406
27758,315,2,277
46779,1478,1,74.94999694824217
82657,677,1,113.9900016784668
63115,835,1,54.5
71943,1293,1,67.98999786376953
67200,603,1,36
14001,920,1,196.88000297546387
73692,954,1,37.97999954223633
11422,1767,1,78
21999,333,1,19.989999771118164
95249,721,1,97.20000076293945
28757,198,1,254.9499969482422
93191,53,1,8.989999771118164
43247,306,1,14.050000190734863
11943,42,1,8.640000343322756
40118,169,1,1.5
35249,41,1,128.65000343322754
71422,112,1,38.970001220703125
3330,479,1,98
33360,1337,1,69.98999977111816
20619,642,1,190
53918,1160,2,117.98999786376952
61,217,1,73.98999977111816
2056,199,1,153.78999996185303
50005,81,1,133.7100067138672
31196,628,1,46
51754,117,1,43.450000762939446
13217,331,1,207.4900016784668
24704,28,1,14.989999771118164
89106,508,1,92.56999969482422
19145,385,1,69
9948,900,1,144.99000549316406
62056,204,1,15.899999618530272
32670,1208,1,150
37170,627,1,104.38000106811523
30506,5,1,49
21309,1812,1,38
44031,436,1,17.979999542236328
97582,286,1,44.5
7678,262,2,86.60000228881836
19666,368,2,98.01999855041504
37476,132,1,17.75
64973,166,2,336.5800018310547
80662,370,1,73.98000144958496
58830,55,2,113.20000457763672
26699,1611,1,94.5
50174,844,1,96.25
23367,135,1,19.200000762939453
3977,354,1,138
62162,282,1,19.989999771118164
90549,401,1,122
51648,3,2,634.4599933624268
77161,172,1,57.72999954223633
48943,1056,1,69
55976,31,1,15
25225,325,1,39.880001068115234
34728,3,1,84.78999996185303
50801,233,1,233.9000015258789
30400,579,1,903
48637,4,2,82.5
91917,322,2,341.4400005340576
12590,14,1,14.989999771118164
32564,10,1,49.609999656677246
98409,126,1,16
79082,349,1,404
6447,30,2,119.95000076293945
99056,730,1,16
83410,159,1,75
2119,101,1,29.989999771118164
87695,21,1,111.47000122070312
77808,1762,1,39.5
5557,538,1,59.5
1229,510,1,85
21787,638,1,13.25
28279,571,1,259.989990234375
33838,766,2,144.5099983215332
65757,262,1,140
38166,39,1,70.9900016784668
95833,238,1,129
58956,289,2,379.35999488830566
66782,1,2,223.9900016784668
2182,1767,1,98
39059,285,3,158.46000003814697
50466,340,1,15.710000038146973
56039,2,1,19.989999771118164
55375,586,1,15
92916,704,1,54
75272,149,1,164.02999877929688
12925,214,1,139
1518,531,1,39.5
5099,526,1,229.2799949645996
43968,156,1,375
94482,92,1,72
68797,53,1,36
54024,21,1,55.52000045776367
28339,28,2,77
26347,39,1,52
80158,198,1,19.89999961853028
45534,428,1,69.66999816894531
22720,112,1,17.989999771118164
66736,6,1,130
27698,396,1,51.93000030517578
92962,494,2,156.9000015258789
13543,78,1,65
7137,14,1,78
99391,208,1,79.9000015258789
88030,856,1,23
73706,474,1,70
43496,197,1,26.75
45488,1063,1,67.97999954223633
6450,1328,1,25
71714,15,1,45
60353,697,1,69.5
22766,625,1,26.950000762939453
38226,3,1,240.93999671936035
67615,288,1,374
27821,246,1,79
83593,758,2,190.45000076293945
49633,397,1,60.989999771118164
14986,190,1,49.5
68256,139,2,278.87999725341797
56895,485,1,26.14999961853028
57436,259,1,268.8400001525879
70317,55,2,523.9699974060059
92375,410,1,99
69653,175,1,8.989999771118164
58415,451,1,148.25
58833,461,1,40.75
13466,107,1,70
78976,67,2,240.71000289916992
26301,672,1,148.89000129699707
91442,358,2,101.95000076293945
35006,653,1,19.989999771118164
15919,669,1,52
52796,60,2,42.58999824523926
7014,2,1,300.82000732421875
4512,1336,1,25
98827,915,1,35
44970,12,3,96.32999992370605
57954,156,1,44.9900016784668
49464,381,1,112.9299964904785
88107,740,1,71.9900016784668
36706,968,1,34.900001525878906
88986,1086,1,265
85654,234,1,89.98999786376953
31548,112,1,9.270000457763672
93480,266,2,77.72000122070312
3871,186,1,79
23722,207,1,42.9900016784668
48528,39,1,89.70000267028809
25345,5,1,12.949999809265137
87466,47,2,78.60000038146973
33609,372,1,50
39182,454,1,49.950000762939446
5391,258,1,163.9900016784668
46593,691,1,149
4558,293,1,385.03000259399414
75564,773,1,79.98999786376953
22889,82,1,207.8999977111816
66218,288,2,149.93000030517578
6573,1791,1,50
28262,70,2,343.3000030517578
12315,106,1,19.989999771118164
26639,447,1,149
54316,170,1,63.9900016784668
67841,72,1,151.73999691009521
13938,95,1,113
17934,596,1,81.78999900817873
86925,905,2,39.8100004196167
21910,9,1,142.22000122070312
44137,320,1,164.98999786376953
82016,344,1,13.5
83931,87,1,66.55000019073486
75767,280,1,18
95000,223,1,184.39999771118164
29736,700,1,44
32089,27,2,122.9900016784668
73752,166,1,137.88000106811523
62932,870,2,353
65385,113,2,259.54999923706055
76746,25,1,177.51999950408936
62391,15,1,111.9799976348877
54270,749,1,70.4000015258789
662,935,1,96.97999954223633
64406,1684,1,134
75813,837,1,206.98999977111816
95292,653,1,27.989999771118164
10549,703,2,205.44000625610352
30615,388,1,58.9900016784668
76059,92,1,9.5
62683,962,1,125.59000015258789
96520,1227,1,69.5
97061,281,1,23
31256,1485,1,23
85159,1510,1,64.93000030517578
87569,683,1,38.9900016784668
63224,1006,1,24.989999771118164
97307,797,1,224.94000053405762
54519,69,1,174
9075,28,1,18
50051,15,1,44.9900016784668
93331,47,2,147.5
1103,84,1,118.79000473022461
74857,564,1,69.9900016784668
35727,254,1,13.5
13340,452,1,49.5
18083,178,1,97
54960,782,1,15.899999618530272
88445,213,1,42.9900016784668
6865,1232,2,198.9499969482422
23015,366,2,186.98000144958496
15355,312,1,99.4900016784668
82660,1305,1,46
96105,288,1,70.4000015258789
26716,240,1,36.9900016784668
28113,81,1,243.94999694824216
21784,126,1,22
13128,32,1,151.9600009918213
41346,10,1,13.119999885559082
12464,237,1,64.98999786376953
28803,1078,1,13.989999771118164
8196,620,1,24.989999771118164
32504,329,2,234
11774,664,1,23.989999771118164
19434,135,1,139
3118,3,1,34.349998474121094
26404,54,1,27.989999771118164
89842,1497,1,94
83178,558,1,125
36062,330,2,185.5
92006,1323,1,44.970001220703125
72773,369,1,66.9900016784668
79099,55,1,110
14173,537,1,3.390000104904175
50569,131,1,31
3994,17,1,24.950000762939453
35421,799,1,39.9900016784668
99288,376,3,197.2199993133545
38767,279,1,25
24701,54,2,79.48999977111816
58000,686,1,18.690000534057617
55836,387,1,33
47180,879,1,19.88999938964844
83301,407,1,145.48999977111816
56669,1469,1,42.29999923706056
92547,689,1,68
35129,75,1,26.979999542236328
77376,1534,1,59.9900016784668
69212,213,1,50
57851,10,1,25
37293,3,1,39.5
93065,910,1,34.9900016784668
66679,629,1,25
89278,58,1,58.46000099182129
23227,204,1,77
71376,401,1,22
68671,1013,1,83.20000076293945
46490,230,1,168.98999977111816
4927,20,2,317.93999671936035
44555,191,1,46.310001373291016
66444,643,1,149.9499969482422
6599,1162,1,112.98999977111816
27847,151,1,27.149999618530273
39208,187,1,39.9900016784668
85820,551,1,47.700000762939446
34880,1191,1,618.9800071716309
78787,588,1,21.5
1369,26,1,34.9900016784668
17519,186,1,46.43000030517578
69504,133,1,34.5
92318,63,1,29.989999771118164
32212,24,1,50
64572,861,2,156.98000144958496
10964,50,1,14.990000009536743
29862,297,2,50.84000015258789
76474,148,1,407.0999984741211
48256,225,1,291.9499969482422
10715,126,1,46
25534,143,1,20.8700008392334
55916,1311,1,14
38518,292,1,57.1200008392334
36291,224,1,5.940000057220459
585,141,2,139.5
44,274,1,21.450000047683716
20602,687,1,14.43000030517578
19975,987,1,140.5
4286,243,2,106.97000122070312
27008,82,1,129
48193,715,1,250
82431,360,1,25
97579,294,1,495.5
43722,220,2,253.98000240325928
32902,102,1,90
22325,26,1,43.31999969482422
10088,13,1,64.77999973297119
22474,146,1,40
88525,297,1,153
63098,939,1,81.9000015258789
97181,389,1,32.9900016784668
293,1197,1,17.25
99886,426,1,199.5
11654,128,1,109
52278,153,1,158.35000038146973
8949,38,1,68.10000038146973
95707,300,1,107.9900016784668
86218,223,2,65.24999809265137
64821,914,2,71.9900016784668
71070,159,1,84.45000076293945
55083,245,1,95.98999786376952
19377,256,1,12.399999618530272
75398,683,1,169.5
65511,264,1,68.98999977111816
87692,121,1,52
1352,867,1,27
63035,490,1,94.55000305175781
2348,51,1,32.08000087738037
39889,50,2,101.4000015258789
70529,224,1,44.9900016784668
55209,1162,1,42
58126,1095,1,149.5
5265,854,1,329
9178,71,1,158
78332,15,1,19
87818,77,1,149.99000549316406
76457,501,1,49
19683,409,2,306.74999618530273
91777,173,1,24.989999771118164
32441,134,1,185
86298,207,1,39.9900016784668
85803,69,2,529.9899997711182
74396,245,1,22.950000762939453
47761,781,2,189.87999773025513
3227,170,1,56.400001525878906
73400,76,1,14.949999809265137
52693,197,1,51
30426,677,1,107.98999786376952
2749,236,1,33.709999084472656
90735,174,1,49.950000762939446
92727,355,1,34.9900016784668
52152,235,1,226.43999862670898
36832,80,1,12.75
53148,22,1,35.900001525878906
40791,2,1,46.950000762939446
79374,139,1,161.63999938964844
83427,1860,2,89.42000007629395
23078,429,1,88
94170,237,1,75.97999954223633
11671,1117,1,198.64000701904297
22076,562,1,13
83765,358,1,76
68445,18,1,89.98999786376953
29570,230,1,20
48803,229,1,12.050000190734863
66092,85,1,289.98999786376953
81412,112,1,59.25
59600,904,1,16.989999771118164
72922,513,1,49.5
8322,348,1,33.75
1830,448,1,13.869999885559082
56746,1297,1,35
51751,367,1,25
65574,123,1,138.5
18209,63,1,62.36000061035156
15630,7,1,154
53672,425,1,76
34439,1225,1,279
22122,714,1,69
55687,53,2,172.78000259399414
874,5,1,24.950000762939453
34957,687,1,52.9900016784668
61638,1430,1,20
24137,590,1,34
72999,1410,1,78
48717,1707,1,99
84824,348,1,109.84000015258789
81953,61,1,28
89152,294,1,19
28050,885,1,16
74983,1257,1,62.33000183105469
38933,27,2,87.98999977111816
96122,1442,1,37.7400016784668
37937,534,1,26.440000534057617
66908,1268,1,66.8799991607666
91213,243,1,28.11999893188477
42265,3,1,18.989999771118164
64987,159,1,46.450000762939446
79806,125,1,136.1699981689453
60659,209,1,24.989999771118164
26035,1517,1,59.9900016784668
91794,735,1,8.869999885559082
46656,803,1,129.99000549316406
71542,76,1,42.9900016784668
86235,1538,1,28.75
14588,839,1,69.5
38979,25,1,93.95000076293945
84761,74,1,63.9900016784668
17582,61,1,108.94999694824219
19746,1197,1,169.9499969482422
71439,35,1,70
60227,95,1,119
4449,902,1,48
2826,644,1,39
58604,382,1,205.57999992370605
58063,186,2,148.51000118255615
65096,11,1,49.93999862670898
10652,378,1,74
4160,441,1,25
95189,239,1,58.95000076293945
8385,144,1,36
1306,109,2,242
6221,1563,1,29.989999771118164
60078,651,1,12.989999771118164
4206,97,2,294.2400016784668
26928,870,1,116.25
46945,280,1,13.989999771118164
56683,1119,1,25
40994,642,1,519.9900016784668
38830,4,1,90
22600,849,1,16
4747,14,1,44
53798,207,1,77
47134,1213,1,135.93999862670898
62454,207,1,25
60533,10,1,68
17253,520,1,12
46138,512,1,19.989999771118164
99995,203,1,4.989999771118164
73125,1295,1,233
34542,576,1,9.989999771118164
81781,300,1,25.5
23181,532,1,28.89999961853028
32550,736,1,377.9800033569336
41206,46,1,60
84486,780,1,78.50000190734863
83490,1301,1,28
85388,26,1,195.3000030517578
85717,142,1,106.98999977111816
52089,325,1,180.5
94373,1,1,77.18000030517578
23871,5,1,64
77038,560,1,46.989999771118164
88399,320,1,101.69000244140625
97768,512,1,77.98999786376953
64140,93,1,194.9900016784668
95063,119,1,25
56480,651,1,44.950000762939446
86407,18,1,73.94000244140625
47824,225,1,142
15999,181,1,233.68000888824463
91668,586,1,25
39975,3,2,59.9900016784668
24412,27,1,47.790000915527344
35232,72,1,155.9800033569336
12086,244,2,87.9900016784668
96749,357,1,22.5
85176,1173,1,38.5
37247,68,2,69.9900016784668
50403,327,1,11.970000267028809
2623,195,1,63.38999938964844
725,118,1,14
49172,1740,1,156.62000370025635
19786,293,1,69.94000053405762
54582,98,1,343.99000549316406
4638,883,1,26.989999771118164
17794,212,1,44
7366,96,1,75
30629,22,2,155.01999855041504
7907,236,2,96
12776,62,2,414.51999950408936
27924,422,1,65
21973,229,1,41.9900016784668
1415,520,1,311.7899932861328
10612,232,1,20.050000190734863
68946,377,1,80
65614,928,1,457.4399871826172
6433,511,2,240
58369,1632,1,45.950000762939446
15089,592,2,46.290000915527344
99242,159,1,15.989999771118164
34714,177,1,11.989999771118164
32009,284,1,24.89999961853028
83945,808,1,112.75
36337,597,1,54.94000053405761
63301,1585,1,25
20021,377,1,169
79617,534,1,6
87881,283,1,79.98999786376953
68319,840,1,176
41269,575,1,200
85239,187,1,79.05000019073486
90194,3,1,22.96999931335449
86862,1105,1,48
96600,1688,1,395
85866,300,2,105.97999763488768
89567,654,1,96.5999984741211
66845,481,1,21.989999771118164
98223,186,1,38
81844,191,1,27.600000381469727
42892,68,1,80.9900016784668
21495,175,2,413.20999908447266
40728,91,1,14.340000152587892
15152,271,2,115.98999786376953
40579,1329,1,401.4600067138672
55727,336,1,174.97000122070312
37184,313,2,196.8799991607666
30692,79,2,133.3999977111816
3642,857,2,36.10000038146973
396,38,1,204.93999671936035
32856,189,1,76.4000015258789
2411,528,1,98.66000366210936
4034,114,1,78
18166,128,1,183.98000526428223
80513,274,1,34
33818,550,1,39.4099998474121
66450,1387,1,139
26679,26,2,186.4499969482422
29550,485,1,226.95000076293945
42331,434,1,279.8999938964844
55020,1525,1,29.950000762939453
77834,12,2,57.880001068115234
84781,75,1,172
59311,127,1,148.5
11050,381,1,27.989999771118164
90377,107,1,114.9900016784668
8133,489,1,44.959999084472656
89049,27,1,78
66404,411,1,6
28199,164,1,78
50752,114,1,606
40765,245,1,271.5700035095215
23762,820,1,67.98999786376953
39414,1269,1,198
22434,450,1,129
28076,57,1,142.7300033569336
86255,234,1,55.59999847412109
31070,421,1,29.25
43805,137,1,229.9900016784668
86178,956,1,121.98999786376953
95996,166,1,149.99000549316406
75086,477,1,14
98890,599,1,53
64930,1104,1,30
42454,284,1,158
50944,515,1,114.19999885559082
84904,2,2,168.82999801635742
32421,142,2,174.39999961853027
62059,428,1,129
74748,697,1,13.789999961853027
77473,542,1,117.89999961853027
97370,58,1,39.9900016784668
96288,1278,1,49.97999954223633
32106,173,1,14.989999771118164
86132,228,1,59.950000762939446
76391,935,1,381
64738,711,1,38.9900016784668
96042,836,1,126.33000183105469
98721,40,1,285.13000297546387
9653,10,1,222.6699981689453
74917,440,1,130
52195,471,1,299.989990234375
9776,1,1,98
64884,154,1,85
10858,531,1,106.67999649047849
57622,360,1,39.5
97416,1230,2,256.5
72361,1436,1,59.5
36812,1403,1,80.95000076293945
94499,501,1,55
7097,832,1,25
53792,287,1,33.9900016784668
8425,286,1,27.950000762939453
871,15,1,97.3000030517578
8033,401,1,176.98000526428223
15564,455,1,8.989999771118164
96480,55,1,93.48000144958496
85986,913,1,72.69999694824217
28345,734,1,59.97999954223633
91605,79,1,29.68000030517578
80828,4,1,169.3800048828125
29673,105,1,32.4900016784668
11296,537,1,43
36858,61,2,47.989999771118164
50921,929,1,18.690000534057617
2391,195,1,80.7400016784668
75232,338,1,49.9900016784668
9968,30,1,143
37940,184,1,36
67655,10,1,69.94999694824219
29281,387,1,149.9499969482422
28299,31,1,216.47999954223633
53984,1015,1,42
78870,644,1,49
88903,208,1,52
38332,61,1,10
15610,807,1,44.73000144958496
917,933,1,43
72169,500,1,14.989999771118164
69613,841,1,29.96999931335449
32736,389,1,25.979999542236328
48963,1310,2,307
90423,58,1,45
92089,242,1,283.98999786376953
6613,220,1,176
90523,1036,1,14.989999771118164
90861,694,1,318
14980,4,1,272.5
49401,772,1,39.5
12816,1743,1,50
11488,43,1,39.5
93025,42,1,4.010000228881836
27861,138,1,41.959999084472656
68239,310,1,199.94999694824216
71731,450,2,44.489999771118164
56586,175,1,39.5
93125,117,1,24.989999771118164
55504,48,1,229.93999862670898
70403,28,1,61.950000762939446
26779,665,1,28.8799991607666
4303,46,1,164
2975,523,1,23.190000534057617
4993,27,1,107.9900016784668
89487,112,1,77.98999786376953
91897,696,1,118.8899974822998
48027,9,1,26.989999771118164
26633,721,1,27.950000762939453
26387,104,1,100.9800033569336
91651,503,1,40
68093,945,1,29.989999771118164
3911,891,1,56.9900016784668
19079,50,1,109
13506,67,1,54.970001220703125
95252,131,3,482.87000465393066
21996,18,2,95.97999954223633
26241,436,1,45.700000762939446
72438,390,1,9
9261,11,1,11.489999771118164
99474,517,1,99
14857,737,1,47.79999923706056
74004,627,2,83.20000076293945
7695,779,3,163.9799976348877
66842,251,1,48.29999923706056
7910,310,1,19.989999771118164
30509,552,1,999
82992,733,1,29.950000762939453
33380,1067,1,59.9900016784668
48319,696,1,29.989999771118164
94376,27,2,811.9799957275391
35776,593,1,15
32690,479,1,37.5
82302,127,2,53.989999771118164
81143,661,1,59
48511,52,1,29.989999771118164
61054,301,1,3.950000047683716
80075,577,1,54
31508,211,1,39.9900016784668
54107,78,1,50
57476,203,1,19.61000061035156
73128,1276,1,88.19000148773193
17774,15,1,19.989999771118164
40496,25,1,69.87999725341797
9069,212,1,9.010000228881836
29819,759,1,132.36000061035156
98498,1688,1,34.41999816894531
65866,460,1,185.95000076293945
75684,19,1,29.989999771118164
62451,277,1,158.39000129699707
77350,24,1,137.98999786376953
31983,72,1,40
49716,560,1,189
6015,375,1,38.59000015258789
23470,637,1,23.989999771118164
53231,882,1,405.9900016784668
1953,1,1,39.5
96726,3,1,209
77250,908,1,119.98999786376952
99849,201,3,505.0999984741211
4664,945,1,45
33188,47,2,89.19000244140625
83968,22,1,19
10466,916,1,34.95000076293945
64492,186,2,467
7220,175,1,13.510000228881836
93878,32,1,495
29942,283,1,40
83868,60,1,35
72630,173,3,457.25
8694,76,1,239.9900054931641
87114,1054,1,45.9900016784668
62720,534,1,19.670000076293945
44449,156,1,63.9900016784668
16915,434,2,287.4299964904785
64784,43,4,227.56999969482422
39729,1514,1,195
35899,583,1,49.9900016784668
40227,45,1,37.950000762939446
98269,140,1,166.98999786376953
16523,257,1,34.9900016784668
86945,85,1,39.9900016784668
90646,1076,1,31.989999771118164
57147,66,1,42.29999923706056
12693,611,1,93.45999908447266
61475,56,1,98.77999973297119
31714,1160,1,24.950000762939453
27386,407,1,187.9900016784668
91130,1619,1,25
2222,409,1,33.59000015258789
95458,307,1,68
43928,402,1,119.95000076293945
42846,152,1,94.98999786376952
35023,48,2,76.65999794006348
22288,680,1,65.94999694824219
83307,1235,1,30.090000152587887
47174,3,1,230.23999977111816
55189,997,1,229.75
21598,627,1,51.950000762939446
33549,1389,1,20.21999931335449
70964,157,1,61.21000099182129
96932,19,1,26.340000152587887
89862,1759,1,35.9900016784668
69882,441,1,152.0099983215332
87008,729,1,30
1432,884,1,140.98999786376953
91336,131,1,20.989999771118164
5262,1280,1,150.75
89172,1255,1,21
58621,533,1,17.950000762939453
65368,20,1,101.98999977111816
13277,1450,1,14.989999771118164
44120,55,1,18.14999961853028
89564,296,2,165.98999977111816
37081,187,1,6.980000019073486
17605,868,1,85.2300033569336
48840,451,2,82.94999885559082
25036,271,1,58.5
46676,572,1,13.5
37771,362,1,62.09999847412109
58329,306,1,7.449999809265136
60101,752,1,44.5
28674,250,1,150
1624,3,3,92.89999866485596
542,472,1,589.5500106811523
59019,381,1,29.989999771118164
26510,608,1,25
99643,167,1,67.30000019073486
27154,318,1,33
84260,79,1,236.93999671936035
4601,231,1,69.87999725341797
4933,1138,1,104.98999786376953
14751,180,1,49.25
20015,509,1,21.93000030517578
88150,64,1,36.400001525878906
88482,20,1,39.950000762939446
68631,5,1,20
13068,3,1,24.989999771118164
38538,1686,1,19.950000762939453
43161,298,1,65
25849,152,1,31.43000030517578
37018,1384,1,49.950000762939446
40436,7,1,59.5
7804,100,2,111
4887,38,1,176
19042,288,1,24.989999771118164
48402,1,2,185.44000053405762
91067,1074,1,175.29999923706055
26135,545,1,66.09000015258789
15770,251,1,18.96999931335449
20516,470,1,37.4900016784668
85657,565,1,112.45999908447266
19188,322,1,42
74087,230,1,124
4741,759,1,18.090000152587887
54044,1373,1,270
88342,116,1,34.989999771118164
34147,666,1,24
28906,1080,1,45.97999954223633
1515,1623,1,51.89999961853027
30240,997,1,29.950000762939453
55710,118,1,79.98999786376953
48903,276,1,115.23999977111816
35790,211,1,185.69000625610352
32796,46,1,74.94000053405762
61492,548,1,25
5056,381,1,39.9900016784668
94124,525,1,87.5
99534,713,1,102.86000061035156
66902,765,1,55
81704,599,2,88.7400016784668
210,445,1,195
17522,514,1,58
40244,302,1,16
72876,301,1,46.9900016784668
50154,447,1,115.44999694824217
99680,29,1,12.5
78432,655,1,34.900001525878906
7595,429,1,72.97999954223633
53875,169,1,154.93999767303467
45717,1163,1,13.649999618530272
27824,1496,1,21.949999809265137
24515,59,2,111.26000022888184
60018,56,1,123.5
35544,80,1,199.9900054931641
32673,93,1,29.989999771118164
36872,95,2,79.56000137329102
49985,754,1,25
71625,182,1,5.489999771118164
46155,191,1,60.75
11379,2,1,52.950000762939446
30526,372,1,12
15624,1187,1,36.9900016784668
53921,57,1,59.5
5969,1423,1,68.94999694824219
8886,1299,1,51
10297,743,1,44
46347,14,1,28.96999931335449
9278,336,1,31.540000915527344
57230,6,1,25
2331,6,1,8.979999542236328
3659,121,1,16.989999771118164
52902,228,1,25
10360,13,1,96.5999984741211
58312,612,1,128
31545,52,1,67.66000175476074
75624,973,1,130.9000015258789
44635,1546,2,803.3000030517578
89925,142,1,25
3519,206,1,98
28989,114,1,127.96999931335449
2185,60,1,12
72375,177,1,29.989999771118164
53729,105,2,67.94000053405762
74041,4,1,30
37456,659,1,27.770000457763672
9324,528,1,129.9900016784668
73895,999,1,19.989999771118164
51173,264,1,110
72567,51,1,54.950000762939446
11880,14,1,74.9900016784668
71485,109,1,99.98999786376952
3221,327,1,25
67403,76,2,121.18000030517578
68485,284,1,18.989999771118164
72421,1506,1,9.949999809265137
92733,431,1,253.91000175476074
23387,456,1,60
6075,715,1,107.98999977111816
71339,233,1,55
38146,715,1,35.989999771118164
25743,192,1,29.989999771118164
87260,371,1,40.94999980926514
55458,351,1,219.18999862670898
29490,1814,1,134.33999633789062
80121,639,1,86.95000076293945
79623,80,1,11.989999771118164
8740,66,1,74
70732,1071,1,22
65322,195,1,17.5
98123,177,1,59.989999771118164
44074,201,1,9.979999542236328
59394,267,1,34.9900016784668
73460,70,1,30
33709,692,1,382.93000411987305
35398,501,2,76
82348,117,2,381.9499969482422
50546,496,1,89.98999786376953
33234,186,1,34.9900016784668
602,115,1,71.72000122070312
61100,193,2,228.3899974822998
93732,146,1,108.95999908447266
63264,321,1,98
1123,572,1,59
87068,35,1,34.29999923706055
11986,199,1,64
89232,207,1,203.95000076293945
43788,376,2,194.89999389648435
60602,1531,1,133.49000549316406
69258,483,1,59.9900016784668
69066,145,1,25.989999771118164
39852,95,2,282.9199981689453
42016,317,1,36.9900016784668
69238,1,1,92.9800033569336
95206,564,1,9
19294,648,1,23
45262,184,1,80.98000144958496
79368,766,1,92
15358,129,1,53
56646,239,1,35.09000015258789
80450,36,2,249.20000457763672
47990,49,1,45.5
77204,289,1,143
24014,1098,1,99
52381,1209,1,145.26000022888184
24990,665,2,527.4099979400635
20662,1334,2,89.77999877929688
16832,997,1,4.010000228881836
77851,952,1,229.9900054931641
21160,831,2,99.8600025177002
64867,156,2,262.79999923706055
82677,532,1,146.7599983215332
3742,609,1,86.98999786376953
68176,146,2,267.8700008392334
86115,434,2,225.95999908447266
77459,205,1,100
13523,406,1,305
8070,333,1,125.98999786376952
82285,1118,1,457.55999755859375
92650,308,1,177.75
41518,460,1,138.26000213623047
44011,832,1,44.950000762939446
68568,1312,2,176
12633,257,1,57.950000762939446
71814,1242,1,75
38272,526,1,85.9000015258789
46928,29,1,25
99205,1123,1,41.9900016784668
17024,267,1,32
38209,1,1,14.989999771118164
41910,705,1,36.5
83759,877,1,111.43999719619751
19580,326,2,99
21744,66,1,42.5
87589,872,1,59.450000762939446
59955,250,2,264.4900016784668
85425,6,1,109
57293,21,1,41.889999389648445
63785,782,1,33.959999084472656
104,494,1,73.5
28236,1183,1,20.079999923706055
85033,266,2,121.35000228881836
81203,224,1,39.59999847412109
83367,845,1,340.98999977111816
14605,51,2,174.72000122070312
18933,927,1,25
98515,90,1,81.45999908447266
16769,70,1,33.970001220703125
39099,399,1,81.44999885559082
99789,1252,1,347.98999977111816
96543,619,1,197.5
19623,1139,1,72
14213,434,4,234.97999954223633
17459,1075,1,60.150001525878906
15295,37,1,449
9885,243,1,41
98707,911,1,70.70000076293945
40181,131,1,134.3699951171875
20705,659,1,87.58000183105469
18149,74,1,378.98999977111816
15985,3,1,69
56019,77,1,99.98999786376952
54937,1399,1,25
58183,202,1,125.37000274658205
41953,825,1,100
75936,367,2,134.95000076293945
80845,493,1,158.86000061035156
10672,279,1,34.95000076293945
88671,165,1,23
854,908,1,21.989999771118164
8680,939,1,35
54047,789,1,120
69461,460,1,29.989999771118164
44870,500,1,54.5
95146,344,1,302.6999988555908
62514,1098,1,123.1899995803833
19185,50,1,28.989999771118164
43350,316,1,54
40433,560,1,99.5
88717,506,1,34.9900016784668
61163,262,1,27.989999771118164
10718,6,1,79
95787,565,1,199
808,1004,1,24.5
17147,960,1,33
79325,324,1,268
72378,3,1,48
44701,1093,2,104.5
82411,1514,1,61.98000144958496
12756,73,1,515.6900062561035
80012,525,1,236.4000015258789
78020,346,1,36.489999771118164
45388,124,1,64.94999694824219
47741,529,1,71.9000015258789
80373,484,1,54.900001525878906
58764,294,1,22.96999931335449
70148,8,1,76.98999786376953
38349,1723,2,173.51000022888184
91711,316,1,129
70981,1155,1,130
24455,85,1,114.5999984741211
13071,726,1,43.9900016784668
47695,401,1,39.9900016784668
15063,235,1,141.97999572753906
4243,1059,1,16.989999771118164
16145,383,1,59.950000762939446
19500,1163,1,27.299999237060547
32484,861,2,248.93999862670898
68674,676,1,92.98999977111816
40702,1638,1,130.99000549316406
3410,1490,1,99
40997,165,1,130.21000289916992
19062,456,1,488
89627,297,1,112.5
76892,5,1,106.97000026702881
89876,585,2,41.859999656677246
50343,282,1,72.9800033569336
45265,112,1,45.85000038146973
76251,826,1,32.9900016784668
96182,404,1,119
71296,250,3,265.7799987792969
45906,431,1,40
89235,259,1,29.989999771118164
34004,187,1,75
39228,445,1,29.89999961853028
98581,173,1,89.94999694824217
20582,235,1,168.43999671936035
7598,1171,1,158.4900016784668
7847,337,2,442.85999870300293
96666,33,1,32
53291,532,1,13.210000038146973
31402,553,1,228
31651,1209,1,25
50048,962,2,221.0800018310547
41784,262,1,65.94999694824219
64598,100,2,52.989999771118164
28800,319,1,208.47999954223633
39915,1324,1,60.33000183105469
52899,106,1,34.72999954223633
74539,3,1,100
52258,387,1,87
8634,128,1,80.810001373291
96620,131,2,53.459999084472656
28846,495,1,173.98999977111816
81094,975,1,225.69000244140625
10921,260,1,345.9400005340576
43553,309,1,44.9900016784668
67861,38,2,48.480000019073486
52209,194,1,43.9900016784668
99663,121,1,24
35229,515,1,20.950000762939453
95584,655,1,29.89999961853028
33237,892,1,194.80998992919922
13838,194,2,290.96999979019165
84154,142,1,33.31999969482422
7363,694,1,8.989999771118164
6201,395,1,49.9900016784668
89109,655,1,6.980000019073486
79291,222,1,63.989999771118164
65680,552,1,26.290000915527344
82162,490,1,149.97000122070312
85720,167,3,553
27449,174,1,128.98999977111816
64990,376,1,140
86049,90,1,33.94999980926514
44432,75,1,59
83321,597,1,33.989999771118164
74665,90,1,25
95395,362,1,27.950000762939453
64349,251,1,29.15999984741211
90317,2,1,142.9900016784668
47303,423,1,268.9499969482422
72109,1385,1,905.9900000095367
69945,31,1,7.900000095367431
47131,70,2,167.37000274658203
21976,1023,2,117.5
37124,232,1,189
11156,84,1,25.200000762939453
47944,721,1,29.989999771118164
66387,861,1,61.97999954223633
13148,1746,1,58
44575,555,1,264.5599994659424
2643,453,2,156.03999710083008
728,1089,1,518.4899997711182
37267,264,1,73.43000030517578
27778,295,1,9.949999809265137
26696,1614,1,187
60679,560,2,147.72999954223633
6530,1032,1,25
49859,298,1,34.900001525878906
23891,888,1,40.05999946594238
5448,179,1,33.489999771118164
5325,1260,1,147.99000549316406
17227,277,1,25
8508,38,1,65
81847,1033,1,37.5
78681,721,2,26.990000009536743
78930,98,2,215.95999908447266
44057,3,1,17.75
85926,474,1,375
81598,803,1,38.970001220703125
8757,295,1,135
30005,308,2,289.2899971008301
57682,312,2,160.98999977111816
81455,193,1,136.0500030517578
90111,1156,1,55
86318,10,1,59.989999771118164
60350,1442,1,42
23058,612,1,105.40999984741211
73334,28,1,54.9900016784668
30695,2,2,138.77999687194824
26367,32,1,11.989999771118164
16629,46,2,81.5
52335,411,1,229.9499969482422
87635,314,1,76
99786,1096,1,12
42597,307,1,64.30000305175781
17711,41,1,129.98999786376953
37877,202,1,24
75292,1144,1,326.67999267578125
66636,769,2,356.6999969482422
53652,487,1,35
95272,887,1,178.69000244140625
88276,311,1,99.98999786376952
72501,642,1,41.950000762939446
93500,969,1,59.9900016784668
63204,551,1,103.43000030517578
95664,4,1,249.9900054931641
74024,126,1,10.720000267028809
9447,91,1,14.949999809265137
61432,163,1,26.6200008392334
28923,13,2,79.48999977111816
33251,1551,1,79.98999786376953
63596,108,1,30
83072,428,1,320.5200004577637
31087,73,1,52.38999938964844
7283,4,1,239
87400,1156,1,24
52776,1266,1,36.9900016784668
48448,39,1,167
51004,1142,1,41.0699987411499
30446,715,1,42
53168,894,1,26.989999771118164
61824,192,1,39.5
67234,274,1,31.979999542236328
28282,161,1,29.5
27200,409,1,98
17462,79,1,21.869999885559082
43430,157,1,28
54250,279,1,24.989999771118164
63988,345,1,59.97999954223633
18544,943,1,76
32610,305,1,24
42348,512,1,36.400001525878906
5952,863,1,24.989999771118164
34084,12,1,86
17854,1688,1,39.9900016784668
30838,117,1,25
64363,792,2,77.06000137329102
37565,167,1,95.98999786376952
29739,830,4,81.99999952316284
19328,597,1,168
79683,84,1,39.9900016784668
54877,1607,1,18.690000534057617
96995,913,1,39.9900016784668
68299,1144,1,24.950000762939453
78664,1052,1,78.43000030517578
85611,387,1,79.09000015258789
86490,1460,1,45
10529,568,1,102
95976,959,1,111.98999786376952
85471,1308,1,64.98999786376953
14465,35,1,262.239990234375
9464,33,1,22
37187,439,1,69.93000030517578
80061,586,1,469.4900016784668
31777,182,1,188
48070,473,2,331.1099901199341
5073,67,1,102.31999969482422
13446,118,1,75
75747,624,1,30
25803,253,1,79.98999786376953
30758,681,1,56.5
58435,414,1,18
70337,13,1,50.45000076293945
36168,92,1,72
52461,277,1,42.9900016784668
21412,23,1,11.010000228881836
41641,27,1,60.48000144958496
56961,1155,1,30.709999084472656
32232,4,1,357.99000549316406
91585,235,1,14.949999809265137
4100,622,1,73.94000244140625
84091,590,1,79
70715,14,1,105
73709,1218,1,10
45577,1284,1,29.989999771118164
6453,27,1,227.16000366210938
164,777,1,19.600000381469727
41077,698,1,148.9200038909912
89029,132,1,39.9900016784668
96855,49,1,42
8445,39,1,160.60000610351562
64223,397,1,795
45013,1435,1,29
17791,406,1,49.950000762939446
66825,482,1,105
67735,1210,1,79.94999694824217
51505,328,1,81.94999694824217
6971,153,1,27.5
27701,151,1,49.950000762939446
479,176,1,100
28219,498,1,30.890000820159912
39039,179,3,174.40999794006348
16317,200,1,14
55441,1015,2,42.489999771118164
98893,787,1,105.98999786376952
88983,1072,1,42.97999954223633
48949,174,1,216
57433,39,1,29.5
41140,256,1,145.93999862670898
70855,145,1,39.5
89092,597,2,111.2599983215332
40559,95,1,23.229999542236328
57871,1251,1,103
93420,226,1,165.8300018310547
16002,360,1,420
23828,812,1,61.75
81017,1243,1,49.5
28156,1247,1,35.939998626708984
76689,456,1,94.94999980926514
44495,79,1,32.95000076293945
74791,676,1,129
57479,956,1,36.09999847412109
9527,326,1,91.98999977111816
63908,177,1,26.89999961853028
80138,983,1,13
11047,914,1,45
10546,312,1,75.79000091552734
15375,588,1,207
2972,919,1,25
29676,1508,1,88.96000099182129
54562,182,2,66
13901,592,1,25
42660,129,1,9.270000457763672
36623,73,1,95.98000144958496
12364,1491,1,12
46988,18,1,37.950000762939446
35730,70,1,24.989999771118164
18418,4,1,6
88010,368,1,46
1498,1334,1,69.87000274658203
85408,40,1,190
94894,53,1,34.9900016784668
98392,563,2,99.4900016784668
60270,883,1,24.950000762939453
62434,93,1,19.950000762939453
73254,1241,1,44.950000762939446
81080,851,1,25
77144,1394,1,128.9499969482422
70652,12,1,29.950000762939453
54422,215,1,16.440000534057617
99866,753,1,114.76000213623047
94456,439,2,501.7000102996826
65242,49,2,196.85999870300293
60914,58,1,48.5
82554,260,1,69.3499984741211
54814,1216,1,74
55896,474,2,115.40999984741211
73208,414,1,25
32092,767,1,198
60224,779,1,25
43994,38,1,33
74290,520,1,34.15999984741211
67798,55,1,54.59999847412109
72126,550,1,34.9900016784668
88920,271,1,84.9800033569336
71608,810,1,12.340000152587892
21664,6,1,32.95000076293945
18747,61,1,111.25
16755,192,1,194.3800048828125
56288,348,1,60.10000038146973
54296,197,1,55
13008,610,1,110.19999694824219
42723,276,1,47.27000141143799
91837,531,1,22.9399995803833
67672,25,1,134
416,1596,1,52.989999771118164
26384,181,1,129.99000549316406
17728,655,1,28
59016,749,1,15.970000267028809
41704,107,1,34.9900016784668
3473,26,2,168.30999851226807
227,307,1,124.97999954223633
37768,72,3,195.11999988555908
46424,1051,1,24.940000534057617
15046,244,1,157.5
41014,118,1,37.5
19766,299,2,169.4300022125244
2454,55,1,203.75
7409,106,1,49.9900016784668
745,194,1,60
25176,365,1,21.89999961853028
63281,84,1,10.989999771118164
37313,99,2,140.98999977111816
45969,218,2,39.260000228881836
20001,345,1,66.98999977111816
30649,1071,1,21.21999931335449
65445,718,1,146.48999786376953
21993,169,1,69
13337,286,1,21.989999771118164
86693,817,1,46.989999771118164
67217,808,1,115
93185,670,1,368
99019,1150,1,44.9900016784668
41249,116,1,8
36749,74,1,56.940001487731934
19437,336,1,193
63407,434,1,17.950000762939453
54751,143,1,19.950000762939453
37439,283,1,19.989999771118164
92401,274,1,139.5
61933,702,1,25.989999771118164
51113,1267,1,36.9900016784668
75999,374,1,98.66000366210936
65179,1319,2,251.5
59769,1120,1,11.9399995803833
53277,744,1,131.8300018310547
82428,119,1,354
56460,31,1,37
25239,1165,1,54.989999771118164
20911,1253,1,35
52524,152,2,31.989999771118164
48196,845,1,65
24847,59,1,426.00999450683594
39540,356,1,59.9900016784668
30884,1636,1,15.880000114440918
22228,744,1,25
42159,3,1,99.7400016784668
61180,991,1,15
5308,1090,1,146.2700023651123
18292,78,1,14.989999771118164
26948,31,1,42.9900016784668
22620,947,1,63.97999954223633
1372,6,1,125
13274,134,1,59.5
23012,1100,1,198
14356,1427,1,75
27340,203,1,13
4618,19,1,101.89999961853027
7237,414,1,22.440000534057617
48886,995,1,40.950000762939446
79182,22,1,44
51050,206,1,69.9900016784668
83510,247,1,60
77018,1025,1,98
94330,83,1,32.08000183105469
92166,1018,1,14.970000267028809
55378,110,1,50.59000015258789
81346,8,1,11.119999885559082
46722,107,1,68.94999694824219
53606,553,1,79.94999694824217
47114,562,1,19.950000762939453
38458,1175,1,139
25474,610,1,110
40622,1269,1,29.96999931335449
98956,462,1,48.970001220703125
96792,2,2,134.22000122070312
94628,940,1,40.79999923706056
87446,57,2,97.92000007629395
67970,910,1,30
84200,30,3,89.5
73380,906,1,153.97000122070312
96102,1253,1,222
99348,957,1,14.720000267028809
93938,137,1,299.95001220703125
85282,81,1,144.97999954223633
75544,26,1,69.95000076293945
77708,624,1,59.9900016784668
27320,751,1,29.989999771118164
38727,664,2,66.29999923706056
42995,28,1,59
71336,640,1,38.96999931335449
79826,705,1,84.98999977111816
59975,349,3,319.94000244140625
11691,114,1,70.94999694824219
96806,104,1,51.950000762939446
76955,448,1,64.47000122070312
34505,794,1,23.989999771118164
45866,1174,1,41.9900016784668
20396,393,1,399
44346,570,1,341.6000061035156
33108,76,1,295.98000144958496
30191,31,1,55.5
34459,3,1,29.989999771118164
65763,146,2,83.9900016784668
11860,141,2,38.640000343322754
51439,93,1,298.98999977111816
17479,1670,1,64.95000076293945
88362,886,1,112.45000076293945
499,194,1,96.4000015258789
94104,1230,1,189
57058,94,1,138.8900032043457
28717,239,1,85
77124,1300,1,88.42000198364258
84263,249,2,155.97999954223633
64366,140,1,54.950000762939446
95332,125,1,43
61372,24,1,114.93999862670898
75435,206,1,29.989999771118164
66945,1231,1,14.989999771118164
72856,355,1,158
18999,201,1,136.98000144958496
41475,1434,1,45
31757,43,1,99
97021,246,1,302.40999603271484
6287,784,1,49.950000762939446
99554,129,1,63.9900016784668
65717,1414,1,105.9099988937378
82912,2,1,98
30114,107,1,259.9499969482422
53005,1032,1,25.989999771118164
75481,29,1,38.970001220703125
98034,1209,1,6.849999904632568
44177,948,1,32.880001068115234
31588,1307,1,308.98999977111816
20227,842,1,86
40416,1305,1,128
62892,1281,1,25
9112,534,1,50
96852,631,1,68.66999816894531
16251,201,2,182.9300022125244
95578,21,1,36.59999847412109
56045,1062,1,182.9900016784668
98495,253,1,69
72610,437,1,87.58000183105469
24326,308,2,150
4844,386,1,43.3100004196167
87088,125,1,92
12919,502,1,69
70108,78,1,129.98999977111816
78183,949,1,12.989999771118164
21409,823,1,225.98999977111816
77293,176,1,14.989999771118164
28548,193,2,140
99431,34,1,24.989999771118164
82451,230,2,334.11999797821045
48860,470,2,84.5
68342,169,1,37.84000015258789
93812,230,1,128
18707,25,1,28
87134,300,1,25
39019,629,1,52.59000015258789
44592,367,1,39.9900016784668
11983,1566,1,333.8299980163574
48906,273,1,35.9900016784668
45574,212,1,440.93999671936035
376,1210,1,36.9900016784668
17233,523,1,162.4099998474121
99477,20,1,254.0900001525879
80931,96,1,19
21916,319,2,151.19000244140625
13503,747,1,36
83925,1883,1,30.950000762939453
35979,344,2,48.989999771118164
69862,402,1,41.25
34751,383,1,13.409999847412108
82697,360,1,189.5
46112,51,1,112.27000045776367
36915,183,1,2.5899999141693115
91402,13,1,16
25800,584,1,46
23144,3,1,11.4399995803833
71090,627,1,125
83633,217,1,7.9099998474121085
15959,238,1,30
79995,66,1,3.950000047683716
14485,7,1,255.5500030517578
91356,398,1,75
91110,232,1,155.69000244140625
3616,590,1,13.989999771118164
57273,654,1,48.97999954223633
25079,738,2,159.98999786376953
30652,94,2,122.48999977111816
2265,494,1,275.98999786376953
84509,316,2,433.9200038909912
76019,863,1,20.950000762939453
9925,180,1,7.679999828338623
79457,664,1,75.96999931335449
83158,66,3,407.98999977111816
71797,676,1,10.109999656677246
90818,238,1,92.9900016784668
65133,109,1,32.88999938964844
99308,90,2,315.3699951171875
80287,113,1,109.5
98618,52,1,25
24203,469,1,71.98999786376953
36440,67,1,25.200000762939453
75143,113,1,46.95000076293945
87380,1004,1,62.989999771118164
93045,722,1,36.27999877929688
47678,960,1,79
25385,289,1,53.98000144958496
49152,103,1,45.04000186920166
37791,254,1,8.100000381469727
8528,429,1,200
56812,79,1,19.989999771118164
34090,668,1,259
75020,438,1,26.989999771118164
27904,190,1,414.95000076293945
50718,397,1,39.5
61787,10,1,107
73271,348,1,30
89421,1754,1,228.13000297546387
32647,39,2,416.4799995422363
21163,928,1,21.950000762939453
19812,9,1,66.94999694824219
51731,77,1,26
29470,456,1,90
85199,58,1,42.9900016784668
88070,514,1,223
96560,27,2,89.5
20765,261,1,12
79242,401,1,29.89999961853028
75312,450,1,311.37000274658203
19122,72,1,9.989999771118164
30775,154,1,27.989999771118164
39188,4,1,11.899999618530272
21286,140,1,320
95870,75,1,99.94999694824216
42013,80,1,324.8999938964844
31342,472,1,63.950000762939446
63261,176,2,108.83999824523926
52023,8,3,198.3400001525879
74622,803,1,39.9900016784668
40539,4,1,59.360000610351555
17940,264,1,4.880000114440918
32816,906,1,30
58286,542,1,176.8800048828125
10678,23,1,85.5
19583,783,1,7
29009,1120,1,139.9499969482422
14900,710,2,153.15999603271484
73961,12,2,314
56520,174,1,83.68000030517578
97144,449,1,64.94999694824219
207,714,1,196.72999954223633
66301,731,1,54.9900016784668
75896,137,1,42.9900016784668
87549,357,1,109
1973,8,1,194.5900001525879
63490,64,1,132.66000366210938
28027,465,1,226.6599998474121
5305,301,1,5.489999771118164
88239,759,1,36.880001068115234
30881,739,1,48.14000129699707
54648,1394,1,118
62308,922,1,45.9900016784668
14024,414,1,5.949999809265137
2663,356,1,59.5
99600,50,1,190
68173,523,1,65.25000095367432
42242,1173,1,24.989999771118164
23221,875,1,96
22331,155,1,122
67283,36,1,32.630001068115234
49965,896,1,199
90589,110,1,165.98999977111816
33400,75,2,206.96000003814697
80516,1245,1,28
52129,1163,1,69
94917,118,1,37
84738,597,1,122.97999954223633
47907,615,3,333.7299995422363
57104,68,1,189
90695,93,2,116.24999809265137
12152,136,1,49.9900016784668
13626,1389,1,39.9900016784668
78644,708,1,28
33692,329,1,8
72395,121,1,23.979999780654907
49673,144,1,31.950000762939453
6885,132,1,81.45000076293945
47509,660,1,24.989999771118164
82282,1855,1,25
25969,500,1,49.9900016784668
93643,41,2,89.94999694824219
37330,277,2,412.4800033569336
14087,103,1,102.98999977111816
17004,584,1,7.949999809265136
20917,75,2,174.98000144958496
71857,1210,1,49.950000762939446
99248,138,1,19.989999771118164
84924,304,1,19.950000762939453
74774,856,1,7.5
43470,1250,1,35.959999084472656
9865,325,1,337.57000732421875
1375,150,2,61.30000114440918
92109,36,1,168
35335,648,2,511.98999786376953
22222,57,1,119
46696,81,1,30
78000,497,1,109
86135,257,2,79.25
16789,1066,1,49.9900016784668
2895,725,1,39.5
85966,108,1,214.92999649047852
69155,123,1,142.89999389648438
19706,27,1,31.989999771118164
2726,1,1,58
86444,36,1,39.950000762939446
36500,15,1,37.9900016784668
13778,408,1,169
32418,1408,1,69
9819,113,1,192.01000167801976
39726,165,1,25.5
28319,19,2,48.989999771118164
36732,760,1,53.9900016784668
20748,28,1,262.48999786376953
8345,613,1,44.9900016784668
43639,480,1,35.489999771118164
73609,982,1,34.95000076293945
93583,311,1,68
34811,436,1,108
74914,20,2,207.56999969482422
64887,98,1,31
33798,86,1,49.9900016784668
38083,472,1,85.12000274658203
1143,59,1,57.4099998474121
51087,974,1,162.64999389648435
57579,660,1,58
73563,1285,1,185.99000549316406
32278,1043,1,89.93999671936035
34857,374,1,24
28365,1078,1,159.25
5474,222,1,21.5
86304,164,1,16.5
88714,183,1,36.119998931884766
87655,693,1,268.20001220703125
56105,198,1,65.9900016784668
18309,590,2,118.47999954223633
40785,101,1,65.77000045776367
2202,799,1,19.989999771118164
15421,484,1,217.9900054931641
8591,9,1,39.450000762939446
48966,1566,1,82.28999900817873
68282,58,1,13.649999618530272
43808,1416,1,38
37559,6,1,30
18232,415,1,89
94642,87,3,555
16357,341,1,59
31050,141,1,184.5299997329712
32341,709,1,20.020000457763672
94794,205,1,158.3000030517578
63659,748,1,315.57999992370605
79643,43,1,81.47999954223633
60327,31,1,42
53589,978,1,9.949999809265137
57917,306,1,65
37605,29,1,168.58999824523926
74837,1838,1,34
16311,742,1,78
70214,571,1,85.79000091552734
26676,251,1,43
79165,189,1,49.950000762939446
3954,238,1,71.69999694824219
90526,230,1,65
10692,529,1,29
92000,236,2,282.44999980926514
71688,1336,1,25
26244,244,1,67.98999977111816
67698,601,1,41.9900016784668
51714,502,1,75.55000019073486
65534,28,2,136.98999977111816
99079,411,1,14.399999618530272
13841,306,1,35
17831,748,1,22.989999771118164
38143,46,1,39.950000762939446
18169,151,1,34.95000076293945
32587,623,1,20.89999961853028
39417,169,2,311.4799976348877
50440,176,2,133.56999969482422
28302,271,2,108.94000244140625
35089,154,1,39.9900016784668
2832,592,1,143.56999969482422
30466,721,1,19.989999771118164
43948,505,1,124.97999954223633
44286,199,1,23.86000061035156
4996,488,1,10.170000076293944
6470,1029,1,19.61000061035156
56583,71,1,54.5
92046,43,1,188.9900054931641
85797,1347,1,106.29999923706055
45176,269,1,26
60665,109,2,359.98999786376953
4060,154,1,12.600000381469728
83387,1167,1,28.950000762939453
33861,783,1,39.5
28256,396,2,74.98999977111816
82159,1563,1,247.97999572753906
81913,626,1,124.00000095367432
30420,731,1,455
12567,58,1,70
16895,722,1,20
84323,1000,1,7
61601,166,1,124.9900016784668
68525,450,1,347.8599967956543
82849,135,1,46
70446,715,1,59.97999954223633
14668,1235,1,50
42059,627,1,179
59869,84,1,88
67529,1076,1,12.989999771118164
6012,1513,1,19.989999771118164
67008,591,1,70.7599983215332
74668,352,1,246.98999977111816
49198,1874,1,49.97999954223633
10234,312,1,13.489999771118164
88777,220,1,74.38999938964844
81117,106,1,110
53420,11,1,38.9900016784668
68740,842,2,97.97000122070312
82634,146,1,45
7223,94,2,165.32000160217285
89467,1509,1,29.989999771118164
58163,1404,1,47
73978,393,1,11.880000114440918
27781,109,1,74
89298,576,1,68
33168,32,1,45
24512,32,1,20.989999771118164
41369,975,1,229.98999977111816
39832,285,1,11.850000381469728
79411,81,1,64
9450,940,1,59.5
56689,3,1,21.989999771118164
68050,447,1,79.9900016784668
77937,472,1,79
62617,151,1,33
71445,22,2,112.18999671936035
3264,118,1,147.97999954223633
9756,253,1,64
16420,15,1,30.600000381469727
27091,924,1,190
69756,552,1,82
92521,43,1,42.72999954223633
54110,37,1,36.9900016784668
85076,617,1,110.93999671936035
58395,1428,1,59.96999931335449
20642,695,1,111.5
97390,36,1,42
63828,252,1,105
53251,62,1,42.900001525878906
86719,65,1,48
3138,125,1,79.5
30529,885,1,162.27999877929688
34442,729,2,373.98999977111816
26029,290,1,19.989999771118164
88024,595,1,50
49982,122,1,25.89999961853028
74499,147,1,157.5
42580,48,1,68
47277,356,1,38
45113,1004,1,16
1833,1191,1,40.47999954223633
29424,1756,1,25
44744,8,1,74.94000053405762
74021,166,1,18
90835,298,1,29.989999771118164
73025,563,1,12
45634,720,1,69.94999694824219
20164,265,1,29.989999771118164
39895,88,1,16.520000457763672
36978,142,1,69.94999694824219
12504,1481,1,199
84492,1189,1,75
15730,376,1,207
5365,1069,1,78
94273,800,1,42
86613,86,1,9.960000038146973
12398,82,1,119.98999786376952
73131,36,1,238.5
1037,250,1,11.989999771118164
81160,232,1,201.45000076293945
95269,257,1,36
89945,827,1,80
22285,530,1,51
37190,20,1,39.5
32862,659,1,291
58916,1079,1,249.9900054931641
63244,29,1,49.9900016784668
9387,12,1,43.450000762939446
54588,372,1,138
76142,27,1,29.989999771118164
59912,52,1,45.989999771118164
79474,555,1,58
33340,83,1,270.4600028991699
51193,428,2,429.98999786376953
7286,551,1,92.69999694824216
34336,980,1,133
58226,445,1,119.98999786376952
11614,952,2,88.95000076293945
46865,1027,1,63.470001220703125
30008,122,1,29.989999771118164
18647,537,1,106.81000137329102
15252,611,1,158
88087,311,1,25
17416,1303,1,277.8099956512451
51299,573,1,136.25
38558,1123,1,20.950000762939453
40722,46,1,255
74605,13,1,25
46971,433,1,140
68219,1424,1,23.15999984741211
98017,194,1,164.7800006866455
63891,1179,1,8.989999771118164
1621,5,2,132.3799991607666
93689,25,1,127.9900016784668
83908,293,3,141.45999908447266
81744,282,1,69
3785,35,1,60.11000061035156
17310,473,1,69
22869,105,1,25
62660,119,1,146.63000392913818
25033,1168,2,257.5999984741211
51840,176,1,50
58332,160,2,274.95000076293945
81054,792,1,29.989999771118164
6639,66,2,219.5
50609,31,1,11.25
21395,45,1,65
52773,331,1,10.880000114440918
39248,320,1,195
48445,460,1,25
41412,346,1,80
39723,15,2,185.39999961853027
37731,1394,1,109.94000244140625
6427,886,1,13.949999809265137
29241,70,2,136.96999740600586
4412,541,1,256.9900016784668
63842,290,2,292.9900016784668
39036,269,1,107.17999839782715
43991,1418,1,6.389999866485596
58979,753,1,99.5
78166,627,1,78
1541,796,1,36.880001068115234
11382,70,1,54.5
60330,117,2,31.5
83052,660,1,95
61804,72,1,49.970001220703125
39082,451,1,53.950000762939446
44037,54,2,220.98999977111816
90022,657,1,55.90000009536743
12856,653,2,135.46999740600586
27180,32,1,14.399999618530272
55398,600,1,44.950000762939446
48969,776,1,50
50961,597,1,31.989999771118164
79686,826,1,49
14084,9,1,46
60453,685,2,34.989999771118164
49046,193,1,9
48382,1055,1,98
81701,441,1,64.94999694824219
92398,128,2,110.8499984741211
49610,703,1,160
33632,553,1,13.989999771118164
4953,318,1,79
16314,226,1,45
91465,782,1,21.950000762939453
56918,419,1,12.0600004196167
80227,1185,2,169
93457,1553,1,153
91542,89,1,151.9300022125244
48090,545,1,25
14963,161,1,27.989999771118164
26201,333,1,55.95000076293945
12384,359,1,109.9800033569336
80058,19,1,153.51000213623047
90878,528,1,67.8900032043457
57751,4,1,39.9900016784668
46098,690,1,136.18999862670898
58392,609,1,32.9900016784668
58933,44,1,119
58269,30,1,76.98000144958496
47449,581,2,147.5
35670,1556,1,39.950000762939446
92106,342,1,44.27999877929688
47031,98,1,141.98999786376953
91001,235,2,96.40999984741211
74685,798,1,109.98999786376952
77187,324,1,59.9900016784668
31156,275,1,30
20828,231,1,14.130000114440918
82511,674,1,27.34000015258789
28654,492,1,12
93918,514,1,22.5
38495,420,1,39.950000762939446
53483,489,2,144.9900016784668
72670,52,2,36.67999982833862
50151,1719,1,79
64844,817,1,34.9900016784668
9908,291,1,92
13904,21,1,184.95000076293945
61309,837,1,32
17542,523,1,28.96999931335449
2723,63,1,80.45000076293945
88548,302,1,348
82557,30,1,153.44000244140625
40015,387,1,52
68233,2,1,7
23971,35,1,25.950000762939453
2036,1060,1,49.9900016784668
35332,673,1,208.47000122070312
89481,108,1,52
35873,162,2,65.85000133514404
44578,648,1,27.950000762939453
49902,106,1,43.9900016784668
61263,275,1,29.989999771118164
67300,726,1,59.25
19016,456,1,25
76354,154,1,170.9900016784668
64947,121,1,9.010000228881836
40556,1,1,74
65285,196,2,124.94000244140625
94751,284,1,48
57121,1634,1,317.98999977111816
74190,338,1,39.5
84031,878,1,88
19646,361,2,372.42000007629395
55893,826,2,175.9900016784668
7947,834,1,66.98999977111816
49948,306,1,178
42122,78,1,236.7199993133545
10449,286,1,298.89999771118164
97453,1035,1,19.989999771118164
31697,12,2,56.959999084472656
85554,454,1,199
65239,1012,1,25
64993,1411,1,16
73503,813,1,60.970001220703125
18813,1494,1,114.97999954223633
19354,6,1,90
84864,146,1,149
41535,42,2,217.5
98389,311,1,34.97999954223633
75126,211,1,29.950000762939453
20977,48,1,41
55060,307,1,124
84618,324,1,49.8799991607666
7452,209,1,158
99829,20,2,157.95999908447266
31648,78,1,49.959999084472656
79932,11,1,29.989999771118164
33735,66,1,10
14502,8,1,51
39308,849,1,15
23158,120,1,117.9800033569336
6842,711,1,69.95000076293945
7744,344,1,25
98263,479,2,172.14999961853027
31007,296,1,92.98999977111816
38667,491,2,151.88000106811523
1910,758,1,47.9900016784668
9570,94,1,54.9900016784668
97791,817,1,67.98999786376953
19457,903,1,89.9900016784668
56998,1164,1,47.16999816894531
15378,6,1,12.020000457763672
38100,146,2,273.5
21120,354,1,26.989999771118164
37436,469,1,189.94999694824216
28090,10,1,19.5
44406,1180,1,159.9499969482422
16729,52,3,110.84000205993652
40705,22,2,74.79999923706056
68694,384,1,151.97000122070312
93998,524,1,89.5
91834,36,1,19.989999771118164
96577,1320,2,79.95000076293945
57874,287,1,36.94000053405762
37977,196,1,14
70443,246,1,3.880000114440918
61953,272,1,18.950000762939453
59374,374,1,8.949999809265137
2451,598,1,278.9799995422363
38790,651,2,132.69000244140625
79414,291,2,195.5999972820282
61389,1373,1,44.9900016784668
87904,331,1,55.950000762939446
26765,189,2,89.9800033569336
47446,1209,1,36.66999816894531
27257,9,1,70
76543,713,1,199.9900054931641
25265,1284,1,189.9900054931641
12799,35,1,18
39849,136,3,270.4900016784668
27947,966,1,25
93706,764,1,30
81804,262,1,36.96999931335449
69384,185,3,87.57999992370605
79122,97,1,28
26473,797,1,186.44000053405762
15255,35,1,48
24160,634,1,20.280000686645508
94333,168,1,49.950000762939446
66195,1780,1,184.98999977111816
28488,87,2,212.52000045776367
76772,8,2,350.5199966430664
72444,969,1,307.5800075531006
85677,11,1,44
64180,673,1,218.75
7240,837,1,89.5
87443,545,3,247.3400001525879
60848,1119,1,5.949999809265137
12195,104,2,321.42999839782715
49487,281,1,73.98000144958496
4535,1053,1,32
98804,659,1,55.97999954223633
42932,374,2,110
2308,96,1,244.5
16878,38,1,37.43999862670898
26616,98,1,73.95000076293945
13028,53,1,52
10323,221,1,24
22225,886,1,29.8799991607666
27549,573,1,49.5
8700,496,1,39.9900016784668
13669,538,1,11.760000228881836
99494,190,1,154.5999984741211
45637,134,2,180.1899995803833
41309,544,1,98
17754,293,1,365.07999420166016
95166,597,1,29.89999961853028
33294,430,1,100
21933,422,1,115.3000030517578
30589,24,1,268.91000175476074
32753,977,1,280.3000030517578
834,215,1,301.96999740600586
92859,742,1,15
41950,708,1,152.69000005722046
24097,1209,1,24.989999771118164
74316,13,1,72.16999816894531
63739,112,1,50.880001068115234
99202,1408,1,169
45345,243,1,36.97999954223633
72152,763,1,34
86610,1338,1,52.989999771118164
73085,159,1,53
62265,34,2,118.37999963760376
88774,9,1,8.989999771118164
84446,247,1,9.050000190734863
50904,752,1,21.5
66593,11,1,79.5
95315,1471,1,42.950000762939446
87151,515,1,132
95667,412,2,56.69000244140625
26490,3,1,730.9500122070312
21581,1286,1,14.989999771118164
75438,149,1,54.9900016784668
83264,2,1,9.949999809265137
25494,915,1,58
64031,434,1,47.06999969482422
69510,107,1,65
62016,251,1,43.45000076293945
85279,649,1,79.5
13732,108,1,158.39999389648438
60141,1423,1,22
5242,902,1,43.97999954223633
43825,371,1,125
59145,1591,1,9.989999771118164
37851,963,1,10.5
21535,3,1,15.899999618530272
81389,390,1,44
65073,88,1,22.989999771118164
87795,449,1,98.96000289916992
15129,138,1,91.77000045776367
52670,41,1,69.5
68468,165,1,101.95000076293945
71001,777,2,270.7200012207031
18524,802,1,24.989999771118164
84784,110,1,39.5
85325,851,1,464.90001296997076
74419,724,2,203.48000144958496
20061,394,1,49.880001068115234
9679,298,1,268.94000148773193
70028,728,1,42.9900016784668
12258,64,1,137.97999954223633
44303,262,1,136.93999671936035
92249,1041,1,24
42288,405,1,89.98999786376953
37419,1322,1,64.98000144958496
80871,253,1,25
87363,280,1,48
14273,137,1,127.51000213623048
65551,40,1,136.26000022888184
25093,47,2,462.310001373291
90234,452,1,48
897,46,3,135.43999862670898
12212,784,1,147
77476,403,2,205.96999740600586
23619,7,1,187.06999588012695
35521,71,1,149.5
10220,525,1,66.9900016784668
48262,1379,1,127.73999786376953
39434,441,1,24.989999771118164
52833,567,1,25
22145,288,1,170
6825,717,1,114.94999694824217
29006,569,1,110
67589,268,1,29.989999771118164
68130,23,2,58.89999961853027
49736,795,1,99.93999862670898
56228,1,1,158
31405,1601,1,38.25
90171,24,2,107
93088,503,1,20.989999771118164
47721,1347,1,24.989999771118164
69527,893,1,75
79013,621,1,58.970001220703125
29484,112,1,84
97250,388,1,50.4900016784668
95329,774,1,170.93999862670896
25156,1162,1,182
17081,283,1,36
82345,1177,1,248.9400053024292
52653,203,1,25
65637,517,2,349
86885,802,2,85.29999923706055
20625,12,1,64.5
97204,939,1,76.99000000953674
75478,437,1,58
24953,154,1,5.949999809265137
95627,1277,2,81.96999931335449
58166,869,1,120.63000011444092
78810,140,1,274
96623,357,1,69.98999977111816
30363,226,1,33.9900016784668
4309,57,1,178
76497,378,1,123.98999786376952
80284,726,1,129.99000549316406
87858,988,1,99.98999786376952
48279,15,1,15
63968,558,1,25.989999771118164
25016,2,1,15.989999771118164
64595,5,1,78
49212,389,1,49.9900016784668
67111,397,1,34.38999938964844
5783,242,1,219
10111,47,1,20.200000762939453
17144,1409,1,68
8777,36,1,97.8000030517578
23636,300,2,133.6099967956543
89238,421,1,249.9699993133545
16603,381,1,88
93228,323,1,104.45999908447266
88359,44,1,69.98000144958496
75375,984,1,54.94000053405762
13795,698,2,259.5
71980,1199,1,11.739999771118164
78472,474,1,42.9900016784668
7303,168,1,79.98999786376953
18123,223,2,179
30864,277,1,65.75000190734863
23141,135,1,79
28551,172,3,167.73000049591064
32879,1476,1,127.51000213623048
28010,798,1,198.8899917602539
17190,199,1,89.9800033569336
33569,1032,1,11.949999809265137
82683,708,1,18.799999237060547
79766,328,1,58.489999771118164
18249,519,1,22.89999961853028
10589,489,1,300.92000579833984
37482,276,1,343.4699993133545
63473,27,1,550
39497,1244,1,318
74834,48,1,228
66178,19,1,99.98999786376952
40493,231,1,20.989999771118164
63662,205,1,14.949999809265137
69401,17,1,9.949999809265137
76065,590,1,399
90131,460,1,110
94044,84,1,81.9000015258789
98787,879,1,217.19999980926514
60745,114,1,70.13000106811523
74333,1337,1,29.989999771118164
42414,126,1,25.989999771118164
97313,356,1,41.950000762939446
61435,358,1,139
82448,207,1,12.989999771118164
82989,344,1,24.89999961853028
65700,678,2,125
67864,1309,2,82.10000228881836
57287,16,1,92
52544,613,1,29.989999771118164
11843,677,1,199.98999977111816
3430,4,1,78.47000122070312
14007,501,1,35.959999084472656
15756,2,1,69.26000213623047
76371,1294,1,99
29132,165,1,28
26427,1539,1,49.9900016784668
31296,40,1,105.9900016784668
46616,602,1,32.95000076293945
22640,302,1,62
78535,683,1,19
37960,1068,1,111.3000030517578
3971,586,1,19.89999961853028
57828,622,1,15.989999771118164
16540,997,1,176
25368,1547,1,41.9900016784668
8056,395,1,128.9499969482422
23204,80,1,56.5
14548,754,1,22
16712,102,1,23.989999771118164
31170,147,1,165.5
11153,515,1,100.18000030517578
4661,899,1,89.98999786376953
4120,167,1,86.51000213623048
39646,353,1,599
86258,771,1,112.97999954223633
35318,498,1,176
32401,26,1,199.97999572753903
82926,818,1,185.30999946594238
41057,1011,1,323.9700050354004
84847,182,1,48
20413,91,1,10.579999923706056
50317,106,1,468.48999977111816
41661,718,1,22.020000457763672
49321,863,2,67.5
54645,1163,1,75
60682,835,1,75
46679,858,2,229.47999954223633
81303,538,1,39.95000076293945
55335,1524,1,67.98999786376953
85631,289,1,74.9900016784668
97619,614,1,588
91880,544,1,69.94999694824219
84635,1407,1,9.949999809265137
78292,10,1,25
83616,25,1,17.989999771118164
99846,3,1,142.39999389648438
65222,152,1,10.989999771118164
87944,370,1,18
84157,716,1,35.2599983215332
96145,10,1,98
94522,114,1,65
91817,499,1,25
45056,25,1,104.31999969482422
12839,1372,1,70
40971,639,1,32
49384,746,1,169.9499969482422
8511,482,1,137.98000144958496
4183,293,1,28.840000152587887
64532,159,1,39.9900016784668
43284,1561,1,75
23808,351,1,36
12447,475,2,56.04999923706055
16775,840,1,47.9900016784668
23267,1347,1,21.950000762939453
31923,212,1,46
62219,10,1,25
33938,63,3,150.5800018310547
11216,1391,1,39.950000762939446
17708,655,1,45
24200,6,1,126.62999725341795
22036,697,1,187
36102,242,1,34.0600004196167
12149,1131,1,54.9900016784668
17018,189,1,35
9985,717,1,62
10526,659,1,52.25
3493,64,1,29.989999771118164
56371,626,1,124
6759,519,1,49.950000762939446
16838,1127,1,25
55043,43,2,440.74000549316406
25328,223,1,48
42308,272,1,34.5
70672,272,1,283.0900001525879
63510,290,1,45
4080,208,1,39.9900016784668
83453,367,1,19.989999771118164
23785,524,1,108.44000244140625
16792,30,2,593.9900016784668
29527,292,1,49.950000762939446
26702,60,1,46.619998931884766
56417,1717,1,180.0900001525879
6805,953,1,19.89999961853028
33795,319,1,68
38086,930,1,49.950000762939446
50775,189,1,29.989999771118164
28176,435,1,59.9900016784668
99059,99,1,102.96000099182129
43828,3,1,27.950000762939453
1163,658,1,42.9900016784668
84927,82,1,25
19663,21,1,135
42139,30,2,103
63364,1530,1,12.989999771118164
1017,634,1,52.950000762939446
65030,1142,1,56.79999923706055
16984,1773,1,46.93999862670898
53569,3,1,48
66381,46,1,57.99000000953674
97347,927,1,149.4499969482422
11150,1260,1,69
96019,488,1,34.97999954223633
20937,714,1,76
87529,213,1,17
40788,55,1,3.400000095367432
42262,399,2,257.9200019836426
8471,356,1,49.9900016784668
19709,242,3,148.7199993133545
97539,425,1,15
66235,16,1,30.989999771118164
64907,1009,1,19.989999771118164
42185,500,1,18.979999542236328
52172,79,1,29.989999771118164
63433,1,1,171.98999786376953
8325,279,1,168.70999431610107
63679,457,1,125.39000129699707
97393,78,1,432.13000106811523
53646,479,1,95.98999786376952
29719,126,1,39.950000762939446
53523,95,1,26
73689,156,1,22.5
53377,1674,1,15
43559,458,1,14.989999771118164
81764,5,1,154.13000106811523
16500,881,1,119.9499969482422
77496,1388,1,214
82156,193,2,259.9900016784668
67463,103,1,84.20999908447266
12232,83,3,181.7100009918213
25013,826,1,19.920000076293945
94937,892,1,19.989999771118164
73297,692,1,49.04000186920166
96265,7,1,156.98999977111816
47589,199,1,33
83138,307,1,75.5999984741211
98790,98,1,138
16546,366,1,226.92000007629395
18020,753,1,12.300000190734863
97854,582,1,55.5
12278,7,1,59.97999954223633
16938,670,3,183.59000205993652
90231,514,1,67.98999786376953
92235,1321,2,92.67000198364258
33918,31,1,22
84612,864,1,24.989999771118164
98936,24,1,222.51999473571777
58206,252,1,99.9800033569336
5677,494,1,104.94999694824217
55212,1282,1,79
82010,580,1,29
49301,138,1,19
5285,265,1,89
29089,473,1,217.9799976348877
57768,163,1,84.58000183105469
80244,718,1,49.93999862670898
60762,1154,2,100.98000144958496
47735,659,1,50
1455,16,1,96.38000106811523
36958,1764,1,36.97999954223633
92189,102,1,25
35438,159,1,8.640000343322756
26533,887,1,51.98000144958496
15026,160,1,784.7400131225586
12862,3,3,286.6500015258789
14190,139,1,57
56732,152,1,105.83999633789062
67363,79,1,283.7299976348877
66865,153,1,46.97999954223633
83015,500,1,100
75853,260,1,54
72936,1037,1,109.71999931335449
47466,449,1,170.61000061035156
44051,708,1,16.579999923706055
16400,949,1,98.98999786376952
88611,159,1,59.450000762939446
25720,152,1,36
74310,552,1,346.1699981689453
99451,281,2,95.9900016784668
96626,356,1,152.9900016784668
38432,1440,1,132.5
4472,1458,1,143.3600025177002
45425,504,1,136.45000076293945
6536,118,1,12.989999771118164
20147,171,2,139.70999908447266
13483,378,1,50
49816,1467,1,267.6800003051758
97977,10,1,170
66673,234,1,37.950000762939446
83676,863,1,293.3299865722656
87921,319,2,316.8800058364868
44641,18,1,11.989999771118164
9092,390,1,25
92504,9,1,48
12009,205,1,25
87406,450,1,25.5
44741,185,2,115.94999694824217
33257,1212,2,106.80999851226807
74379,2,1,160.3800048828125
43075,68,1,29.989999771118164
62428,152,1,34.900001525878906
85242,356,1,149.97999572753906
42577,654,1,222.7300033569336
38624,259,1,22
76537,565,1,240.91999912261963
75976,281,1,108
17376,958,1,25
96703,123,1,36.97999954223633
50008,184,1,88.5
89793,573,1,18
18458,57,1,182.8800048828125
53254,179,1,135.4499969482422
99949,168,1,18
62743,526,1,27.989999771118164
85073,495,1,46.5
74671,116,2,501.9399995803833
95229,172,1,9.050000190734863
28760,373,1,108.86000156402588
23178,473,1,140.959997177124
54728,3,1,64
31883,1092,1,37.97999954223633
54605,236,1,88.96000289916992
49132,352,1,58
10927,729,2,349.87001037597656
27492,1052,1,105.95000076293945
24054,12,2,112.0999984741211
94476,116,1,129.99000549316406
79285,5,1,30.950000762939453
98306,251,1,35.9900016784668
13191,365,1,42
25620,26,1,69
78893,400,1,124.5
75647,90,1,20.229999542236328
73228,373,1,164.1199951171875
63241,1752,1,58.970001220703125
47260,424,1,65
88880,632,1,67.95000076293945
67240,437,1,51.59000015258789
5554,601,1,391.69000244140625
4372,281,3,157.75000095367432
85571,92,1,30
11319,29,1,81.2300033569336
3290,41,1,14.989999771118164
96895,67,1,31.989999771118164
7618,606,1,78
69690,421,2,117.39000129699707
56955,567,1,79
90838,1723,1,24
79769,945,1,117.98999977111816
24744,417,2,155.9800033569336
84097,1577,1,8.5
24246,262,1,19.5
50214,75,2,251.45000076293945
46384,850,1,141.60000610351562
26410,548,1,74
71754,433,2,138.17000007629395
22972,231,1,15.18000030517578
28966,540,1,41.22999954223633
18787,70,2,142.10000228881836
92710,875,2,62
89464,223,1,9.949999809265137
1724,105,1,33.86000061035156
66742,174,1,49.450000762939446
48740,91,1,40.84000015258789
46576,519,1,29
68216,27,1,108.28999805450438
38953,1115,1,60
69298,169,1,44.9900016784668
40035,1153,1,209.4499969482422
36789,1067,1,24.950000762939453
67134,33,1,177.22000122070312
35707,126,1,58.959999084472656
41478,77,2,74
91090,52,1,196.81999397277832
86845,717,2,66
30403,97,1,183
83928,1858,1,144.96000289916992
33320,664,2,233.49999809265137
22909,721,1,119.9499969482422
26158,1432,1,167.47000122070312
58458,193,1,36
30048,18,1,25
34339,5,1,45
59809,319,1,76.95000076293945
51651,576,1,14
76789,763,2,288.98999977111816
20230,104,1,16
47360,699,1,39.9900016784668
27177,12,1,180
36022,218,1,27.989999771118164
98369,731,1,20.96999931335449
33105,879,1,75
48425,583,1,43.47999954223633
74064,307,1,49.5
36191,287,1,258
20038,1491,1,174.5500030517578
3390,126,1,24.75
9155,36,3,585.1500034332275
59763,349,1,49.5
37496,52,1,35.95000076293945
7827,1669,1,32
35813,331,1,27
84429,582,1,10
26327,465,1,89.98999786376953
3436,49,1,75.26000213623048
25657,529,1,28.809999465942383
17499,890,1,182.98999977111816
42969,139,1,28
187,1678,1,52
19165,197,2,168.81999588012695
90921,552,1,46.9900016784668
53125,425,1,10
1853,54,1,28.950000762939453
80865,670,1,36
10320,1734,1,19.979999542236328
73045,257,1,36
40413,474,2,139.97000122070312
57061,297,1,234
74373,308,1,164.9900016784668
7635,3,1,337.98999786376953
45508,1337,1,12.020000457763672
90875,857,2,250.97000312805176
78309,270,1,89.94999694824217
61661,60,2,89.03000068664551
38939,610,1,53.9900016784668
55587,5,1,32
40267,30,1,155.1400032043457
72899,3,1,26
44203,1555,1,40.69999980926514
99557,91,3,218.85000228881836
6161,560,1,66.95999908447266
456,631,1,346
17768,47,1,9.319999694824215
84237,768,1,105.25
89401,311,1,821.1999912261963
60124,64,2,226.6699981689453
27409,815,1,37.950000762939446
3373,1146,1,289.73999977111816
61346,755,1,23
40204,393,2,92.28999900817873
57516,157,2,71.84000015258789
48657,489,1,118
44034,940,1,19.989999771118164
47343,1368,1,24.5
34940,7,1,48
25703,9,1,56
13300,874,1,30
69905,517,1,10
43015,451,1,37
18956,147,1,49
64154,537,1,188
95544,919,1,185
68591,477,1,235.95999717712402
95936,640,1,164.9499969482422
64263,12,1,252.18999671936035
63181,243,1,107.5
91153,474,1,23
74296,585,1,68.7499990463257
85010,1375,1,84.5
53048,174,1,169
84174,401,1,24.989999771118164
78518,40,1,22.8799991607666
98492,234,1,50
81180,195,1,110
519,79,1,128
81074,20,1,207.30000019073486
61598,919,1,147.1300048828125
39958,1728,1,85
45571,1281,1,40
53440,162,1,34.9900016784668
38292,71,1,62.95000076293945
10990,1500,1,20.65999984741211
13154,406,1,30.950000762939453
85402,686,1,98
36128,556,1,167.14000129699707
17482,9,1,144.93999862670896
58598,16,1,116.9299964904785
97456,83,1,25
18518,3,1,30
59978,219,1,16.860000610351562
61060,29,1,34.9900016784668
99766,1446,1,56.27000045776367
92003,162,1,25
76683,411,2,81.98999977111816
47798,190,1,54.9900016784668
50715,3,1,24
58352,8,1,23.950000762939453
80619,573,1,63
87781,1165,1,99.97999954223633
48817,284,1,69
1080,664,2,214.9900016784668
97931,466,1,34
23347,685,1,222.9000015258789
91482,823,1,68.3899998664856
84320,152,1,245.74999833106995
55149,1328,1,6.949999809265137
40851,189,1,3.700000047683716
26785,954,2,208.18999862670898
57662,316,2,602.6799926757812
44097,15,2,126
99119,1476,1,31.989999771118164
16875,85,1,93
95704,566,1,159.9499969482422
34187,866,1,60
49507,527,1,154
69046,740,1,33.220001220703125
25766,1432,1,18
48488,62,2,48.18000030517578
12155,1534,1,145
94399,558,1,36.09000015258789
32713,1535,1,38.9900016784668
51734,494,1,84.98999786376953
15856,102,1,103
56623,239,2,281.6499881744385
71771,1006,1,25
1100,170,1,74.94000053405762
69281,136,2,74.15999984741211
7764,1056,1,14.989999771118164
56125,139,1,21.299999237060547
27240,1421,1,33.9900016784668
82093,209,1,39
9928,606,1,46
5345,708,1,18.959999084472656
69215,383,2,93.44000053405762
77871,114,1,34
17937,718,1,44.9900016784668
75707,635,1,25
57897,465,1,49.950000762939446
94685,135,1,25
20791,444,1,24
6553,238,1,23
11963,20,1,22.989999771118164
39185,749,1,93.26000022888184
38103,198,1,316
15381,71,1,148.4900016784668
8717,162,1,33.95000076293945
44595,563,1,67.98999786376953
8548,153,1,58.52000045776367
64071,1016,1,126.97999954223633
15209,19,1,62
27801,16,1,29.989999771118164
43121,46,1,38.950000762939446
69089,27,1,32.459999084472656
42039,60,1,42.52999877929688
86401,689,1,130
9407,100,2,122.5
36457,486,1,180.9800033569336
83155,111,1,25
12653,98,1,20.8799991607666
3997,521,1,118
10489,112,1,119.98999786376952
23994,144,1,49.5
24492,462,1,36
35567,527,1,4.849999904632568
11010,1039,2,164.14000129699707
88926,534,1,19.989999771118164
2852,180,2,170.3400001525879
28820,187,1,100.5
7180,162,1,72
93254,980,1,40
46132,64,1,44.950000762939446
90337,781,2,103.2400016784668
93646,1082,1,74.33999633789062
2746,270,1,59.950000762939446
63350,3,1,228.8799991607666
7572,219,1,39.950000762939446
89318,36,1,319.989990234375
30941,12,3,298.8899974822998
93540,734,1,44.97999954223633
53506,231,1,49
71900,111,1,75.77999877929686
9301,174,1,83.42000007629393
67572,1545,1,158.98000526428223
66490,365,1,66.5
75146,255,1,150
13237,497,3,146.97999954223633
75538,1508,1,49.9900016784668
46324,226,1,79.9800033569336
53271,111,2,184.98999786376953
34877,207,2,183.5
54980,965,1,10
49570,279,1,40
53898,422,1,48
90008,404,1,69.98999786376953
1770,453,1,68.97000122070312
27738,687,1,139.99000549316406
8654,240,1,58.950000762939446
10818,957,1,114.44000172615051
90400,729,1,12.989999771118164
96394,615,1,38.880001068115234
74754,518,1,19.89999961853028
89902,111,1,19.989999771118164
92564,200,1,24.989999771118164
88236,199,1,25
45348,129,1,164
43184,622,1,19.89999961853028
90792,909,1,249.94999694824216
47512,54,1,25
88628,19,1,84
44266,1419,1,28.350000381469727
65906,19,1,56
92956,660,1,44
69152,46,1,29.989999771118164
50758,10,1,6.989999771118164
41020,379,1,85.83000183105469
20854,347,1,49.9900016784668
69544,313,1,46.9900016784668
52232,1329,1,65
65216,428,1,29.950000762939453
46822,24,1,28.959999084472656
28428,336,1,54.720001220703125
51150,656,1,56.63999938964844
48986,334,1,114.98999786376953
45740,1909,1,10.779999732971191
95169,334,1,27.950000762939453
46885,176,1,99
54711,132,1,28.989999771118164
49802,92,1,85.86000061035156
29905,284,1,49.9900016784668
95810,1034,1,10.050000190734863
10695,344,1,203.3000030517578
28554,1684,1,193.57999801635742
38372,513,1,19.950000762939453
27867,3,1,25
94290,429,1,180
61658,122,1,159
44847,633,1,121
65408,326,1,16.010000228881836
17124,47,1,115
98040,1464,1,82
82388,285,1,36.9900016784668
89381,44,1,96.15000057220459
74393,1398,1,44.9900016784668
59666,65,1,194.3499984741211
12733,50,3,224.88999938964844
88694,303,1,160
95641,848,1,123.94000244140624
38418,584,1,299.93000411987305
93649,595,1,97.19999694824216
5786,487,1,38.970001220703125
61017,72,1,130.98999786376953
66095,307,1,75.55999755859375
78784,99,1,80.9800033569336
24163,104,1,39.950000762939446
88176,139,1,29.950000762939453
55544,106,1,61.369998931884766
26155,67,1,90
71522,83,1,115.5
4266,530,1,12
36898,74,1,13
34983,357,1,89.94999694824217
45411,479,2,186
14771,59,1,7.989999771118163
12779,246,1,34.9900016784668
90732,1177,1,3.990000009536743
93726,8,1,14.550000190734863
1664,1198,2,216.9000015258789
25468,119,1,129
80035,161,1,59.9900016784668
82906,623,1,72.47999954223633
23599,731,1,8
68920,163,1,82.5
2228,47,1,28.31999969482421
47672,2,1,34
81386,83,2,48.36999893188478
46762,1220,1,29.93000030517578
16291,726,1,21.600000381469727
80304,922,2,335.97999000549316
36852,192,1,19.700000762939453
24950,354,1,69.18000030517578
25514,913,1,26.989999771118164
49441,262,1,325
59056,437,1,71.19000053405762
13735,376,1,40.96999931335449
92770,1077,1,12.989999771118164
15604,1470,1,86.5
3702,305,2,152.36999988555908
37539,311,1,11.399999618530272
91688,360,1,29.989999771118164
90778,1385,1,24.979999542236328
8342,906,1,39.5
73357,1,1,99
8093,4,1,149
95246,1000,1,189.5
21077,293,1,23
91250,238,1,45
57705,677,1,119
81183,300,1,22.1899995803833
3184,103,1,69.5
65531,684,1,196.56000137329102
99763,108,2,85.97000122070312
52358,293,1,113.94999980926514
57313,27,1,25
51671,162,1,180
28949,72,1,46
38936,584,1,24
313,1740,1,75
1395,1819,1,40.96000099182129
23035,1047,1,78.94999694824217
73311,244,1,39.900001525878906
50197,281,1,29.950000762939453
82952,147,1,19.950000762939453
94559,253,1,79.5
39328,1077,1,79
4704,223,1,115.9900016784668
57267,6,1,98
21561,42,1,69.5
87612,307,1,288.5999984741211
84821,150,1,11.979999542236328
81870,146,1,35
59935,15,1,144.9499969482422
44283,1218,1,22
34545,857,1,225
29590,455,1,396.9799995422363
85259,170,1,150.47000122070312
19995,304,2,79.9800033569336
20244,404,1,76.75
83344,398,1,89
1349,16,1,82
61455,1012,1,42.9900016784668
95687,12,1,14.359999656677246
52063,795,1,29.989999771118164
64057,18,2,63.94000244140625
77041,298,1,94.5
51276,82,1,39.9900016784668
84867,400,1,25
18126,436,1,176
98289,342,1,82
8139,17,2,264.9799976348877
20290,11,1,6.949999809265137
43012,506,1,34.9900016784668
55747,725,2,81.4900016784668
19208,505,1,35.95000076293945
21123,393,1,93.85000038146973
9862,289,1,39.43999862670898
20682,597,1,101
19600,372,2,527.1499977111816
76995,549,1,17.989999771118164
30469,72,1,98
84177,158,1,133.9900016784668
39972,777,1,13.989999771118164
76351,18,1,13
41727,652,2,54.90999984741211
16921,572,1,21.989999771118164
87094,102,1,29.950000762939453
45806,702,1,2.950000047683716
51545,703,1,53.200000762939446
1269,466,1,29.989999771118164
96769,82,1,68.95999908447266
97599,26,1,214
72793,1566,1,178
17562,541,2,106.29999923706055
76162,689,1,34
65846,99,1,43.75
31863,854,1,233.5
95372,126,1,12
69404,232,1,56.38999938964844
57831,186,1,5.369999885559082
88302,584,1,25
11133,115,1,64.37999725341797
80788,212,3,68.60999870300293
51402,358,1,44.9900016784668
84034,471,1,17.989999771118164
20479,3,1,42.97999954223633
72132,434,1,68
46447,149,1,9
36726,800,1,36
13171,236,1,15.989999771118164
2102,1493,1,129.92999267578125
15335,612,1,12
45239,179,1,25.5
12607,774,1,45
34419,1014,1,25
1787,414,1,22
47280,390,1,119.6099967956543
44598,93,1,18.14999961853028
33778,801,1,3.990000009536743
15212,468,2,170.93000411987305
23868,864,1,14
59746,357,1,68.57999992370605
46590,211,1,72.98000144958496
14694,64,1,69.9900016784668
14522,218,1,39.9900016784668
11448,232,1,5.369999885559082
57974,3,1,26.989999771118164
12530,1351,1,26.979999542236328
16686,299,1,374.9500122070313
97914,785,2,155
12089,118,1,99
98163,3,1,63.950000762939446
19334,1075,1,56.41999816894531
16417,592,1,29.989999771118164
76523,82,1,223
27990,211,1,21.989999771118164
74957,761,1,48
48989,2,1,8
79832,268,1,14.949999809265137
61973,370,1,23
6742,691,1,16.65999984741211
33337,31,1,16.950000762939453
32710,557,1,111.89000248908997
46321,976,1,83.58000183105469
92959,28,1,19.020000457763672
84303,234,2,94.5
81635,23,1,29.989999771118164
57502,425,1,241.99000549316406
68651,286,1,176.5
37336,334,1,78
70878,267,1,16
71960,103,1,19.1200008392334
98555,207,1,16.989999771118164
50463,8,1,78
77605,1028,1,32
41807,221,1,84.94999694824217
88425,310,1,13.970000267028809
86261,64,1,112.75
43971,129,1,36.950000762939446
28823,46,1,129
52876,478,1,25
71711,317,1,98
29464,5,1,155.62000274658203
50071,546,1,27
9988,978,1,54.970001220703125
12295,7,2,92.5
9739,883,2,760.9799957275391
29215,235,1,31.989999771118164
20559,104,2,79.37000179290771
21641,271,1,78
22723,742,1,13.989999771118164
34625,361,1,15
7575,112,1,25
41117,45,1,60
1,197,1,56
6493,5,1,109
8514,135,1,9.949999809265137
80679,507,1,64
83596,250,1,40
66284,838,1,22.299999237060547
94980,41,2,76.85999870300293
29716,27,1,25
2039,102,1,18.799999237060547
21890,115,1,29.989999771118164
45036,374,1,30
92441,390,1,60.9900016784668
62348,425,1,118.52000045776367
3559,9,2,287.72999572753906
70314,3,2,113.50999641418454
56420,957,1,26.989999771118164
35690,154,2,186.2699966430664
18378,178,1,169.99000549316406
4532,319,1,75.45000076293945
64386,709,1,86.4900016784668
42119,51,2,104.44999980926514
35172,807,1,95
21389,158,1,33
19397,526,1,128.3000030517578
86012,707,1,56
78186,1353,1,141.2699966430664
89006,417,1,69.45999908447266
71694,167,1,38.74000072479248
12922,1038,1,76.98999786376953
24306,36,1,52.94000053405761
16935,886,1,32.63000011444092
85070,872,1,105.9000015258789
8986,155,1,79.94999694824217
17814,260,1,52
82076,189,1,67.23999786376953
76148,594,1,10
43516,98,1,82
54336,785,2,163.7300033569336
78140,569,1,17.639999389648438
60828,276,1,18.690000534057617
93460,535,1,97
66238,680,1,183.1100025177002
48408,268,1,22.950000762939453
22268,596,2,316.5
62302,1105,1,280
15776,3,1,222.8000030517578
51482,1178,1,73
44990,1119,1,11.119999885559082
60310,49,1,85.84999656677246
89524,70,1,26.5
16858,284,1,82.45999908447266
84114,52,1,157.25
10366,38,1,55
94997,190,1,59.5
24824,310,1,89.98999786376953
91107,158,1,102.98000144958496
96314,362,2,103.27999877929688
73168,835,1,83.2300033569336
25843,733,1,14.989999771118164
81621,519,1,123.97999954223633
705,1389,1,22
42182,217,1,209
29198,898,1,29.5
30280,87,1,9.729999542236328
31691,19,1,29.989999771118164
59494,452,1,190.3799991607666
4641,52,1,50
8969,729,1,29.989999771118164
27363,569,3,136.44000053405762
46510,147,1,44.9900016784668
34608,242,1,60
10051,105,1,16
17296,371,1,48.119998931884766
47592,940,1,25
48611,272,1,14
47529,935,1,84.98999786376953
18315,31,1,12.5
43201,2,1,134.9699993133545
65923,23,1,34.9900016784668
42574,3,1,59.5
13987,247,1,44.209999084472656
52939,996,1,103.9499969482422
60513,123,1,125.4000015258789
30672,491,1,49.950000762939446
25262,310,1,61
51465,941,1,159
40645,1796,1,29.989999771118164
70111,21,1,8.600000381469727
5096,125,1,129.99000549316406
47137,111,1,50
54963,148,1,27
11588,18,1,6.989999771118164
86089,747,1,321
64449,30,1,50
93915,42,1,35.34000015258789
75269,173,1,277
62285,972,1,50
85697,719,1,28.989999771118164
3121,259,1,91.19000053405762
87031,21,1,12.989999771118164
68385,706,1,118.98999786376953
31253,209,1,30.950000762939453
20433,228,1,70.64000129699707
91359,1154,1,34.97999954223633
66221,965,1,319.94000244140625
96517,1322,1,40.9900016784668
83533,281,1,76.9900016784668
57911,378,1,9.539999961853027
12467,108,1,45
95043,265,1,200
56829,256,1,543.3899936676025
4893,175,1,139.99000549316406
35189,349,1,159.98999977111816
87469,326,1,37.130001068115234
33715,1691,1,85
56437,849,1,22.829999923706048
79159,569,1,109.48999786376953
48863,119,1,79.93000030517578
38043,1462,1,96
83487,435,1,9.949999809265137
67257,646,1,62
43453,867,1,98
6178,460,1,12.989999771118164
14834,102,2,67.19000244140625
17751,175,2,529
9095,346,1,24.989999771118164
43719,5,1,36.9900016784668
55292,123,1,70.58000183105469
70612,185,1,12.989999771118164
23490,153,1,115
16732,83,2,407.18999099731445
64967,1004,1,125
73623,740,1,54.15999984741211
56311,737,1,15.050000190734863
66676,201,1,23.950000762939453
75332,878,1,25.9399995803833
58020,1227,1,75
92644,370,1,60.5
23679,500,1,296.43000411987305
98478,1887,1,149.99000549316406
62740,606,2,96.13000106811523
45428,255,1,51.869998931884766
19460,706,2,19.30000066757202
57330,49,1,30.979999542236328
30108,595,1,13.989999771118164
13815,61,1,88
22471,702,1,14.989999771118164
5159,165,1,103.96000289916992
204,744,1,95.79000091552734
36082,2,1,59.5
24180,38,1,59.81000137329101
6868,1407,1,58.679999351501465
1458,1494,1,42
32836,126,1,48.75
26078,2,1,213.84999656677243
78014,45,1,21.989999771118164
4830,484,1,18.75
87234,475,1,123
54602,324,1,21.059999465942383
89398,559,1,69.94999694824219
54774,43,1,17.450000762939453
28634,937,1,25
48110,875,1,51
83722,12,1,297.89000701904297
80476,390,1,169.9499969482422
75066,56,2,131.97000122070312
82640,208,1,52
73984,730,1,21
85886,317,2,92.45000076293945
92378,21,1,138.9900016784668
91296,627,1,175.03000354766846
70048,174,1,25
73294,1291,1,32.95000076293945
67884,901,1,648.9400019645691
90606,566,1,16.489999771118164
50572,370,1,101.45000076293945
61392,222,1,15.909999847412108
96016,1413,1,16
50211,330,2,22.309999465942383
6931,298,1,45
79096,386,1,22.89999961853028
40144,599,1,269.5
32899,9,1,227.25
74768,1089,1,49.9900016784668
70440,739,1,7.980000019073486
2603,532,1,85.98999977111816
44472,481,1,48
14568,54,1,464
67131,474,1,79.9800033569336
53520,112,1,70.92000198364258
44864,231,1,43.94000053405762
40536,173,1,15
54147,692,1,65
31880,756,1,30.479999542236328
27552,948,1,79.44000053405762
58475,95,1,279
28179,11,1,133.10000038146973
22534,225,1,135
26862,1078,1,19.989999771118164
2305,46,1,12.989999771118164
18206,240,1,39.9900016784668
894,4,1,15.489999771118164
10569,1043,1,226.06000137329102
23553,161,3,110.15999984741211
15979,96,1,142.95000076293945
6696,738,1,22
98415,67,1,82
20997,402,2,132.94000244140625
44801,67,2,138.48999977111816
51293,344,1,39.880001068115234
25325,433,2,710
91923,380,2,65.69000148773193
96251,724,1,392.9900016784668
66049,698,1,60
68213,781,1,157.98999977111816
33589,502,1,56
35753,62,1,12.25
63885,185,2,670.8300018310547
40081,51,1,17
24933,861,1,19.989999771118164
48737,673,1,155.78999996185303
50901,26,1,84.94999694824217
53755,785,1,77.4900016784668
73231,458,1,54.5
78641,231,1,242.6300048828125
84051,827,1,22
80805,1014,1,50.9900016784668
60247,1090,1,26.96999931335449
92707,898,1,72
76477,753,1,78.95999908447266
63493,1260,1,46.989999771118164
86215,185,1,12.989999771118164
46181,587,1,108.98999786376953
57001,8,1,179.99000549316406
68903,114,1,243
59165,5,1,88.70000076293945
61329,213,1,56
75003,704,1,186.18000411987305
78249,16,1,139.93999862670896
81495,528,1,18.989999771118164
93397,139,1,197.9199924468994
83659,1249,1,6.980000019073486
99889,352,1,15.25
80110,3,1,159
40316,551,1,86
65786,354,2,64
31826,215,1,28.989999771118164
60213,951,1,44.9900016784668
51723,227,1,89
75842,51,2,274.97999572753906
72971,61,1,27.89999961853028
33177,149,1,60
84332,347,2,44.94000053405762
41667,180,2,46.78999900817871
2088,605,1,9
91302,290,1,98
20465,3,1,29.100000381469727
3485,246,1,89
9058,982,1,25
29124,1427,1,109.98999786376952
41836,737,1,99.98999786376952
75673,871,1,62
64435,445,2,213.98999977111816
58816,195,1,25.93000030517578
81415,441,1,209.9900016784668
91348,1264,1,240.98999786376953
82935,876,2,389.98000717163086
40485,893,1,43.47999954223633
6187,781,1,257.40000343322754
85514,75,1,112.98999977111816
70100,23,1,13.289999961853027
4836,93,2,129.1699981689453
95570,64,1,24.989999771118164
30429,1776,1,39.75
61395,381,1,13.75
94050,83,1,148
82812,694,1,175.7300033569336
94219,16,1,17
40193,1355,1,15.340000152587892
60336,32,1,34
28955,734,1,25
71574,1248,1,23.950000762939453
61687,814,2,37.989999771118164
50326,557,2,118.88000106811523
18899,1200,1,29.989999771118164
27727,514,1,171
95401,1422,1,185
83104,286,2,166
71282,274,1,44
29247,34,1,41.9900016784668
66124,1725,1,25
10701,92,1,25
13203,277,1,13.75
58985,104,1,82.45999908447266
33515,192,2,92.97000122070312
89828,1053,1,84
95447,149,1,25.190000534057617
50034,19,1,6.760000228881836
22062,834,1,648.1699981689453
14969,308,2,48.989999771118164
40608,91,1,131
68580,533,2,128
82643,16,1,225
31949,963,1,25
88892,812,1,214.93999671936035
52015,757,1,69.98999786376953
97213,1498,1,25
3562,904,1,61.950000762939446
35971,91,1,381
27266,89,1,199.9900054931641
36217,1019,1,39.450000762939446
19360,396,1,323.9799995422363
81169,111,1,164.9799976348877
85852,592,1,22
63376,990,1,79
77439,19,1,270
9519,761,1,52
91010,585,2,406.46999168395996
31995,593,1,53
14677,55,1,19.889999389648438
11683,87,1,21.949999809265137
13449,903,1,9.779999732971191
98687,708,1,39.9900016784668
75719,805,1,228
78713,188,1,4.150000095367432
67598,436,1,50
10455,148,1,29.950000762939453
54763,1,1,43.450000762939446
23290,1188,2,92.25
11975,1141,1,128.4800033569336
568,3,1,47
88554,252,1,35
77485,1349,1,239
20880,1343,1,16.989999771118164
12221,695,1,925
67306,994,1,49.44000053405762
33223,1188,1,177.94000053405762
53535,1068,1,54.98000144958496
55699,1426,1,24.989999771118164
10747,286,1,107.93999862670898
22108,354,1,198
40731,443,1,179.97000122070312
51308,578,2,284.8500061035156
35158,680,1,82.98999977111816
20004,1071,1,198.83999633789065
107,170,1,79.98999786376953
45474,187,1,18.989999771118164
28019,34,1,65.16999816894531
44169,45,1,25
69639,513,2,474.9300022125244
73340,355,1,25
47870,534,1,11.260000228881836
95109,341,1,189
11039,414,1,142.48999786376953
80479,808,1,893
18132,507,1,59.450000762939446
52092,25,2,103.94000244140625
39855,962,1,13.010000228881836
1152,22,1,28
46519,205,1,25
29370,278,1,102.98999786376952
34113,1020,1,101.98999977111816
74737,100,1,36
55361,426,1,8.760000228881836
95985,380,1,146.98999786376953
66722,385,1,110.7400016784668
38504,20,1,53.9900016784668
49742,573,1,10.789999961853027
5772,94,3,410.5
57880,10,1,37.989999771118164
60797,272,1,114.75
40070,362,1,16
17256,13,1,39.9900016784668
37983,232,1,25
83350,244,1,216.5
29493,752,1,25
50741,426,2,121.94999694824217
41421,857,1,16.65999984741211
62102,57,1,39.450000762939446
83748,544,1,44.380001068115234
39257,19,1,235.04000091552734
97857,977,1,25
25148,54,1,24.950000762939453
18822,459,1,55.950000762939446
71989,312,2,155.7599983215332
62669,1424,1,17.950000762939453
83227,1827,1,12
19881,461,1,49.9900016784668
26622,1082,1,120
85391,504,1,110.39999771118164
3900,58,1,43.9900016784668
29891,190,1,188.72999954223633
41252,10,1,61
72556,63,3,205.97999954223633
61318,346,1,54.9900016784668
7169,268,1,11.989999771118164
1275,2,2,211.5999984741211
91179,9,2,65
20757,208,1,35
14508,11,2,276.92999935150146
37322,736,1,17.18000030517578
33990,50,1,69
83519,422,1,129.07000160217285
96752,783,1,184.94999694824216
53366,236,1,8.949999809265137
98318,42,1,9.699999809265137
19191,40,1,9.109999656677246
26851,79,1,25
86957,66,1,56.880001068115234
52321,54,1,45
8414,325,1,142.9900016784668
16964,1545,1,81.75
99208,133,1,50.5
12636,1459,1,98.9800033569336
94880,289,1,8.989999771118164
73569,314,1,7.900000095367431
72158,321,1,57.950000762939446
3731,879,1,59.5
6648,657,1,29.950000762939453
69241,168,1,7.5
81292,311,1,168.57000160217285
58570,568,1,25
95862,1484,1,7.010000228881836
55238,71,1,48.650001525878906
88431,2,2,142
32410,149,1,69.94999694824219
11268,659,1,532.8700170516968
43479,364,1,102.2400016784668
21341,137,1,59.900001525878906
90595,534,1,14.630000114440918
79526,798,1,69.98999786376953
54548,1053,1,23
31136,411,1,50
58278,636,1,25
46917,363,1,26.36000061035156
76088,32,1,55.20000076293945
44753,557,1,98.75
1965,5,1,11.340000152587892
21939,584,1,106.69000148773193
53950,12,1,32.5
15490,1074,1,25
12052,4,2,454
21049,1198,1,50.119998931884766
45935,1358,1,13.989999771118164
79234,764,1,18
88723,456,1,79.56999969482422
68657,85,1,288
99792,37,1,11
78544,773,1,34.9900016784668
44461,632,1,23.5
57986,51,1,78.9800033569336
46625,767,1,25
80708,3,1,33.9900016784668
76380,171,1,44.119998931884766
69347,3,1,31
67873,1149,1,350
53549,788,1,28.989999771118164
44063,538,2,247.3499994277954
2609,466,1,124.9499969482422
60688,349,1,87.3499984741211
2918,661,1,175.48999977111816
65311,88,1,39
34222,34,2,266.9700012207031
99271,604,1,19.989999771118164
17027,939,1,132.3000030517578
91992,853,1,42
35218,187,1,248.50000762939453
73801,267,1,8
1398,1458,1,13.710000038146973
12805,312,1,40.220001220703125
99131,196,1,27
13801,499,1,49.5
70744,82,2,284.0799980163574
45105,110,2,271.6999969482422
98962,253,1,220.97999954223633
93,420,1,65
88079,1206,1,89
6831,507,1,55.950000762939446
93512,741,1,99.94999694824216
81109,1002,1,25
49805,7,1,13.989999771118164
53718,68,1,115.45000076293945
46811,89,2,115.5
19420,891,1,29.989999771118164
15507,582,1,121.9900016784668
77545,73,1,159.0399990081787
36755,263,1,36.9900016784668
52075,3,1,163.4900016784668
88906,72,2,213.89000701904297
63774,232,1,41.5099983215332
63436,1593,1,46.9900016784668
14279,155,1,99
5789,48,1,21.989999771118164
93529,159,1,45
69579,399,1,30
69410,1493,1,25.5
92132,289,1,249.94000244140625
98793,1748,1,52.68999862670898
54777,170,1,49.5
48162,24,1,19.989999771118164
14202,651,1,58.29999923706056
59646,296,1,166.9499969482422
62377,20,1,368.94000244140625
49559,29,1,48
32579,566,1,103.6400032043457
33575,1183,2,130.5999984741211
90764,624,1,64.5
36907,22,1,24.950000762939453
46642,534,1,89.98999786376953
30,146,1,55.2599983215332
22168,295,1,376.95000076293945
90658,136,1,25
82168,510,1,325.3899974822998
75135,306,1,73.98999977111816
18361,349,1,52.94000053405762
86496,18,1,40
79297,766,1,69.98999977111816
920,23,1,39.5
73154,1281,1,16
39609,757,2,29.59999942779541
7309,1008,1,95
43940,128,1,11.010000228881836
76655,353,1,31.920000076293945
90134,733,1,160
61166,152,1,67.4499979019165
60920,224,1,32.9900016784668
67890,731,1,44
11331,61,1,155.95000076293945
57525,430,1,43.310001373291016
63267,1034,1,69.5
97903,56,1,31.979999542236328
24916,28,1,45
77777,1180,1,25
75275,506,1,56.9900016784668
97751,872,1,149.97999572753906
50386,398,2,113.5
22752,184,2,136.1599998474121
75613,457,1,149.0999984741211
48222,351,1,25
88016,914,1,24.989999771118164
43894,454,1,19.989999771118164
36323,272,1,74.9900016784668
29831,638,1,154.36999893188477
59629,79,1,99.94999694824216
2778,597,1,112.5
22646,47,1,227.4900054931641
80877,462,1,66.16999816894531
51079,1353,1,320.5999984741211
99025,479,1,9.270000457763672
14139,602,1,24.450000762939453
16549,15,1,27
7647,676,2,74.9900016784668
22798,275,1,41.41999816894531
61504,175,1,28.950000762939453
24962,895,1,193.80999755859375
41192,729,1,94.98000144958496
55255,10,1,103.3799991607666
86390,23,1,139.5
53781,1613,2,239.5
46748,215,1,29
49158,169,3,201.68999671936035
54027,306,1,8.720000267028809
42666,1129,1,65.82999992370605
1550,292,1,92.98999977111816
5941,544,1,280
77608,266,1,81.4900016784668
85268,31,1,38.9900016784668
69948,75,1,189.5
52138,19,1,44.46999931335449
98335,663,1,68.90999984741211
80525,209,1,11.989999771118164
26668,576,1,98.0199966430664
23230,466,1,29.989999771118164
78129,3,2,142.8900032043457
31886,137,1,61.9900016784668
87664,1408,1,93.98999977111816
70469,97,1,43.950000762939446
12390,8,1,35
91717,103,1,54.9900016784668
78819,512,2,70.95000076293945
41773,128,1,20
99377,542,1,37.9099998474121
4730,3,1,29.989999771118164
12559,234,1,24.989999771118164
27452,57,1,60.88000011444092
40777,423,1,238.8000030517578
63330,1472,1,78.45999908447266
54365,379,2,141.0900001525879
96108,393,1,67.95999908447266
10163,26,1,118.8100004196167
3499,187,1,188.5
45168,4,1,67.78999900817873
85743,1504,1,168
81046,28,1,11.970000267028809
2503,1319,1,46.489999771118164
74382,1319,1,257.4700012207031
55882,257,1,214
2025,221,1,139
28663,242,1,130
23920,722,1,17.489999771118164
13343,524,1,149.9499969482422
80356,307,1,22.989999771118164
21756,85,1,20
43462,6,1,14.399999618530272
16781,499,1,46.450000762939446
41083,911,1,91.88000106811523
49911,1038,1,101.38999938964844
9164,75,1,39.970001220703125
98378,73,1,10.770000457763672
4561,81,1,115
17302,256,2,89.26999950408936
1982,48,1,674.5
71328,249,3,133.01000022888184
37860,23,2,348.93000411987305
96629,873,1,49.950000762939446
67415,692,1,266.19999980926514
58587,1092,1,49
89722,9,1,45.4900016784668
60751,474,1,179.47999954223633
6725,598,1,325
65769,328,1,31.950000762939453
85958,438,1,40
57113,423,2,84.31000137329102
91196,600,1,121.94999694824219
81999,134,1,321
59277,103,1,79.98999786376953
7415,391,1,47.739999771118164
72112,1296,1,138
21587,1235,1,79.98000144958496
4773,792,1,92
76440,448,1,90.94000244140625
47057,437,2,44.489999771118164
57634,23,2,296.2400016784668
49974,57,1,425
17365,168,1,35.2599983215332
43831,641,1,10
47163,15,2,194
68305,113,1,127.9499969482422
7584,329,1,34.650001525878906
29353,377,1,399
62852,24,1,158.98999786376953
33054,198,1,16
26021,313,1,115
93881,865,2,192
11222,618,1,42.540000915527344
6894,133,1,52.5
96798,322,1,29.40999984741211
42941,1650,1,49.9900016784668
64667,213,1,200.00999450683594
90243,169,1,34.9900016784668
94571,643,1,160.1999969482422
78882,219,1,129
44309,449,1,39.9900016784668
57050,42,2,170.98999786376953
52722,74,1,26.989999771118164
7521,2,1,40.75
25331,906,1,138
33744,262,1,175
5357,579,1,82.97000122070312
33638,119,1,69.5
67721,63,3,166.98999786376953
14660,102,1,24.989999771118164
44415,362,1,115
8168,328,1,32.619998931884766
60104,781,1,62.950000762939446
31474,1393,1,81.9800033569336
48743,401,1,12
30200,119,2,66.4900016784668
95218,74,1,29.950000762939453
91133,873,1,88
68411,43,1,162.8400001525879
43525,274,1,19.989999771118164
93054,115,1,14.989999771118164
72739,107,1,69.19999694824219
96692,128,2,65.5
83167,96,1,128
98856,164,1,57
6247,767,1,24.950000762939453
13280,725,1,10
94528,4,1,6.5
8952,1,1,18.5
64773,317,1,32
92513,595,1,110
15842,154,1,42.950000762939446
78189,75,1,117.98999786376952
81106,608,1,129.98999977111816
1092,289,1,150
90947,631,1,169.99000549316406
23691,66,2,124.94999694824216
48497,60,1,105.55999755859376
97445,177,1,39.95000076293945
25683,274,1,118
66141,886,1,93.8199996948242
59858,608,1,39.5
42878,9,1,81
93818,40,1,10.989999771118164
53429,312,2,249.67000007629395
79068,68,1,149.97999572753906
27203,743,1,65.75
85374,65,1,48
90993,98,1,198
9413,1407,1,229.9900054931641
98919,556,1,39.9900016784668
42068,1580,1,60
89427,351,1,28.489999771118164
35570,755,1,148
1610,1166,1,17.969999313354492
98255,35,1,139.95000076293945
44398,55,1,220
76715,535,1,33.29999923706055
43419,1026,1,110.5
2961,27,1,45
22812,925,1,54.9900016784668
14322,1299,1,67.95000076293945
54239,708,1,14.149999618530272
54780,883,1,135
23814,67,1,136.95000076293945
65600,833,1,5.949999809265137
57774,787,1,307.9700012207031
66264,534,1,25
46413,42,1,40
68225,4,1,28.06999969482421
88076,137,1,56
87558,1845,1,158
78066,478,1,25
1564,214,1,75
21630,561,1,79
46931,604,1,79.94999694824217
22294,585,1,37.950000762939446
21112,76,2,111.4900016784668
11743,215,1,19.989999771118164
57482,1026,1,19.989999771118164
23104,887,1,47.9900016784668
11497,1409,1,1.950000047683716
54949,19,1,24.96999931335449
12284,770,1,45
78527,334,1,330.94000244140625
83685,152,1,161
66705,318,1,21.600000381469727
7939,93,1,49.9900016784668
13263,122,1,50
82998,1194,1,52
3422,218,3,390.94999980926514
85451,242,2,180.96999740600586
39669,832,1,199.93999862670898
40548,1483,1,53.21000003814697
99775,102,1,15.989999771118164
74969,461,1,32
36526,1415,2,83.10000038146973
52842,361,1,195.35000038146973
1902,261,1,148.75000143051147
16901,1700,1,17.93000030517578
38487,998,1,10.989999771118164
60963,1305,1,17.989999771118164
25503,1682,1,34
19254,742,1,13.470000267028809
73111,272,1,166.6999969482422
39566,92,1,42
93423,63,1,60.92000198364258
79360,259,1,39
30661,1085,1,98
46751,22,2,160.5
94359,133,1,169.99000549316406
3963,3,1,44.38999938964844
14783,981,1,79.98999786376953
16947,4,1,55.579998016357415
62729,18,1,25
49848,4,1,73
82062,455,1,228.68000030517578
27126,749,2,258.2200012207031
72570,157,1,6.989999771118164
59340,320,1,340.56999588012695
53091,542,1,25
83977,193,1,9.989999771118164
36864,4,1,19.989999771118164
38092,1089,1,49.950000047683716
62437,884,2,104.4000015258789
26190,1550,2,136.9900016784668
60814,129,1,98.97999763488768
6419,689,1,146.46000289916992
83044,174,1,433.73999786376953
72865,82,2,424.88999938964844
69284,1472,1,25
2028,28,1,9.989999771118164
30581,374,1,15.989999771118164
7767,730,1,46.5
52968,680,1,8.630000114440918
56526,515,1,192.44999980926514
54534,80,1,69.94999694824219
93449,88,2,119
40376,192,1,49.950000762939446
35513,71,1,240.0400047302246
97150,366,1,9.380000114440918
24060,341,1,107.9900016784668
88494,383,1,7.199999809265137
38690,40,3,139.74000120162964
98381,229,2,34.59000015258789
78607,1468,1,109.97000122070312
76443,3,1,67.95000076293945
97840,203,2,147.48999977111816
53303,100,1,23.049999237060547
87263,150,1,34.38999938964844
1195,326,1,53.29000186920166
44475,232,1,89.95000076293945
55052,53,1,15
59938,584,1,137.96000146865845
1461,118,1,160.96000480651855
75092,4,1,63.47999954223633
18656,656,1,76.89000129699707
59397,1457,1,106
67887,485,1,74
57233,139,1,48.930000305175774
53844,464,1,48.98000144958496
55344,59,1,159.73999977111816
12556,295,1,9.989999771118164
33947,851,1,129
57923,98,1,64.94999694824219
67246,567,1,69.98999786376953
78481,979,1,46.9900016784668
11225,1050,1,98
33286,61,1,8.5
59105,144,1,147
9874,253,1,34.9900016784668
54654,72,1,48
32596,920,1,34.9900016784668
20694,362,1,104.9900016784668
20571,35,1,19.989999771118164
34637,332,1,15
43834,388,1,79.94999694824217
3210,1206,1,11.989999771118164
34096,970,1,69.98000144958496
43293,306,1,13.199999809265137
75384,428,1,113.5500030517578
80353,634,1,25
70286,175,1,17.59000015258789
16429,1275,1,7.989999771118163
2271,1556,1,81.98999786376953
9931,906,1,78
76025,66,1,64.98999786376953
59709,527,1,28.780000686645508
78942,438,1,36.9900016784668
18195,912,1,66.98000144958496
65354,52,1,51.02999877929688
23519,50,2,91.9799976348877
26224,545,1,93.98999977111816
80957,14,1,14.989999771118164
49038,186,1,34
93990,773,1,291.42999839782715
94631,1113,2,219.7900047302246
8308,9,2,66.94999885559082
58925,79,1,664.8800010681152
97963,1634,1,79.1599988937378
91534,3,1,78
93157,233,1,41.9900016784668
36987,156,1,134.99000549316406
60548,340,1,44
95172,983,1,49
58384,37,1,49.950000762939446
52135,5,1,148
30246,178,1,19.96999931335449
4670,594,1,40
6293,1269,1,83.58000183105469
71760,977,1,178
73924,124,1,60
34972,745,2,83.47999954223633
69055,122,2,134.5
19818,1457,1,25.5
84744,972,1,48.950000762939446
61332,252,2,68
59168,261,1,32
13724,521,2,155.9800033569336
72742,287,1,27.89999961853028
48348,811,1,65
63496,173,2,252.18999862670898
18885,24,1,68
68414,695,1,106.44999694824217
25626,117,1,40
29954,3,2,67.94000244140625
70578,214,1,187.6000061035156
95464,983,1,12.949999809265137
3837,747,1,64.3499984741211
19526,1158,1,164.97999954223633
29264,323,2,99.4900016784668
62855,1008,1,158
82872,710,1,362.5
26559,489,1,13.989999771118164
83413,487,1,24
15198,442,1,291.3499984741211
85036,28,1,157.96999740600586
74216,1073,1,34
30887,1096,1,449.48999977111816
48640,565,1,11.529999732971191
26419,96,1,25
18593,544,1,25
80276,188,1,91.72000122070312
73446,7,1,198
11099,222,1,39.97999954223633
59028,157,2,153.5900001525879
43708,10,1,52
31351,1537,1,61
27392,464,1,14.270000457763672
93652,142,1,56
97611,521,2,235.94000053405762
33867,313,1,42
21464,211,1,56.820000648498535
83811,474,1,33
61089,396,1,87.95000076293945
6144,680,1,57.9900016784668
37780,423,1,55.97999954223633
71408,1820,1,99.98999786376952
34362,778,1,35
86728,421,1,94
68491,371,1,40.75
44750,54,1,18
89739,457,1,37.97999954223633
65480,435,2,118
78378,970,2,137.9000015258789
27438,295,1,23.76000022888184
5171,962,1,101.58999633789062
17073,583,1,163.3000030517578
16532,2,1,48.459999084472656
43754,110,1,15.340000152587892
49141,710,1,45
780,342,1,46.9900016784668
96091,1188,1,17.989999771118164
31829,300,1,449
38321,59,1,25
40313,298,1,39
28912,1596,1,38.5
76858,294,1,74.4900016784668
85686,14,1,25
70930,1032,1,63.430000305175774
29476,250,2,64.5
61561,82,1,25
2795,1498,1,42.900001525878906
64100,3,1,14.5
52739,1654,1,68.54000091552734
64438,111,1,38
91637,387,2,130.4900016784668
47103,596,1,148.09000205993652
88219,71,1,49.5
65497,260,1,69.83000183105469
97047,567,1,108
9702,65,1,59.9900016784668
4833,1033,1,206.72000122070312
74843,359,1,27.950000762939453
79712,58,2,303.9799995422363
98106,685,1,9.380000114440918
79938,82,1,22
54136,47,1,69.5
58464,684,1,42
35341,1017,1,25
36220,835,1,29.989999771118164
7750,42,1,149.95000076293945
45706,729,1,23.989999771118164
41378,542,1,35
27375,219,1,101.45000076293945
71494,462,2,298.9900016784668
78315,918,1,79
32284,107,1,49
55593,183,1,139.5
15968,1,1,125
23047,72,1,34.989999771118164
27956,116,1,69.58000183105469
94216,392,1,89.5
76300,40,1,64.5
61607,1329,1,79.45999908447266
7249,54,1,46.77000045776367
71972,3,1,59.950000762939446
88202,1027,1,85
89198,150,1,172
55656,41,1,20
72513,17,1,109.98999786376952
44295,88,1,64.9099988937378
86682,128,1,109
82354,135,1,131.22999954223633
93174,689,1,85.79000091552734
80190,843,1,187
98089,256,1,13.989999771118164
45228,19,1,41.9900016784668
54073,52,3,611.1800017356873
61106,191,1,98
64893,451,1,67
30810,9,1,244.44999694824216
19652,161,1,56.09000205993652
1799,245,1,59.950000762939446
30472,1612,1,17.75
58942,548,1,46.9900016784668
59091,123,1,12.949999809265137
14634,205,1,22.100000381469727
93715,381,2,93.10000038146973
96569,404,2,37.359999656677246
78175,773,1,72
80339,130,1,183.75
91700,60,2,276.98999786376953
26834,140,1,32.9900016784668
7601,7,2,81.36999893188477
2858,592,2,52.640000343322754
49055,214,1,58.760000228881836
75948,1373,1,328
3854,527,1,108
80691,529,1,125
44335,341,1,66.33000183105469
95275,1019,1,130.3699951171875
40210,537,2,234.72000122070312
96984,131,1,34.95000076293945
54700,131,1,38
78959,1433,1,79
97980,1224,1,89
86619,610,1,22.06999969482421
55006,312,1,50
30535,418,1,69.94999694824219
54010,128,1,17.989999771118164
60416,162,1,49.9900016784668
14219,34,2,352.9200019836426
75736,20,1,70
17136,656,1,18.700000762939453
29539,104,1,34.9900016784668
46350,860,1,99
153,771,1,86.92999839782715
68076,158,2,50.84999942779541
69330,594,1,380.54999923706055
37694,1380,1,224.9900016784668
25792,450,1,91
31531,403,1,33.9900016784668
59443,145,1,58.90999794006348
12204,1372,1,9.65999984741211
63144,87,1,14.590000152587892
24106,621,1,49
82706,163,1,33.34999942779542
32762,237,1,35
30057,1006,1,50
33758,577,1,26
42649,824,1,72
33240,138,1,52
41896,461,1,12.5600004196167
92593,503,1,8
92742,326,1,4.269999980926514
66602,150,2,74
15779,1007,1,79.98999786376953
27140,221,1,165
20648,484,1,20.950000762939453
72553,1413,1,75.5
78653,21,2,98.60999965667725
13678,210,1,32
79523,601,1,12.989999771118164
57883,2,1,92.9800033569336
82440,13,2,84.44000053405762
2105,131,1,82.80000305175781
66539,1453,1,134.21000289916992
83459,188,1,98
49831,1053,1,16.989999771118164
87787,2,1,12.06999969482422
4418,806,1,9.40999984741211
27681,1074,1,24.350000381469727
96443,7,1,179.9900016784668
99148,371,1,366.78000259399414
39944,714,1,58.6899995803833
53257,3,1,31.989999771118164
29367,454,2,89
5649,294,2,219.4600067138672
77900,16,1,17.799999237060547
65912,545,1,49.9900016784668
70240,187,1,60
68162,678,1,149.69000244140625
31288,231,1,204
37027,249,1,78.98999977111816
59506,5,1,9.949999809265137
55178,635,1,18.559999465942383
14305,201,1,68
20711,141,1,44.5
65308,67,1,105
56652,567,1,34.599998474121094
45291,295,3,314.0900020599365
31225,540,2,146.18999862670898
33930,1234,1,40
7335,177,1,25
57648,272,1,134.98999977111816
49619,239,1,150
26270,14,1,162.0900001525879
19237,345,1,89.5
41959,399,1,4.010000228881836
50615,677,1,171.43000030517578
29602,613,1,90
48992,269,1,135
5712,141,1,60
65849,410,1,54.5
10040,119,1,49.9900016784668
52324,672,1,34.54999923706055
50309,483,1,16.5
99838,67,1,15
32072,8,2,68.31000137329102
82769,549,2,249.94000053405762
23416,48,1,24.950000762939453
56801,364,1,54.9900016784668
82918,656,1,78.04000091552734
78049,446,1,14.989999771118164
78590,944,1,25
39652,113,1,190
11265,68,1,37.989999771118164
57983,1135,2,44.96999931335449
2752,518,2,56.97999954223633
52364,102,1,79.94999694824217
60854,867,1,29
68016,1014,1,122.98999977111816
65145,160,1,101.32999992370605
28222,10,1,243.44000053405762
35384,475,1,12
19732,137,1,15
90615,836,1,109.98999786376952
18404,1528,1,11.079999923706056
97777,989,1,38
19801,870,1,46.7599983215332
29788,3,1,30
53761,269,1,33
14136,234,1,25
62420,83,1,77
95052,818,1,46.220001220703125
79400,179,1,125
26871,243,1,16.989999771118164
58152,1147,1,114.48999977111816
73804,239,1,45.9900016784668
58029,503,1,34.9900016784668
96403,3,1,66
15487,4,1,129.5
36904,712,1,110
2944,208,1,4.730000019073486
60708,98,1,468
83522,90,1,84.9000015258789
39821,1425,1,38
49639,42,1,56.98000144958496
26748,473,1,12.989999771118164
48288,73,1,20.950000762939453
70887,632,1,167
70764,804,1,56.97999954223633
15656,5,1,178
80920,87,1,145.54999923706055
8225,283,1,32.88999938964844
72238,319,2,145.39000129699707
28122,724,1,80
39606,1196,1,65
39775,41,1,147.1300048828125
40857,58,2,185.28999996185303
59672,1133,1,10
93386,358,1,44.989999771118164
72407,896,1,465.87000274658203
38301,484,1,289.8999996185303
29473,2,1,59.950000762939446
5546,371,1,97.9800033569336
39506,1538,1,43.01000118255615
60900,489,1,40
50990,545,1,236.84999775886533
94860,502,1,34.310001373291016
28268,1475,1,299
83622,234,1,550
88013,831,1,35
30824,140,2,83.92000007629395
59626,47,1,78
37986,60,1,34
75278,930,1,27
49808,63,1,59.9000015258789
46891,809,1,156.99000549316406
16738,157,1,280.93999004364014
6705,751,1,13.270000457763672
66811,4,1,145
43997,704,1,26.989999771118164
20047,196,2,391.7299995422363
32198,159,1,124.8000030517578
80482,282,1,27.950000762939453
65245,433,1,22.989999771118164
93217,814,1,68.69000244140625
74886,162,2,182.53999996185303
66181,820,1,9.010000228881836
19655,425,1,103.38000106811523
18573,1566,1,59.9900016784668
10950,296,1,60.16999816894531
64853,526,1,38.88000011444092
80874,371,1,33.95000076293945
9622,13,1,8.989999771118164
27,203,1,14.949999809265137
23831,103,1,24.989999771118164
68285,252,1,23.979999542236328
44979,184,1,91.9799976348877
66619,64,1,50
52556,297,1,19.989999771118164
36466,243,2,322.23999977111816
45417,241,2,214.40000343322754
67893,246,1,32.9900016784668
963,1511,1,56
24269,309,1,68
3957,4,1,49.9900016784668
12662,1160,1,32.9900016784668
2629,134,1,105.55999755859376
66227,1129,1,167
34302,526,1,79.5
76406,1881,1,98
23877,1184,1,227.89999389648435
89141,226,2,49.98000144958496
90469,341,1,115
32782,176,1,88
1401,1457,1,47.700000762939446
22795,125,1,39.9900016784668
76798,10,1,14.090000152587892
44043,218,1,27.950000762939453
11534,4,1,98
22649,952,1,169
87913,58,1,29
1501,35,1,83
23731,607,1,237.28000259399414
3190,3,1,21.299999237060547
6107,1901,1,12.199999809265137
18842,76,1,179
15925,506,1,26
77442,943,1,138.93999862670898
57545,477,1,35.9900016784668
68975,1026,1,25
53323,342,1,139.99000549316406
56194,792,1,213.92000198364258
52825,389,2,271.9799976348877
39214,379,1,45
25789,124,2,82.9000015258789
20737,457,1,20.100000381469727
81710,542,1,40.510000228881836
24438,24,1,26
8786,175,1,62
17491,504,1,24.8799991607666
64017,117,1,55.9900016784668
66058,409,1,59
59111,17,1,8.989999771118164
26479,585,1,26.75
72530,23,1,144.98999786376953
89848,624,1,3.5
52633,729,1,129
48726,483,1,34.04999923706055
83184,529,1,106
54797,3,1,59.9900016784668
37740,1538,1,59.27000045776367
16094,233,1,54.930000305175774
84750,1447,1,28.949999809265137
92404,310,1,47.95000076293945
16492,880,1,67.89000177383423
63233,1562,1,30
59772,1861,1,52.79999923706056
94568,999,1,37.989999771118164
14451,576,1,29.40999984741211
82709,1029,1,36.950000762939446
47352,812,1,74.5
50767,910,1,150.60000038146973
48434,309,1,62.400001525878906
41770,109,1,28.739999771118164
71325,16,1,367.9900016784668
38524,307,1,14.5
73320,335,1,121
95129,193,1,634.769998550415
97293,1152,1,32.630001068115234
27186,1136,1,156.2600040435791
17276,938,1,64.98999786376953
95942,688,1,12.43000030517578
72015,1534,1,79.5
52072,492,1,39.950000762939446
42646,191,1,175
21006,172,1,719.0499973297119
95613,6,2,138.98000144958496
51159,649,1,60
54989,825,1,750
21398,242,1,40
91322,1,3,59.72000026702881
85832,615,1,21.950000762939453
98959,139,1,140
70572,135,2,114.10999965667725
22964,395,2,46.010000228881836
26210,189,1,89.94999694824217
86224,315,2,248.2300033569336
63502,561,1,105.55999755859376
1716,1039,1,119.98999786376953
39008,487,2,445.8199977874756
43336,396,1,143
81833,351,1,15.989999771118164
8663,1,1,14.989999771118164
64976,277,1,36.09000015258789
23356,267,1,264
79277,88,1,29.950000762939453
75447,48,1,15.899999618530272
13177,6,1,49.9900016784668
45892,220,3,79.59999966621399
41564,49,1,29.950000762939453
58627,746,1,36.230000495910645
22088,51,2,224.9900054931641
15341,580,1,14.6899995803833
30495,1140,2,136.98999977111816
17505,1423,1,16.5
77113,568,1,60
54299,266,1,5.949999809265137
66934,1166,1,83.37000274658203
840,329,1,54
77711,422,1,21
53907,411,1,85.93999862670898
10621,95,1,102.10000038146973
51743,1042,1,44.9900016784668
14949,1354,1,150
2314,39,1,99.5
35115,202,1,69
55673,846,1,35.58000183105469
150,160,1,53.720001220703125
32951,996,1,20.450000762939453
31869,238,1,26.950000762939453
58919,3,1,87.98999786376953
11803,243,1,286.3900032043457
54591,137,1,102.15999984741211
1232,1845,1,189
35215,1085,1,50
14657,1156,1,7.989999771118163
54199,38,1,10.449999809265137
34133,42,1,14.949999809265137
80167,271,2,318.450008392334
36297,914,1,94.4800033569336
11411,28,1,52
93011,719,1,78
37233,30,1,7.610000133514403
69865,122,1,15.279999732971191
10767,453,1,61.76000213623047
65620,298,1,34.9900016784668
98252,230,1,17.950000762939453
57462,424,1,19.5
60379,5,1,42.9900016784668
58481,37,1,150
44372,260,1,34.97999954223633
77004,36,1,65.12999725341797
93984,568,1,91.1500015258789
8869,20,1,49.9900016784668
18902,113,1,99.83000183105469
36214,1473,1,53.94000244140625
1922,1562,1,77.98999786376953
55756,913,2,228.48999977111816
88388,299,1,21.450000762939453
33203,894,1,162.43000411987305
20800,94,1,165.62000274658203
1730,2,1,16
50014,1270,1,25.5
72736,817,1,206.80000495910642
83147,297,1,38.34000015258789
11786,99,1,78.98999786376953
94030,831,1,19.989999771118164
39131,408,1,163
29098,556,1,147.99000549316406
89593,4,1,19.790000915527344
94176,1041,1,39.9900016784668
20422,65,1,31
98421,764,1,34.02000045776367
10266,169,1,283.7400007247925
92842,631,1,171
36406,344,1,239.98999977111816
3774,316,1,25
60210,763,1,315.73999786376953
13492,40,1,98
22978,9,1,44.989999771118164
47790,144,1,89.5
3459,11,2,51.89999961853028
72928,211,1,9.949999809265137
46124,128,1,57.950000762939446
54090,229,1,198
52762,151,1,220
47598,307,1,99.15999984741211
75484,1782,1,24.989999771118164
86722,121,2,122.81999588012695
14966,380,1,149
80230,396,1,59.50000047683715
84312,718,1,26.989999771118164
57654,886,1,19.88999938964844
31514,1200,1,29.5
96778,33,1,24.989999771118164
7710,114,1,249.4900054931641
95696,223,1,68.96000099182129
31760,93,1,76.29000282287598
48826,421,1,72
25022,1395,1,135
86868,676,1,145
1939,50,2,94.98999786376953
63373,246,1,71.9900016784668
26496,433,1,243.93999671936035
92341,1068,1,30.489999771118164
66871,1030,1,14.5
6267,292,1,139.99000549316406
74448,89,1,129.9499969482422
14342,262,1,49.5
2045,559,1,54
88119,418,1,8.319999694824217
53200,1055,1,111.27999973297119
23187,93,1,103
98876,712,1,11.050000190734863
56838,563,1,103.8700008392334
77236,329,1,38
7395,2,1,24.950000762939453
18965,676,2,77.46999931335449
59924,28,1,169.99000549316406
24375,1519,1,150.98999977111816
84229,1568,1,43.310001373291016
89639,190,1,9
88557,232,1,128
45955,351,2,97.98999977111816
67263,277,1,75
50283,111,1,40
10704,150,1,68
45623,2,1,125.03000259399413
37594,611,1,263.4900016784668
62935,32,1,126.14000225067139
70947,258,1,82.5
44481,9,2,71.5
68783,9,1,87.16999816894531
91259,487,1,221.19000148773193
72613,173,1,99.98999786376952
63127,986,1,19.93000030517578
23339,164,1,20.950000762939453
48809,101,2,40.87999916076661
8932,954,1,39.9900016784668
69619,29,1,17.260000228881836
857,4,1,24.5
61899,98,1,406.63000297546387
84375,133,1,12.300000190734863
70057,1599,1,114.98999786376952
20439,387,1,80
91305,494,2,254.00000381469727
27123,642,1,23
90223,1140,1,198
3565,70,1,160.44999885559082
21713,300,2,53.4900016784668
42271,37,1,25
44435,201,1,28
2237,414,1,279.95001220703125
84813,142,1,53.5
92387,1761,1,129.99000549316406
47289,123,1,37.36000061035156
49699,409,1,104.5
65683,256,1,100
46207,397,2,31.350000381469727
19403,207,1,194.98000526428223
47535,914,1,68.98999786376953
70011,142,1,49.5
42961,211,1,25
12178,40,2,53
65537,820,1,10.949999809265137
93924,54,2,222.25999450683594
76612,497,1,15.279999732971191
61292,259,2,121.07000350952148
96841,23,2,41.5
48225,35,1,20.239999771118164
68454,12,1,34.9900016784668
97339,653,1,29.950000762939453
61790,93,1,10
54153,1034,1,310.98999977111816
40542,517,1,69.9900016784668
21023,1164,1,139
62311,102,1,111.2300033569336
60817,320,1,68.70999908447266
25460,10,1,99
51428,484,1,47
72155,860,1,49.950000762939446
90721,1611,1,112.6500015258789
82065,890,2,170.97000122070312
78318,495,1,44
34116,1659,1,270
1484,217,1,24
93403,10,1,28.489999771118164
53824,464,1,35
70681,4,1,140.95000076293945
57070,341,1,60.02999877929688
79337,961,1,22.989999771118164
19815,302,1,25
7458,181,1,165.98999977111816
76091,213,1,158.57999992370605
66702,25,1,59.9900016784668
32576,1104,1,48
73366,1603,1,159
21258,1116,1,59.9900016784668
41232,34,1,56.950000762939446
56380,596,1,30
91176,217,1,164.5
90678,1606,1,16.989999771118164
15264,542,1,34.84000015258789
65036,164,1,34.9900016784668
38570,764,1,10.100000381469728
71202,271,1,418.94000244140625
69928,27,2,473
17820,135,2,281.5200023651123
37296,115,2,265.95000076293945
17322,333,1,17.5
69430,25,1,11.760000228881836
10,539,1,63
51926,174,3,239.68999862670898
25958,15,1,69.98999786376953
81066,329,1,179
55172,86,1,40.97999954223633
83230,22,2,74.2400016784668
32450,635,1,105.55999755859376
86476,86,1,372.9900016784668
92450,643,1,44
10120,139,1,36
91368,1228,1,149.9499969482422
84704,725,1,42.989999771118164
9101,610,1,263.93999671936035
96586,185,1,48
17259,646,1,193.35000038146973
70618,627,1,15
8603,117,2,209.98000717163086
94677,142,1,93.98999977111816
59128,85,1,226.93999671936032
34179,88,1,15
27730,976,1,165
13037,174,2,223.42000579833984
42208,206,1,112
20568,82,1,64.94999694824219
16240,458,1,109.94999694824217
15550,683,1,54.920000076293945
2566,177,1,106.90000152587889
74319,1018,1,66.41000175476074
19878,222,1,179
34285,604,1,15
20960,1798,1,65
77565,407,1,12
88620,7,1,5.989999771118164
92948,783,1,90
91866,716,1,91.59000015258789
94485,2,1,99
87538,1072,1,94.31999969482422
56615,9,2,84.9900016784668
16569,210,1,66.47000026702881
4040,562,1,98
95567,353,1,13.989999771118164
29659,1033,1,248.97999572753903
36151,1092,1,286.2000045776367
31823,521,1,263.97999572753906
42145,287,1,25
18341,1327,1,65.98999977111816
38315,1114,1,80
35261,775,2,173.29999923706055
9791,1622,1,222.5
53071,76,1,99
27103,935,1,189
80313,70,2,79.93000030517578
81395,266,2,156.44000244140625
59755,267,1,223.5
51099,195,1,44.86000156402588
79231,322,1,23.850000381469727
60837,56,1,22.989999771118164
84641,191,1,99.98999786376952
95069,278,1,89
73429,158,1,26.979999542236328
10575,1395,1,177.98999977111816
9493,795,1,52.7400016784668
96151,590,1,49.9900016784668
11597,384,1,16.989999771118164
41312,92,1,39.950000762939446
81770,34,2,273
6688,224,1,57.96999931335449
3771,29,1,188.5
28577,1085,1,143.6500015258789
69035,181,1,15.949999809265137
19423,603,1,185
73944,1225,1,56
76861,271,2,152.97999954223633
1779,80,1,207.71999740600586
71952,390,1,49.5
16506,53,1,59.5
14514,282,1,116.9900016784668
10246,434,1,69.98999786376953
213,579,1,125
83336,546,1,105
32845,444,1,24
25898,142,1,55
17193,12,1,45
50704,1322,1,139
65477,69,1,16.950000762939453
59002,57,1,179.98999786376953
62088,271,1,13.789999961853027
59171,45,3,149.4699993133545
8726,382,1,114.5
36449,322,1,25
31448,821,1,33.880001068115234
25065,1356,1,219.5
3130,9,1,7.96999979019165
35762,335,2,365.42999839782715
75464,653,1,2.950000047683716
42832,72,1,15.979999542236328
15155,65,1,11.779999732971191
75341,31,1,102.28000259399414
66951,1006,1,95.98999786376952
13681,709,1,58
15673,73,1,109.9499969482422
99583,193,1,17.950000762939453
19592,730,2,359.13000106811523
56131,54,1,55
54216,1206,1,152.95999908447266
43396,763,1,69.5
22148,1414,1,29.989999771118164
10123,272,2,773.989990234375
2297,1315,1,22.5
67561,24,1,128
13117,45,1,23.989999771118164
56446,129,1,49.5
77379,384,1,54.9900016784668
80250,19,1,25
86207,75,1,33.9399995803833
44747,813,1,49.5
12115,395,1,35
88199,106,1,44.310001373291016
336,747,1,25
45626,224,1,115
57087,84,1,49.39999961853028
99629,600,2,176.479998588562
11720,268,1,72.20999908447266
22463,344,1,21.989999771118164
34365,177,2,197.9499969482422
23545,428,3,140.33999824523926
12802,88,1,169
55613,955,1,157.89999771118164
43711,55,3,250.5
259,348,1,28
98942,530,1,39
79417,387,1,25
67515,770,1,149.97000122070312
46785,109,1,30
41235,859,2,134.22999954223633
63124,157,1,71.4900016784668
58215,128,1,55.9900016784668
70950,140,1,70
50140,7,1,19.989999771118164
55298,198,1,43.900001525878906
79855,56,1,270.79999923706055
45231,3,1,58
78776,528,1,98
33409,378,1,111.78999996185303
66479,960,1,21
7252,593,1,112.34000015258789
14199,249,1,24.5
57528,708,1,38.9900016784668
54657,502,1,58.97999954223633
94156,1233,1,42
13558,69,2,209.98999977111816
72908,987,1,32
98627,981,1,45.650001525878906
15719,9,1,11.489999771118164
97794,1615,1,275
20379,735,1,14.989999771118164
23296,173,1,180
53529,27,1,9.989999771118164
70509,69,1,69
92198,74,1,109.9800033569336
26934,587,1,69.98999786376953
58607,447,1,171.85000038146973
41627,533,1,18.059999465942383
51660,477,1,24
64644,965,1,86
11282,1451,1,55.59999847412109
31889,220,1,107.09999847412108
93672,398,1,51.52000045776367
63957,42,1,100.45000076293945
75026,1301,1,52
82852,366,2,173.81000137329102
59048,1398,1,5.489999771118164
40402,136,1,25
19154,296,2,92.72000122070312
26980,883,1,28.989999771118164
16990,1051,1,135.97999954223633
85205,166,1,39.5
96025,1091,1,20
59440,154,1,29
84418,1327,1,39.950000762939446
51614,85,1,66
6170,588,1,172
83731,627,1,19.989999771118164
82898,1019,1,6.940000057220459
95633,45,1,11.489999771118164
50094,1513,1,69.94999694824219
93469,50,1,125
40356,320,1,44.9900016784668
81816,621,1,12.43000030517578
17634,797,1,74.94999694824217
7206,293,1,12.729999542236328
18026,1,1,155.99000549316406
83290,91,2,65.98999977111816
16944,44,1,14.949999809265137
96509,95,1,37.989999771118164
47395,385,1,39.5
49387,120,1,27
97671,42,1,16
36154,50,1,59.52000045776367
68786,954,1,60
90675,577,1,171.5999984741211
54485,1228,2,254
63688,76,1,54
36011,902,1,33.060001373291016
45829,1349,1,9.880000114440918
39712,695,1,68.6500015258789
87996,1004,1,29.989999771118164
44667,25,1,10.989999771118164
41109,252,1,45
19718,187,1,163.46999740600586
30366,604,1,42.9900016784668
55175,282,1,51
8477,326,2,128.95000076293945
58092,482,1,42.9900016784668
4899,1022,2,251
18464,49,1,219
63831,506,1,120
2171,65,1,143
69427,1005,1,124.5
21192,272,1,46
62357,293,1,18.489999771118164
38049,246,1,185
52447,118,2,173.87999725341797
81378,205,1,23
60771,43,1,60
53701,6,1,122.38000106811523
90034,137,1,177.02999877929688
99755,176,1,24.989999771118164
23748,13,1,79.5
21335,326,2,167.91999626159668
37485,65,1,21.989999771118164
26665,646,1,14.949999809265137
78773,225,1,50
42583,687,1,8.989999771118164
47913,145,1,63.98000144958496
76094,319,1,17
2500,252,1,24.950000762939453
23107,388,1,67.98999786376953
57259,240,1,50
77817,12,1,18
68079,369,1,88.5
88637,75,1,190
65915,372,1,240
99065,102,1,89.98999977111816
22417,106,1,142.22000122070312
86851,196,2,86.2400016784668
16678,177,1,37.4900016784668
25583,443,1,34.9900016784668
69788,342,1,49.9900016784668
38318,499,1,59
82523,103,1,137.48999977111816
95756,682,1,28.989999771118164
13761,160,1,64.96000099182129
74116,1085,1,10
12350,68,2,119
777,59,1,39.75
51302,1564,1,22
82772,117,1,181.5
74508,48,2,168.8799924850464
98816,314,1,9.989999771118164
46831,1432,1,82.93000030517578
52868,1559,1,158
96148,975,1,89.29000282287598
55487,1209,1,36.9900016784668
31620,359,1,14.989999771118164
54846,254,1,167.5
68912,312,1,209
66244,386,1,120
90552,655,2,434.5
31371,113,1,49.28000068664551
55928,15,1,9.600000381469728
80814,460,3,164.9699993133545
30289,521,1,23
73818,171,1,29.89999961853028
64913,18,1,105
4727,1576,1,38.8700008392334
30538,1055,1,72.93000221252441
68222,351,1,37.959999084472656
16237,229,1,125.93999671936037
52619,882,1,24.989999771118164
47664,1624,1,57
33598,70,1,79.94999694824217
32012,46,1,10.920000076293944
65603,977,1,24.46999931335449
13432,8,1,74.8899998664856
70870,994,2,102.9800033569336
94674,379,1,16.979999542236328
39400,478,1,259.49000549316406
26416,44,1,139.9499969482422
4776,983,1,8.979999542236328
75590,2,1,93.95000076293945
86410,1,2,113.73999977111816
18152,317,1,69.94999694824219
51786,439,1,19.950000762939453
96197,1076,1,66.5
97230,777,1,194
4478,633,1,115
93200,42,1,31.590000152587887
91036,300,2,476.9300079345703
15344,222,1,49.9900016784668
73114,643,1,12
90426,175,1,111.43000221252441
68205,123,1,131.98999786376953
10435,207,1,14.899999618530272
65288,927,1,30.790000915527344
48995,964,1,95.4800033569336
67186,491,1,64.5
33675,10,1,19.989999771118164
62749,690,1,25.89999961853028
45437,324,1,48.430000305175774
2563,78,1,34
17382,164,1,9.979999542236328
68159,633,1,29.5
6499,278,1,49.97999954223633
1544,668,1,14.989999771118164
77050,256,1,49.79999923706056
1089,362,1,82.0699987411499
99772,1801,1,99
50469,22,2,85.94000244140625
7017,646,3,415.189998626709
33157,1123,1,96.1500015258789
525,227,1,12.949999809265137
5025,29,1,132.75
58295,614,1,35
90927,500,1,71
39649,799,1,37.9900016784668
22337,1152,1,43.9900016784668
30163,23,1,69
43585,31,1,341.54000091552734
44919,588,3,94.97999954223633
28265,758,1,116.29000091552734
84043,1107,1,91.84000015258789
71717,45,1,26.989999771118164
78209,40,1,96.2400016784668
86035,1478,1,99
4461,270,1,52.9900016784668
31119,396,2,117.89999675750734
92965,357,1,12
64833,13,1,155
58341,316,2,70.98999977111816
14889,926,1,133.98999977111816
75653,238,1,90.98999977111816
99457,172,1,64.5
70243,393,1,25
81063,1717,1,11.989999771118164
74179,85,2,141.67000198364258
70761,80,1,77
26227,1027,1,309.4300003051758
3505,1015,1,24.950000762939453
43539,61,1,34.9900016784668
96901,1,1,121.96000099182129
46957,160,1,119.17000007629395
69679,491,1,21
41484,173,1,159.9499969482422
83934,590,1,125.94000053405762
66622,1222,2,197.96999740600586
42065,1236,1,10.989999771118164
59377,415,1,62
54468,146,1,129.9499969482422
54860,201,1,74.5
15908,104,1,18.75
62686,360,1,129
46001,52,1,170.4299955368042
50532,592,1,89.94999694824217
27183,235,1,13.600000381469728
22855,25,1,97
84953,1664,1,42.9900016784668
67249,1485,1,13.93000030517578
84561,1033,1,174.67000007629395
76987,275,3,293.1900005340576
16300,287,2,78.98999977111816
6954,136,1,78
2626,1,1,102
83542,201,1,84.9900016784668
92825,1578,1,25
77190,567,1,50.950000762939446
53386,1407,1,139.99000549316406
42566,380,1,195.4800033569336
85016,71,1,64.22999954223633
67704,148,1,147.1300048828125
56884,1410,1,24
50392,46,1,26.989999771118164
66370,684,1,19.989999771118164
95836,136,1,31.5
50784,427,3,184.63999891281128
21318,377,1,34
8334,1664,1,39.9900016784668
14826,307,1,27
29144,23,1,17.59000015258789
33472,995,1,24.309999465942383
49450,198,1,25.600000381469727
37110,909,1,27.950000762939453
1404,343,1,21.950000762939453
96964,6,1,19.89999961853028
41438,437,1,79.98999786376953
29536,405,1,54.43999862670898
36028,243,2,287.1800022125244
24126,113,1,52
95882,4,2,488.5
47930,290,1,147.23999977111816
30618,623,1,72
91554,781,1,110
14388,446,2,387.4800052642822
2486,297,1,119.97999954223633
74634,552,1,12.300000190734863
81126,98,1,15
14780,238,1,50
22354,81,1,99
62732,636,1,119
57322,1380,1,12
2878,131,1,251.99000549316406
58404,1250,1,46.220001220703125
86536,266,1,64.94999694824219
97356,1198,1,229
68142,1188,1,245.98999977111816
9370,69,1,39.9900016784668
98501,649,1,89.9799976348877
57213,1148,1,69.5
65869,532,1,44.5
43837,579,1,18.950000762939453
12035,546,1,45
7080,465,1,82
87807,219,1,39.9900016784668
79151,57,1,85
71279,744,3,786.3999977111816
86599,188,1,30
43147,458,1,53.65999984741211
67123,149,2,228.0800018310547
75779,65,1,33.96000003814697
45311,1122,1,15
51803,973,1,69.98999786376953
4853,1477,1,35.89999961853027
93091,1570,1,233.85000038146973
23937,1359,1,58.060001373291016
26101,1015,2,70.95000076293945
32593,146,1,35.970001220703125
133,690,1,20.86000061035156
55739,1135,1,26.979999542236328
75215,1126,1,176.97999954223633
15281,304,2,162.88000106811523
14717,341,1,82.84000015258789
33283,604,2,59.96000099182129
61415,572,1,149.98999977111816
12553,32,1,30.859999656677246
10561,810,1,136.89999961853027
59251,285,1,110
50595,149,1,121.4800033569336
31809,193,1,72.94000053405762
25145,2,1,65
24063,199,2,30.979999542236328
51285,1186,1,106.95999908447266
83745,1660,1,36.450000762939446
71843,667,1,17
32719,243,1,1057
56695,1186,1,135
18653,811,1,57.9900016784668
42457,490,1,41.03000068664551
66433,228,1,20.989999771118164
59941,582,1,275.97999572753906
65351,1126,1,49.5
41375,74,1,144.24000549316406
77253,961,1,197.9900054931641
21836,6,1,68
61713,1489,1,47.630001068115234
94926,327,1,119
43476,1486,1,23.989999771118164
8852,764,1,72
65022,624,1,6.949999809265137
86662,3,1,12.989999771118164
588,25,1,62.1200008392334
82334,296,1,25
9934,809,1,216.8000030517578
89516,160,2,42
31574,90,1,24.989999771118164
1278,82,2,257.9499969482422
33738,5,1,10.6899995803833
25082,399,1,147.1300048828125
98172,258,1,51.05000114440919
20754,171,1,329.989990234375
22918,133,1,38.9900016784668
40230,5,1,56.470001220703125
42394,618,1,49.9900016784668
14262,1205,1,21.989999771118164
16818,56,1,9.989999771118164
1670,495,2,277.9900016784668
89908,768,2,116.98999977111816
87744,79,1,33.75
14654,533,1,137.98999977111816
85580,491,1,105.58999824523926
98564,10,1,59.450000762939446
63250,1126,1,29.950000762939453
79480,19,3,371.72999572753906
76234,482,1,64.98999786376953
78398,143,1,35
75152,718,1,166
53512,1191,1,44
83808,936,1,64.95000076293945
45938,189,1,11.989999771118164
50266,6,1,46
48102,4,1,67.98999977111816
91382,576,1,103.91000366210938
66496,234,1,71.95000076293945
65414,284,1,407.97999572753906
22526,1121,1,19.989999771118164
40920,121,1,36
43084,745,1,25
64724,1318,1,82.22000122070312
18198,283,1,68
42002,360,1,90.9900016784668
27936,814,1,39.9900016784668
57150,233,1,89.5
24690,849,1,46.97999954223633
21444,1699,1,112.1500015258789
45248,3,1,119.98999786376952
37674,34,1,208.930006980896
26854,183,1,39.450000762939446
19280,5,1,25
59314,26,1,98
36592,350,1,235
52822,52,1,15.979999542236328
16034,205,1,64.9900016784668
55968,336,1,39.5
44561,565,1,377.0299987792969
7684,191,1,280.4199981689453
81438,904,1,79.98999786376953
98418,406,1,184.86999702453613
27581,435,1,44.9900016784668
47478,11,1,14
85660,146,2,213.5799961090088
60190,156,1,279.99000549316406
57319,39,2,119.97999763488768
545,205,2,204.5999984741211
94150,468,1,24.989999771118164
9250,1318,1,130
34720,325,1,44.950000762939446
24879,514,1,18
58839,400,1,189
38773,38,1,59
41690,172,1,25
47432,807,1,235.49999618530273
26184,22,1,45
91448,1273,1,21.950000762939453
74468,702,1,107.9800033569336
85706,146,1,49
48783,1150,1,47.45000076293945
74345,618,1,24.989999771118164
14823,883,1,220.06000137329102
63107,301,1,215.94000244140625
27412,726,1,9.84000015258789
41813,1115,2,59.89999961853027
95593,154,2,78.97999954223633
72779,1039,1,32
84186,87,1,100
70200,141,1,139.9499969482422
95670,544,1,259.989990234375
16343,205,1,51.35999965667724
30329,22,1,98
50303,465,1,50
64289,277,1,52
28978,1052,1,45.97999954223633
28763,5,1,11.989999771118164
51577,3,2,687.2900009155273
48952,340,1,90
37468,353,1,89.98999786376953
60067,164,1,73.89999961853027
71551,25,1,187.38999938964844
27458,383,1,52
92968,248,1,15.949999809265137
61587,108,2,486.64999771118164
95547,233,1,159.5999984741211
30283,566,1,118
70246,1042,1,26.71999931335449
40293,3,1,108
71720,43,2,103.9900016784668
94319,1581,1,37.43999862670898
71474,1639,1,264
62769,389,1,14.1899995803833
40170,88,1,87.88999938964845
6210,1503,1,50
28809,1907,1,39
86934,1049,1,73.29999923706055
30575,1447,1,279
95839,99,1,126.62999725341795
18753,777,1,15.989999771118164
90266,278,1,48.650001525878906
10263,476,1,162.98000144958496
75527,63,1,9.15999984741211
78859,1053,1,2.990000009536743
41982,132,1,219
92922,315,1,68
58547,606,1,79
16097,1225,1,69.98999786376953
4690,617,1,29.5
96775,49,1,119.98999786376952
60313,224,1,25.989999771118164
31511,55,1,199.9900054931641
48706,230,1,65
9373,216,1,62
10309,1230,1,64.5
69908,409,1,39.950000762939446
67498,1087,1,122.95000076293945
41936,890,1,8.989999771118164
64166,473,2,143.88999938964844
30621,711,1,99
39280,469,1,60
19214,282,1,100
36363,191,1,50
18968,527,1,34.97999954223633
98541,532,1,170.97999572753906
57611,4,2,134.9300022125244
85952,13,1,29.989999771118164
51869,506,1,35
91202,255,2,263.7400016784668
33661,830,1,135
43456,159,1,10.210000038146973
57565,26,2,180
66270,119,1,220
20488,53,1,23.989999771118164
24372,151,1,12
1650,450,1,11.949999809265137
10893,1346,1,69.5
66224,428,1,903
32141,467,1,40
88454,208,1,9.949999809265137
714,229,1,353.9499969482422
468,1578,1,24.989999771118164
23436,729,1,50
23190,363,1,25
81853,17,2,260.42999839782715
32739,225,1,189.94999980926514
92430,315,1,124.48999977111816
27996,42,2,377.88000106811523
56383,839,1,210
64043,394,1,39.5
47893,354,1,44
73363,187,1,15.5
22423,76,1,20
61126,36,1,217
35656,301,1,12.989999771118164
76280,463,2,190.41000175476074
7269,98,1,25
10186,412,1,288
77631,3,1,15.899999618530272
3047,137,2,381.48999786376953
94611,690,1,20
88162,1326,1,437.19000244140625
62002,900,1,172.75
62171,740,1,49.950000762939446
33784,122,1,29.989999771118164
42105,482,1,48
45022,108,1,298.5
30867,238,1,28.049999237060547
67744,534,1,74.98999786376953
13887,623,1,35.84000015258789
75404,469,1,102.20999908447266
83725,325,1,36.9900016784668
52682,1229,1,25.5
12413,88,1,49.9900016784668
1175,90,1,185.27999877929688
7438,917,1,14.989999771118164
63874,1415,1,25
79028,123,2,120
50641,645,2,116.23999977111816
59131,2,1,90.95000076293945
25248,23,1,28.15999984741211
10017,19,1,187.99000549316406
17156,245,2,540
39755,144,2,76.45000076293945
93904,268,1,29.989999771118164
42626,11,1,14.989999771118164
74053,292,1,17.75
51116,246,1,212
59423,41,1,49.5
95301,442,1,8.989999771118164
86473,59,1,129.98999977111816
47770,411,1,14.590000152587892
60605,198,1,39.5
17817,896,1,19.989999771118164
37883,598,1,27.989999771118164
26645,1175,1,245.8700008392334
85122,129,1,59
38006,610,1,34.9900016784668
17448,339,1,262.38999938964844
80671,98,1,79.94999694824217
96254,99,1,147.48999786376953
70784,1848,1,33.599998474121094
67867,607,1,105.82999706268309
90681,367,1,50
24587,623,1,11.989999771118164
87349,529,1,19.989999771118164
14010,1184,1,12.5
79334,1145,1,97.4900016784668
26353,624,2,131.24999618530273
75006,13,1,187.5
12244,1806,1,66.58999633789062
45835,115,1,98
73240,110,1,16.25
32616,1709,1,69
64335,288,1,228.9300079345703
27043,1538,1,82.84000015258789
35948,412,1,34
25371,71,1,99.98999786376952
47601,587,1,89.98999786376953
51992,247,3,422.6899929046631
20565,668,1,321.6899995803833
50947,1333,1,49.9900016784668
85583,34,2,103.28000044822693
96944,10,1,35.72999954223633
45145,949,1,69.98999786376953
75696,485,1,39.950000762939446
64627,413,1,96.20999908447266
24003,784,1,485.94000244140625
90097,74,1,189.98999977111816
15590,249,1,26.989999771118164
30744,27,1,169
62463,102,1,68.1899995803833
73532,27,1,191
88039,7,1,33.95000076293945
299,3,1,17
99400,94,1,145.98999977111816
45251,957,1,91.25
79918,918,1,54.9900016784668
86367,115,1,120
9496,15,1,9.5600004196167
2065,1084,1,16.360000610351562
55922,29,1,12
22131,1197,1,35
33200,396,1,3.1099998950958248
75988,655,1,79.68999767303467
47017,456,2,84.22999954223633
10970,57,1,192.94000244140625
77462,60,1,26
14116,319,2,109.4000015258789
68265,68,2,52.27999973297119
43379,71,2,139
2755,16,1,8
591,857,1,21
52576,487,1,312.79000091552734
99692,1088,1,74
59715,740,1,92.5
76695,87,1,134.04999923706055
89098,307,1,52.45000076293945
73778,241,1,34.9900016784668
81959,338,2,78.4900016784668
67850,574,1,11.989999771118164
84830,334,1,44
59360,289,1,113
89052,478,1,38.400001525878906
18215,185,3,88.97999954223633
17219,27,1,47.950000762939446
35195,1031,1,69.44000053405762
21132,225,1,50
49828,326,2,328.94999980926514
95026,27,2,128.0999984741211
16741,1073,1,158
67804,80,1,9.4399995803833
39463,536,1,164.9499969482422
50824,20,1,14.949999809265137
55447,868,1,143.93999481201172
1421,800,1,54.7400016784668
1189,51,1,74.9900016784668
88929,254,1,115
71030,488,2,62.5
60880,777,2,204.97000122070312
56967,94,1,79
54969,33,2,249.97000122070312
63459,582,1,27
29576,77,1,51.9900016784668
17173,1372,1,23.5
3110,429,1,40
55616,484,1,114.20999956130981
28271,297,1,25
24312,159,1,49.9900016784668
87578,1329,1,243
96191,98,1,19.89999961853028
53741,136,1,90.3000030517578
96068,484,1,82.5
22437,81,1,62.950000762939446
74820,190,1,12.989999771118164
20963,95,1,71.94000148773193
14471,649,1,19.989999771118164
66161,86,2,163.55999755859375
52098,899,1,99.98999786376952
4169,11,1,44.989999771118164
24358,333,1,188.3000030517578
46834,4,1,125.92000198364258
98770,341,1,25
8251,134,1,216.55000686645505
19612,250,2,98.02999997138977
76357,22,1,26
71199,145,1,59.700000762939446
362,443,1,98
82606,97,1,98
3860,1048,1,32.9900016784668
94594,420,1,110
64856,664,1,147.94000244140625
97605,20,2,68.49999809265137
8082,4,1,122.96999740600585
83496,220,1,10.369999885559082
90326,352,1,15
49997,557,1,92
78965,116,1,173
93967,110,1,54.9900016784668
82560,103,2,430.26000595092773
28703,55,2,216.94999694824216
94548,117,1,117.5200023651123
12719,808,1,26.88999938964844
43854,44,1,33
5981,315,1,222.94999694824216
33967,218,2,133.93999862670898
22606,892,1,16.950000762939453
21610,656,1,164.70999813079834
39217,254,1,26
22360,569,1,36.9900016784668
50578,123,1,29.989999771118164
78169,907,1,134.94000244140625
27229,737,1,89.98999786376953
32971,537,1,39.5
42228,1435,1,445.49000549316406
26582,46,1,292.9700012207031
60465,128,1,11.340000152587892
85354,377,1,75.56999969482422
59237,294,1,31
74883,751,1,50
32925,43,1,188.93999862670898
7455,289,1,59
18816,534,1,19.5
86582,1074,1,110
84080,204,1,134.9499969482422
54173,16,2,147.20000076293945
56337,891,1,14
46602,175,1,20.799999237060547
23880,151,1,14.989999771118164
85308,9,1,46.420000076293945
77585,1593,1,248.8000030517578
59191,240,2,208.41000366210938
32387,92,1,44.209999084472656
25354,793,1,25.700000762939453
47830,100,1,129.63000106811523
41584,41,2,262.5
13993,396,1,174.47999954223633
48723,88,1,134.93999862670898
1696,50,1,108
57379,583,2,78.98999977111816
88683,598,1,44.97999954223633
27166,16,2,159.89000129699707
77110,3,1,114.5
81023,503,1,59.950000762939446
23253,151,1,13.989999771118164
31388,1209,1,108
89988,785,1,49.9900016784668
45497,541,1,30.90999984741211
69971,1099,1,159.76000022888184
5918,321,2,97.5
52161,293,2,133
53157,734,1,118.82999801635744
23728,126,1,69.94999694824219
27687,957,1,24.989999771118164
55862,28,1,18.61000061035156
20027,9,1,40.400001525878906
30392,1510,1,8.920000076293945
63522,1530,1,324.6699981689453
17800,102,2,261
97127,1073,1,36.9900016784668
46187,295,1,349.939998626709
91388,57,2,114.5
88471,534,2,334.8899955749512
15805,105,2,25.90999984741211
24770,524,1,38
86997,391,1,54.989999771118164
87993,1016,1,84.98999977111816
99354,76,1,111.74999618530275
4753,1584,1,22.989999771118164
59775,279,1,5.989999771118164
77279,811,2,92.95000076293945
75358,106,1,113.5
52467,384,1,116.97000312805176
73194,1130,1,234.94000244140625
47724,127,1,48.46999931335449
85935,563,1,65
29914,168,1,32.9900016784668
17279,154,2,85.5
10830,1223,1,774.9500122070312
42749,214,1,86.34000015258789
60774,350,1,27.989999771118164
98527,648,2,274
47249,166,2,207.54999923706055
51946,1271,1,47.9900016784668
28640,1218,1,33.75
70661,9,1,49
68497,468,1,24.950000762939453
43270,360,1,93.29000091552734
91219,1485,1,7.949999809265136
14056,163,1,190.98999977111816
41275,39,1,178
93383,40,1,73.75
57336,120,1,139.93000030517578
76048,445,1,18.350000381469727
2005,594,1,16.469999313354492
85245,995,1,209.89000511169434
56031,719,1,68.95999908447266
98401,636,1,25
8497,1079,1,36.75
22022,1652,1,209.49000549316406
13366,1360,1,69.94999694824219
80270,16,1,32.989999771118164
32662,263,1,16.899999618530273
79274,860,1,29.690000534057617
75942,770,1,310.9900016784668
54800,226,1,58.5
22085,310,1,55
59022,650,2,120.94999694824219
7086,80,1,39.5
24896,69,1,35
64475,2,1,91.9799976348877
32556,1568,1,99.97000122070312
46665,768,1,75
54694,28,1,50.15000057220458
47661,43,2,46.94000053405762
68909,368,1,271.82000160217285
31866,1560,1,59.950000762939446
82975,163,1,9.989999771118164
90635,248,1,52.130001068115234
11308,331,1,125
44023,388,1,19.36000061035156
12304,228,1,89.5
15636,4,1,39
79964,164,1,43.9900016784668
21979,1333,1,25
89161,369,1,80.89000034332275
83018,64,1,62.98000144958496
89267,1000,1,24.919999122619625
55384,1033,1,181.9499969482422
48892,196,1,12.989999771118164
91431,1230,1,65.9000015258789
74362,170,1,21
41753,344,2,129
34136,25,1,123.8100004196167
27644,145,1,21.989999771118164
57442,125,1,13
46771,115,2,353.92000102996826
6396,1181,1,131.5800018310547
33446,190,2,185.47000312805176
85723,145,1,52
96300,1176,1,194.3000030517578
69493,1806,1,54.96999931335449
65165,865,1,150
67329,35,1,9.699999809265137
63001,38,1,129.9900016784668
42443,42,1,14
90051,142,1,54
75052,208,1,9.380000114440918
88577,248,1,97.93999671936035
92905,603,1,48
77525,303,2,324.0500068664551
59881,485,1,34
86015,1751,1,15.989999771118164
6024,279,1,109
84000,281,1,85
66805,357,1,173
64813,291,1,322.7900085449219
67684,1416,1,27.89999961853028
56323,312,1,32.95000076293945
58315,309,1,56.91999816894531
59194,387,1,25.75
76174,1284,1,131.3000030517578
57843,866,1,111.9900016784668
14468,4,1,39.950000762939446
86061,604,1,31.489999771118164
43519,107,1,20.89999961853028
62752,700,1,8.949999809265137
46436,606,1,110.37000274658203
2466,1,2,375.98999786376953
76128,701,1,134
58361,132,1,24.979999542236328
53406,3,1,24.989999771118164
42045,1355,1,26.989999771118164
41504,1103,1,10.529999732971191
2938,57,1,45
68866,601,1,34.97999954223633
14345,102,1,69.98000144958496
79609,138,1,44.579999923706055
77030,704,1,97
65623,8,1,9.989999771118164
56795,1047,1,15.989999771118164
52224,1020,1,29.690000534057617
88099,864,1,185.05999946594238
86871,24,1,59
36257,254,1,54.41999816894531
64272,75,1,128.9900016784668
46954,246,1,276.58999824523926
78043,61,1,74
76051,920,2,163.4000015258789
35593,343,1,99.5
98232,110,1,99.98999786376952
30976,16,1,117.98999977111816
44083,816,1,124.5
55444,939,1,54
405,286,2,32.85000038146973
54926,307,1,79.98999786376953
11474,945,1,86.38000106811523
77648,489,1,109.98999786376952
76984,858,1,120.40000343322752
34196,1598,1,84.98999977111816
45603,195,1,25
57505,1441,1,11.989999771118164
9728,701,1,100
88886,143,1,299
22194,851,1,79.44999694824217
89450,438,1,18.64999961853028
67638,1009,1,29
33678,132,1,83
45039,438,1,18.989999771118164
24186,48,1,26.950000762939453
12825,1443,1,147.5
40986,1848,1,139.46000289916992
34737,269,1,3.5
96420,68,1,180
29579,1077,1,58.77999973297119
89496,533,1,109.4900016784668
5045,855,1,109.2700023651123
93277,1293,1,33.040000915527344
81670,1,1,10.6899995803833
26293,282,3,200.5
68248,646,1,35
65331,102,1,25
79901,522,1,15
8972,227,1,158
37608,79,1,197.9699993133545
18218,67,1,179.1699981689453
75218,217,1,83.0999984741211
58902,583,2,118.01999855041502
62234,695,1,32
47541,95,1,119
19692,14,1,169
33217,710,1,21.950000762939453
63857,161,1,148.5800018310547
62291,244,1,57.94000244140625
71534,24,1,21.96999931335449
17677,29,2,140.25
49307,196,1,27.600000381469727
30761,125,1,50.58000183105469
38925,1540,1,111.23000144958496
73549,54,1,325.95001220703125
52450,412,1,88.96000289916992
81375,181,1,259.989990234375
39128,501,1,29.989999771118164
85059,1091,1,74.98999786376953
60173,259,3,205.82999801635742
96961,1406,1,82
17880,858,1,89.98999786376953
73652,1328,1,52.950000762939446
17385,27,1,48.930000305175774
83585,263,1,119.89999771118163
50535,566,1,169.5
28059,55,1,36
27518,286,1,141.98999977111816
39174,69,2,173.48000144958496
27272,1330,1,108
52945,1727,1,69
27813,211,1,12.979999542236328
52404,122,1,45.9900016784668
92782,374,1,29.690000534057617
90509,293,1,59.9900016784668
48889,554,1,7.110000133514404
80857,6,1,221.55999946594238
2692,336,1,23.989999771118164
56549,31,1,29.989999771118164
38218,913,1,46.950000762939446
13412,4,1,19.5
10707,396,1,119.5
77797,221,1,121.46000289916992
81498,110,2,211.5499973297119
22068,147,1,143
21902,20,1,127.48999786376952
82729,402,1,65.75
54511,39,1,55.89999961853028
91385,682,1,168
40445,4,1,28
14196,498,3,215.98999786376953
61693,298,2,41.55999946594238
2835,182,1,18
64398,10,1,15
77107,1382,2,95.00000190734863
23250,151,1,17.989999771118164
25414,173,1,40.950000762939446
1361,1375,1,41.5
55218,900,1,99.08999633789062
66038,54,1,83.0999984741211
74528,268,1,186.20999908447266
65872,51,1,12.989999771118164
31099,433,1,28
33429,1669,1,36
33970,5,1,54.8799991607666
44624,55,1,46.89999961853027
43857,294,1,39.9900016784668
64000,155,1,88.8799991607666
48013,430,1,64.47000122070312
34611,119,1,34.9900016784668
97714,335,1,30
46662,63,2,30.889999866485596
99188,644,1,424.5
2128,65,4,436.4199981689453
69261,1829,1,25
35842,295,1,39.59999847412109
58441,533,2,47.93000030517578
42752,701,1,30
47203,231,1,86.25
67097,1448,1,111.4900016784668
98647,396,1,49.5
12579,1,1,49.9900016784668
34488,1116,1,29.989999771118164
21504,131,2,226.93999862670898
83021,317,1,130
54385,446,1,14.989999771118164
51053,4,1,12
62649,918,1,49.5
20900,185,1,36
86994,113,1,39.5
75633,247,1,178
39835,95,1,139.99000549316406
59317,401,2,239.94000244140625
256,1372,1,21.989999771118164
5211,557,1,50
88288,8,1,28
92616,557,1,39.5
62955,962,1,129
8849,1289,1,123.94000244140624
82188,1643,1,84.97000122070312
193,782,1,232.60000133514404
73283,234,1,25
6934,375,1,69.44999694824219
80024,47,2,56.5
9098,1091,1,59.9900016784668
26167,268,1,66
15347,508,1,57
21441,2,1,172
41458,958,1,45
90203,760,1,98
17113,524,1,59
92367,160,1,313.9099998474121
30638,928,1,228
30097,445,1,147.9800033569336
45792,1144,1,113
49181,204,2,43.349998474121094
14806,520,1,31.950000762939453
61083,99,1,420.95000076293945
26708,30,1,50.9900016784668
94382,400,2,32.489999771118164
10721,77,2,81.5
38361,412,1,22.950000762939453
69496,73,1,15.470000267028809
65411,144,1,86.94000244140625
80316,99,1,39.94000053405762
6393,35,1,14.140000343322754
49430,442,1,49.5
39692,211,1,99.98999786376952
5460,475,1,22.89999961853028
3296,566,1,52
7083,46,1,196.9900016784668
72593,253,2,104.9900016784668
30346,1177,1,202.930006980896
31969,401,1,74.9900016784668
83954,1160,1,347
38510,777,1,20
52035,825,1,89.5
29805,239,1,95
38822,229,1,13.989999771118164
89762,267,1,93.94000053405762
96592,695,1,128
81272,37,1,188
47644,1380,2,31.75
98584,251,1,93.47999954223633
40814,117,1,23.5
27415,103,1,39
28411,208,1,355.2699966430664
44727,268,1,40
97588,41,1,21.989999771118164
92679,87,1,69.94999694824219
94671,145,1,26.989999771118164
31328,1,1,44.9900016784668
74465,282,1,38
23525,1054,1,94.4900016784668
58149,338,1,87
8205,426,2,284.2200050354004
19566,4,2,109.44999980926514
33890,473,1,59
77336,744,1,144.97000122070312
7209,514,1,15.989999771118164
18570,598,1,32.900001525878906
54096,287,1,17.969999313354492
78401,782,1,325
51179,459,1,65
33366,99,1,36.989999771118164
39772,295,2,34.369998931884766
99108,1128,1,31.989999771118164
57107,313,1,152.45999908447266
49164,143,1,89.98999786376953
88743,343,2,162.18000030517578
45746,59,1,124
757,769,1,76
32848,307,1,119
73423,178,1,16.8799991607666
34385,53,1,39.880001068115234
22483,1070,1,25
71431,1213,1,35
49705,390,1,68
55633,1119,1,43.989999771118164
14179,593,1,7.949999809265136
7687,1214,1,98
11600,1192,1,53
13592,354,1,111.1899995803833
24999,1500,1,176
81773,1057,1,40.260000228881836
38298,181,1,21.1200008392334
57608,745,1,339.9899940490723
20107,62,1,36
86227,58,1,39.5
36360,88,1,11.770000457763672
48185,243,1,29.989999771118164
91614,555,1,71.48000144958496
74302,1323,1,47.59999847412109
75776,46,1,25
92092,428,1,103
87183,80,1,56
43393,691,1,133.03000259399414
28394,248,1,14.869999885559082
12078,84,2,78.98999977111816
60479,20,1,128.82000160217285
66516,286,1,44.9900016784668
51657,499,1,40.880001068115234
26874,440,1,49.9900016784668
93134,169,1,109.98999786376952
7641,34,1,18
69573,23,1,133.56000137329102
10644,1167,1,17.950000762939453
22546,68,2,125.97999954223633
98544,297,1,25
61498,613,2,80.45000076293945
92138,211,1,24.459999084472656
87810,405,1,79.94999694824217
43213,1479,1,54
77296,100,2,97.95000076293945
28348,276,1,110.6500015258789
66562,627,1,37.450000762939446
90821,676,1,6.989999771118164
42672,1331,1,26
94153,816,1,36
70890,323,1,97.8000030517578
94608,210,1,94.97000122070312
60525,17,1,158
13655,1098,1,13.989999771118164
62878,458,1,198.9900016784668
2191,22,2,156.48999977111816
58212,79,1,141.5
50137,1147,1,33.9900016784668
21667,648,1,36.7599983215332
15175,221,1,7.9099998474121085
4355,293,1,165.61000061035156
84369,1878,1,30
176,197,1,64.98999786376953
82746,1479,1,26
36423,235,1,24
82205,458,1,38.119998931884766
47784,1210,1,267.98999786376953
42915,111,1,80.95000076293945
32433,696,1,183.63999938964844
54614,21,1,34.97999954223633
58009,524,1,27.89999961853028
99125,11,1,24.26000022888184
69911,541,1,29.989999771118164
15716,183,1,130.3499984741211
79257,20,1,34.9900016784668
97110,114,1,49.9900016784668
36486,33,1,80.84000253677368
93260,110,2,73.38999938964844
84604,294,2,382.2700004577637
44146,58,1,189.94999694824216
98003,445,1,30
31554,102,2,49.489999771118164
20193,49,1,32.95000076293945
71016,391,1,162.91000175476074
6582,85,1,54.930000305175774
2881,1130,1,187
63356,379,1,216.98999977111816
15238,51,1,28.989999771118164
61647,1003,1,41.959999084472656
79672,206,1,59.9900016784668
88328,393,1,92
23894,129,1,58.950000762939446
4873,179,1,21.989999771118164
51995,1005,1,29.989999771118164
29038,197,1,131.94000244140625
51760,157,2,122.70999813079834
58424,13,1,137.93000030517578
55507,818,1,198
28042,454,2,201.48999977111816
9805,1362,1,918
47847,44,1,58
67409,224,2,47.710001945495605
50764,685,1,72.71999740600586
42108,67,1,40
36698,9,1,63.9900016784668
4567,12,1,22.93999981880188
71322,117,1,104.48999977111816
85411,48,1,17.5
76755,29,1,28.5
30512,1126,1,71.94999694824219
19151,540,2,135.02000045776367
37176,140,2,409
25815,930,1,302.95000076293945
62689,106,1,79.9800033569336
57734,810,1,189.94999694824216
38172,471,1,55.09000015258789
55029,977,1,45
38713,733,1,23.989999771118164
69095,968,1,129.99000549316406
44836,189,1,39.9900016784668
5108,1149,2,259.4900016784668
5351,198,1,132.99000000953674
24584,3,1,31.950000762939453
3187,59,2,100.95000076293945
7272,3,1,191.94000053405762
27501,371,1,144
66625,671,1,79.5
59961,51,1,43.52999877929688
22420,956,1,54
92029,26,1,30
90037,56,1,246.19000625610352
51454,182,1,63.59999847412109
24435,336,1,30.5
482,575,1,57.4900016784668
91096,57,1,89.0999984741211
45895,382,1,25
86768,694,1,20.989999771118164
47306,536,1,110.5099983215332
88179,27,1,333.4499969482422
42978,3,2,139.98999786376953
92507,1474,1,57.950000762939446
29994,415,1,195
80519,1763,1,25
26662,1004,1,274.4499969482422
86164,359,1,31
73180,74,1,139.99000549316406
1086,4,1,26.479999542236328
7037,25,1,170.99000549316406
74803,800,1,84
1713,320,1,33.900001525878906
82832,595,1,39.880001068115234
81836,252,1,80
9742,244,1,49.9900016784668
47604,34,1,696.9900016784668
31617,597,1,199.9900054931641
99540,163,1,27.36000061035156
23957,303,2,113.64999699592592
3399,375,1,69.5
33695,45,1,35
50011,57,1,115.98999786376952
56260,68,2,125.93999862670898
35945,12,1,134.9499969482422
27289,1489,1,58
57256,230,1,86.75
2403,83,1,29.989999771118164
10973,230,1,198
24647,693,1,65
4630,12,2,53.989999771118164
43668,531,1,49.5
62603,12,1,88.4900016784668
73964,29,1,59.950000762939446
51242,109,1,100
52865,543,1,8.989999771118164
23651,20,1,36
47910,181,1,32
13286,504,1,75
54943,103,1,34.900001525878906
11663,106,1,49.90000057220458
39340,800,1,119.95000076293945
78441,17,1,68.6500015258789
69785,352,2,384.5999984741211
74113,299,1,25
63293,809,1,36.9900016784668
3940,87,1,64.93000030517578
21252,16,1,112.44000244140625
58965,1271,1,65
67621,1023,1,8
82377,11,1,18.299999237060547
88869,5,1,82.98999977111816
80213,159,2,37.489999771118164
91574,51,1,204.98999786376953
93197,287,1,26.950000762939453
98215,136,1,210.27000045776367
93887,219,1,25.5
93509,19,2,297.2400016784668
28245,659,1,92
63794,482,1,191.77000045776367
22672,281,2,220
68039,175,1,52
18427,648,2,207.38000106811523
31162,122,1,118
89287,154,1,87.9900016784668
92158,580,1,35
33841,52,2,139.8000030517578
7043,28,1,24.299999237060543
24023,407,1,31
99105,876,1,49.950000762939446
55089,188,1,41.959999084472656
42354,50,1,65.59000015258789
87721,62,1,189.45999908447266
38109,1454,1,79
21106,368,1,127.4000015258789
29811,4,1,311.9499988555908
92112,267,2,44.46999931335449
53738,44,1,5.949999809265137
85042,21,1,104.1200008392334
86370,114,1,27.950000762939453
8417,77,1,45
75132,1352,1,65
43705,576,1,64.98999786376953
91989,651,1,69.94999694824219
75109,590,1,85
93678,901,1,417
38232,156,3,283.34999656677246
29665,3,1,161.98999977111816
48311,169,1,76.33000183105469
86201,720,1,50
72430,76,1,33.9900016784668
94906,570,1,53.02999877929688
4172,439,1,36
39798,1166,1,24.989999771118164
29765,747,1,198.98999786376953
29450,49,1,65.92999935150146
6897,431,1,25
62251,110,1,47.950000762939446
5646,24,1,29.950000762939453
38278,767,1,118.48999977111816
83645,976,1,34.29999923706055
93632,193,2,174.43000030517578
61000,71,1,60
62082,670,1,300.5
94883,1078,1,39.9900016784668
39529,941,1,32
29619,146,1,26.440000534057617
39629,312,2,41.489999771118164
17030,343,1,39.950000762939446
6997,3,1,74
28145,221,2,73.94000244140625
71033,409,1,144.5
26579,1211,1,246.5
21421,441,1,29.989999771118164
13844,512,2,311.9499969482422
39314,253,1,11.079999923706056
52702,36,1,75
21029,1342,3,102.98999977111816
64807,469,1,59.950000762939446
56532,337,1,223.95000076293945
78172,1747,1,109
17199,1466,1,40
49347,156,2,82.45000076293945
86639,305,1,41.97999954223633
37004,214,2,193.5
42623,339,2,64.98000144958496
31016,1343,1,115
69267,92,1,142.99000549316406
96280,838,1,29.89999961853028
52656,1408,1,120
35676,741,1,264
51328,481,1,53
3857,351,1,97.5
78026,674,1,33.31999969482422
31408,864,1,12.989999771118164
22503,74,1,35
98836,1667,1,270
79254,10,1,182
97900,485,1,10
56778,1412,1,25
46745,398,1,68.98999786376953
31454,87,2,97.87999916076662
56340,160,1,36.9900016784668
12470,152,1,25
76652,8,1,34.9900016784668
10206,29,2,72.94000053405762
90323,1178,2,130
80290,612,1,35
88159,472,1,198
34010,44,1,12.899999618530272
33764,131,1,178
67601,478,1,49.5
73197,466,1,24.64999961853028
92596,190,1,144.4900016784668
85932,607,2,53.39999961853028
69782,199,1,15.989999771118164
41395,46,1,214.48999977111816
24415,241,2,345.2899913787842
44312,1635,1,35.95000076293945
37150,936,1,22
3688,8,1,29
6605,87,1,63.180000305175774
87498,733,1,185
64684,18,1,39.9900016784668
93947,31,2,406.4499988555908
97316,1228,1,177.43999862670898
15902,150,1,29.989999771118164
80336,120,1,30
48534,410,1,39.970001220703125
88803,719,1,130.38000106811523
76068,700,1,39
45855,315,1,50
56171,1133,1,50.27000045776367
15118,238,1,89
86124,280,1,37
91030,294,1,76.7300033569336
84083,3,2,164.98999977111816
22188,752,1,89.5999984741211
37840,385,1,95
39045,118,2,153.2599983215332
67103,236,1,63.98000144958496
3167,25,1,69
47060,3,1,77.98999786376953
59795,360,2,148.9499969482422
95842,542,1,46
83107,20,4,96.32999897003175
95421,65,2,119.94000053405762
27163,755,1,11.520000457763672
65889,887,1,34.9900016784668
24607,491,1,67.94000053405762
25812,239,1,101.55000305175781
71723,552,1,60
7810,165,1,68.95999908447266
27455,351,1,39.5
40611,1428,1,11.989999771118164
4733,222,1,55
7979,605,1,23.25
81212,328,1,68.80000305175781
72507,586,1,117.22000122070312
9161,29,1,279.57999658584595
17989,1366,1,28
83376,6,2,241.97999954223633
58613,223,1,20
14743,580,1,34
15825,1,1,105.95000076293945
81335,297,1,26.36000061035156
61859,26,1,43.75
84681,329,1,140
37073,1252,1,96.07000160217285
24836,272,1,13.300000190734863
33243,907,1,150
1524,319,1,47.989999771118164
20508,373,1,19.950000047683716
37571,161,1,33.970001220703125
50698,487,1,19.989999771118164
40382,1593,1,25
10037,455,1,9.949999809265137
25228,637,1,10.989999771118164
40880,1006,1,61.150001525878906
15633,749,1,60
92802,920,1,69.5
80651,1044,2,210.89000129699707
41272,654,1,16.899999618530273
52925,1195,1,27.950000762939453
54007,339,1,69
18550,63,1,46
57253,253,1,206
75255,783,2,223.94999694824216
53615,81,1,42.9900016784668
31975,254,1,21.93999981880188
18942,780,1,39.5
74173,645,1,137.5
940,264,1,32.9900016784668
86516,691,1,78
69198,217,2,439.48999786376953
23754,692,1,31.989999771118164
45394,1525,1,128
88680,320,1,44
62712,76,2,80.69000244140625
86908,6,1,35.9900016784668
86416,51,1,13.989999771118164
88580,1603,1,36.93999862670898
13283,973,1,126
21982,700,1,29
41464,639,1,8
57737,1089,1,107.47000312805176
11119,352,1,14.25
19134,843,1,81.9000015258789
42938,208,1,138
90054,83,1,69.5
65168,1476,1,79.94999694824217
77903,1399,1,209.9900016784668
80067,238,1,107.9499969482422
67332,1280,1,175
2214,86,1,154.73999977111816
91528,765,1,80
99151,667,1,308
22772,182,1,11.760000228881836
98069,637,1,116.9800033569336
20608,175,1,75.75
41756,65,2,403.9900016784668
26018,845,1,253.98999977111816
51557,118,1,36.950000762939446
36237,517,1,26.989999771118164
61707,1469,1,95
3605,1145,1,38
47312,240,1,16.5
39154,125,1,623.9799995422363
34909,145,3,273.76000213623047
96924,601,1,66
92988,19,1,180.8500061035156
40173,88,1,67.5
43376,19,1,64.9900016784668
75676,49,1,76.22000122070312
24853,839,1,248.94999980926514
54760,316,1,55
1899,793,2,119.4900016784668
19211,1,1,45
22128,9,2,120.85000038146973
4816,194,1,49.9900016784668
82815,513,1,174.98000526428223
49018,986,1,179
16200,590,2,169.4099998474121
82669,142,2,175
17405,4,1,14.949999809265137
50369,421,1,96.5
33512,109,1,82.12000274658203
15181,145,1,282.24999237060547
96755,498,1,56
21673,1716,1,59.5
41647,845,1,46.97999954223633
18756,363,1,199
6353,1374,1,99.98999786376952
54305,63,1,29.989999771118164
72951,512,1,20
13515,882,1,43.68000030517578
12264,123,1,26
91514,3,1,26.43000030517578
2131,25,2,161.55999946594238
85371,941,1,115.15000152587892
14820,81,1,118.4799976348877
30263,330,1,159.5
9061,1473,1,80.97999954223633
3651,165,1,60
15135,665,2,107.01000213623047
233,2,1,139
31537,333,1,376
64169,354,1,21.989999771118164
30455,382,1,102.5
81481,974,1,101.4900016784668
48849,112,1,58
47767,1481,1,120.97999954223633
14989,1017,1,138.79999828338623
20153,50,1,36.9900016784668
13661,219,1,59.89000129699707
85417,155,1,83.85999679565428
84335,692,1,25
21481,354,1,128
37465,333,1,160
98590,1280,1,472.4900016784668
45065,56,1,64.87999725341797
74033,332,1,119
68199,254,1,287.9399948120117
34654,602,1,29
34986,43,1,98
13346,107,1,77.95000076293945
9516,106,1,111.44999694824219
10097,147,1,109.9499969482422
73014,736,1,54.9900016784668
13406,1222,1,52
99480,705,1,49.9900016784668
13738,1284,1,5.989999771118164
57030,181,1,10
95281,499,1,29.989999771118164
87123,796,1,213.11000442504883
78670,140,1,25.940000534057617
20293,1023,1,208
22297,52,2,245
78232,153,1,119.26000213623048
72822,151,1,21.989999771118164
55510,320,1,38
61252,1297,1,14.5
78564,577,1,52.950000762939446
52593,297,1,33.9900016784668
23379,156,1,34
34594,1063,2,71.20000076293945
56234,1221,1,308.1099967956543
73841,97,2,82.45000076293945
56984,883,1,169
38922,38,1,144.05999946594238
44627,133,1,36
41541,9,1,15.670000076293944
98338,190,2,132.98999977111816
95089,7,1,11.539999961853027
33074,947,1,29.799999237060547
70704,978,1,40.79999923706056
72868,410,1,58.60000038146973
37402,948,1,22
94508,1371,1,80.07000160217285
92925,493,1,128.8299970626831
78424,1327,1,23
51620,962,1,34.5
7996,496,1,32.9900016784668
9662,164,1,88
97064,1072,1,27.739999771118164
16154,4,1,19.38999938964844
52012,866,1,23.979999542236328
98292,78,1,134.00000095367432
51766,1017,1,38.680000305175774
50684,9,2,104.9900016784668
75570,16,1,114.94000244140625
59586,223,1,68
53094,229,1,119.04000091552734
74734,50,1,237.009994506836
73406,610,1,114.43000030517578
74880,1233,1,79
29436,321,1,80
6960,1083,1,60
58650,14,1,28.5
31846,597,1,384.6399917602539
36320,228,2,66.98000144958496
69450,1,2,112.0999984741211
53632,1214,1,86
65016,77,1,9.949999809265137
80834,274,1,85.98999786376953
48202,278,2,42.5
93615,881,1,148.1599998474121
2715,823,1,130
21736,164,1,46.9900016784668
61315,883,1,14.989999771118164
54866,1404,1,39.4099998474121
29181,1805,1,13.970000267028809
24461,30,2,51.97999954223633
82732,205,1,20.950000762939453
43768,131,1,149
47183,376,1,84
21046,746,1,83.17999839782715
3734,536,1,74.95000076293945
21215,300,1,179.44000053405762
71677,544,1,68.45000076293945
68431,510,1,121.9900016784668
82042,778,1,97.89000129699707
5208,686,1,61
35155,772,1,119.5
4189,261,1,36
27993,214,1,15.989999771118164
36821,143,1,84
11179,78,1,175.95000076293945
60625,179,2,121.18000030517578
20007,85,1,29.950000762939453
17843,69,1,56.959999084472656
17345,310,1,155.0500030517578
34093,228,1,15
40757,924,1,49.950000762939446
51405,454,1,50
81873,545,1,164.99000549316406
32599,215,2,106.9900016784668
25437,106,1,56
58567,143,1,43.97999954223633
79317,522,1,17.989999771118164
49931,234,2,112.93999862670898
29373,807,1,48.91999816894531
32619,855,1,25
46685,250,2,338.98999977111816
72653,225,2,946.9899997711182
85809,919,1,45
90655,398,1,22.989999771118164
97147,724,2,328.92000007629395
76589,629,1,205.4499969482422
22563,69,1,9.970000267028809
45211,40,1,39.9900016784668
42729,193,1,141.92999649047852
62958,849,1,79.3899974822998
40820,1325,1,79.98999786376953
34073,1021,1,22
88428,23,1,13.800000190734863
71508,520,1,18.14999961853028
41710,202,2,278
26519,87,1,64.1500015258789
33681,737,1,41.700000762939446
6980,65,2,107.9799976348877
56011,341,2,61
81979,241,1,69
24292,213,1,67.98000144958496
80897,718,1,17.989999771118164
77651,38,1,35.84000015258789
66894,125,1,49.9900016784668
80505,672,1,27.600000381469727
63648,257,1,25
89616,712,1,133.7100009918213
84206,426,1,7.039999961853027
77259,2,1,287.2700004577637
84833,52,1,114.75
96002,827,1,71.06999969482422
42400,1528,1,104
85182,384,1,38.880001068115234
64040,347,2,78
41902,109,1,54.5
44066,257,1,51.489999771118164
46230,1907,1,78.9000015258789
70532,602,1,25.989999771118164
18988,419,1,170.95000076293945
63934,164,1,16.950000762939453
68262,578,1,17.9399995803833
21152,667,1,7
5314,422,1,116.5
24790,469,1,59.950000762939446
89808,14,1,49.950000762939446
2068,504,1,63
28036,844,1,120.33999967575073
25872,1051,1,161.55999755859375
88726,291,2,51.89000129699708
4624,589,1,59.97999954223633
84790,202,2,43.96999931335449
2460,42,1,29.989999771118164
1378,564,1,9.15999984741211
88036,732,1,9.989999771118164
91282,566,1,45
3542,332,1,46
5706,453,1,162.87000274658203
93177,1587,1,12.859999656677246
32822,12,1,205.07000064849854
65454,662,1,25
52719,352,1,56
190,1065,1,51
61186,337,2,60.97999954223633
1756,548,1,34.95000076293945
81793,3,1,105.95000076293945
17408,1347,1,6.96999979019165
33509,363,1,299.05999755859375
9582,312,1,63.59999847412109
26562,23,1,55.5
58507,904,2,764.9400062561035
75318,490,1,94.5
73326,420,1,11.949999809265137
13140,843,1,82.9000015258789
30784,70,1,44.989999771118164
70409,1100,1,62
15132,1776,1,24.90999984741211
57674,11,1,43.9900016784668
96048,169,1,29.989999771118164
80396,86,1,140
26393,705,2,57.9900016784668
57156,720,1,152.75999450683594
59148,254,1,74.94999694824217
3794,6,1,62
8749,134,1,94.3900032043457
26516,304,1,114.9900016784668
64103,292,1,98.98999977111816
76005,407,1,273.79999923706055
47123,251,1,22.280000686645508
75364,261,1,44.93999862670898
45726,1735,1,109.9900016784668
11102,31,1,24.06999969482421
77356,1014,1,79.8700008392334
47641,1406,1,50.1899995803833
20920,41,1,142.98999786376953
21607,424,1,41.9399995803833
10787,1504,1,89.94999694824217
57110,20,1,87.9900016784668
78922,1242,1,164.52999877929688
77402,624,1,35.45000076293945
55590,939,1,77.95000076293945
76320,377,1,27.89999961853028
88222,1075,1,64.94000244140625
43688,69,1,52.97999954223633
78235,943,1,89.98999786376953
12138,209,1,178.95000076293945
99483,656,1,35.2599983215332
1710,345,1,36.2400016784668
56154,99,1,28.399999618530273
22440,482,1,83.58000183105469
34342,565,1,98
17093,662,1,14
38982,28,2,63.9900016784668
95092,744,1,50
9018,174,1,69.5
46808,48,1,58
9267,1058,1,69.94999694824219
74282,723,1,13.989999771118164
82795,146,2,194.98999786376953
38341,186,1,19.989999771118164
80791,302,1,65
67807,462,1,622.1100044250488
25560,912,1,58.9900016784668
754,501,1,41.959999084472656
95484,119,1,68
46167,1038,1,42.9900016784668
4312,506,1,197.35000038146973
56592,355,1,156.45000076293945
4063,998,1,235
69576,550,1,234.45000076293945
30953,279,1,56
46854,1199,1,44
65577,211,1,118.88000106811523
91216,435,1,78
86138,417,1,350
32035,805,1,21.75
39612,15,1,17.440000534057617
15573,50,1,99.08999633789062
96612,20,1,84
35344,1154,1,124.98999786376952
60230,576,1,99.98999786376952
47246,45,1,177.38000202178955
69968,733,1,170.25
86825,112,2,253.9900016784668
31348,126,2,43.76000142097473
53283,620,1,24
43250,8,1,94.09000205993652
16260,319,2,79.90999984741211
94259,795,2,102.92000007629395
28995,116,1,34.310001373291016
27080,80,1,25.200000762939453
5191,634,1,396.989990234375
39815,511,1,247.19999980926514
37259,2,1,19.989999771118164
48079,882,1,22.5
5832,299,2,222.74000549316406
61942,1147,1,196.4900016784668
96566,4,1,25.989999771118164
50243,934,1,64
49599,1680,1,62.9900016784668
62583,110,1,224.9499969482422
61501,564,1,10.5
74485,87,1,38
5583,359,1,952.9900016784668
60027,956,1,29.209999084472656
18567,254,2,82.69000244140625
61109,20,1,75.15999984741211
95733,174,1,72.4099988937378
8265,394,1,49.9900016784668
31079,642,1,103.89000225067139
2194,1049,1,398
6273,1,1,109.06000137329102
77276,404,1,44.96999931335449
28162,22,1,79.5
11182,1056,1,20
31222,452,1,40
54319,515,1,54
36177,108,1,77.41999816894531
15570,348,1,108.26999592781067
47372,650,1,14.989999771118164
88660,328,1,74.98999977111816
70801,198,1,57.9900016784668
97648,112,1,55.9900016784668
93380,4,1,56
94966,710,2,147.56999588012695
86310,223,2,67
80147,1411,1,69.5
59417,27,1,49
76400,941,1,69.98999786376953
34780,189,1,29.5
47515,193,1,59.23000144958496
38026,419,1,19.989999771118164
79314,460,1,35
85056,254,1,27.5
50432,786,1,148.4000015258789
21733,909,2,325.5
37508,310,1,109.0099983215332
37385,792,1,33.989999771118164
49410,373,1,47.670000076293945
65062,269,1,25
29184,346,1,119.98999786376952
91342,478,1,32.95000076293945
31740,99,3,343.26000595092773
40568,943,1,38.86999988555908
98006,186,1,69.94999694824219
35470,9,2,138.94999980926514
79881,174,2,203.36000537872314
76758,1171,1,404.9900016784668
88537,425,1,49.5
34468,328,1,152.81999969482422
90701,739,1,20
70094,103,1,222.5
53944,276,1,79.70000076293945
59274,1132,1,54
10664,161,1,13
1318,110,1,74
9974,181,1,55
21876,41,1,67.94999694824219
98524,352,2,111.36000061035156
3874,780,1,39.950000762939446
28915,1564,1,14.989999771118164
66456,282,1,45.9900016784668
76274,285,1,26
6101,206,1,10
53472,939,1,89
58192,98,2,151.9699993133545
55026,29,1,39.9900016784668
63147,70,2,77.86000061035156
27349,412,1,159.48999786376953
91783,523,1,258.989990234375
42042,703,1,24
7418,42,1,90.95000076293945
5709,307,1,83.45000076293945
50163,118,1,138.9900016784668
84787,34,1,20.5
23568,997,1,25.989999771118164
27206,732,1,59.5
21043,971,1,17.559999465942383
15304,405,1,266.98999977111816
85228,109,1,21
35613,656,1,20.5
23960,1046,1,28
75490,279,1,18
93884,453,1,51.4900016784668
49679,99,1,40.52000045776367
10976,4,1,103.9900016784668
8059,395,1,36
39941,448,1,29.950000762939453
84146,76,1,55
36944,855,1,28.170000076293945
97130,23,1,58
14222,36,1,208
41209,10,1,276.439998626709
50996,349,1,110.55000114440918
28680,938,1,53.02000045776367
48205,385,1,32.900001525878906
83911,94,1,51.9900016784668
10913,643,1,45
75882,52,2,57.99000167846679
57943,13,1,112.13999938964844
29997,31,1,169.45000076293945
5268,1108,1,195
53409,884,1,297.45000076293945
30595,1284,1,394.1700134277344
26267,268,1,27.96999931335449
28431,3,1,17.989999771118164
15447,38,1,138
64229,724,1,80
2463,1225,1,9.720000267028809
59901,330,1,60
72885,922,1,54.9900016784668
96738,1019,1,36.9900016784668
73575,32,1,13.279999732971191
93051,922,1,23.190000534057617
82231,571,2,260.01000022888184
71411,23,1,31.40999984741211
95215,684,1,44.959999084472656
72493,147,1,48.010000228881836
92659,1170,1,20
93741,138,1,69.98999786376953
36569,107,1,19.989999771118164
51889,551,1,127.15000152587892
14348,109,2,27.899999618530273
98916,1259,1,66.05999946594238
81604,4,1,16
68182,179,1,284
926,28,1,69.5
60356,326,1,111.63000106811523
57817,3,1,100
52862,32,1,239.98999977111816
40505,705,1,78.16999816894531
10412,966,1,67.48999977111816
44441,55,1,35
16386,54,1,36
1066,206,1,9.989999771118164
84475,767,1,165.17000007629395
49851,185,1,141.75
67163,333,1,56.38999938964844
66144,1576,1,35.9900016784668
60734,85,1,110
78046,126,1,38.9900016784668
2085,218,1,45
26250,3,1,25
43562,476,1,91.8499984741211
76194,102,1,5.329999923706056
60874,208,1,28.690000534057617
84020,553,1,49.690001487731934
68700,316,1,76.83000183105469
12828,306,1,198
72258,248,1,19.989999771118164
73592,7,1,147.95000076293945
31142,132,1,91.4900016784668
15822,424,1,42
62772,108,1,26.769999265670773
23648,295,1,36.450000762939446
20794,110,2,441.05999755859375
58836,669,1,62.46000099182129
2400,355,1,42
52344,142,1,62.680000305175774
79566,3,1,17.950000762939453
67664,192,1,100.4900016784668
19712,429,1,66.65999984741211
79048,500,1,43.950000762939446
58318,333,1,35.09000015258789
35596,955,1,92.36000061035156
75630,593,1,12.289999961853027
14866,86,2,127.48999977111816
96360,123,1,49.5
4956,17,1,400
52908,115,1,70.4399995803833
13784,452,1,61.10000038146972
80130,559,1,39.9900016784668
42480,30,2,64.44999980926514
95341,233,1,107.27000045776367
7856,177,1,156.06999969482422
78610,608,1,79
98839,515,1,12.020000457763672
38152,291,1,15
34013,4,1,25
8875,1031,1,29.989999771118164
46997,96,1,42.9900016784668
74674,382,1,175
61690,562,1,189
26187,476,1,62
64309,7,1,61.450000762939446
85557,9,1,149.9499969482422
73655,1781,1,157.9000015258789
55261,103,1,8.949999809265137
1003,242,1,22
8577,216,2,124.28999710083006
77591,727,2,209.5
72181,231,1,69
99231,820,1,25
81919,58,1,39.9900016784668
85603,101,1,135
6021,882,1,19.989999771118164
7355,183,1,274
27661,539,1,42
41979,753,1,119.48999977111816
34153,224,2,278.5900011062622
18175,840,1,63.950000762939446
16841,43,1,39.950000762939446
28603,1611,1,41.880001068115234
69719,6,1,13.989999771118164
48909,188,1,62.40999937057495
75567,191,1,24.989999771118164
83141,927,2,71.48999977111816
71239,1136,2,192.44000244140625
76649,396,2,150.93999862670896
30123,437,1,59.5
43107,1559,1,44.9900016784668
65829,1024,1,178.75999450683594
96815,534,1,72.31000137329102
8829,234,1,182.5
64355,848,1,319.73999786376953
52453,263,2,58.33000183105469
68683,1216,1,48
16403,107,1,34
74093,134,1,12.75
15321,954,1,27.989999771118164
26141,1135,1,402.44000244140625
62191,796,1,39.9900016784668
88849,6,3,452.9799919128418
56217,722,1,120
10020,493,1,88.95000267028809
67790,7,1,39.5
64873,301,2,63.70000076293945
82185,363,1,47.9900016784668
12012,555,1,125
76446,110,1,69.5
13031,22,1,69.94999694824219
23396,229,1,52.130001068115234
89822,79,1,408.98999786376953
5394,974,1,115.39999771118163
98713,1665,1,29.520000457763672
10804,880,1,17.5
90057,693,1,189
89038,58,1,77.98999786376953
99168,841,1,119
32742,136,1,93.95000076293945
58710,55,1,48.15999984741211
8766,41,2,78.94000244140625
73200,456,1,155
50054,422,1,65.94999694824219
6602,294,1,68.5
39234,112,1,238.8000030517578
79692,238,1,30
24086,178,1,46
93068,219,2,81.89999961853027
69264,246,1,143.92999649047852
17986,481,1,69.5
28806,255,1,14.399999618530272
26642,568,1,59.950000762939446
35298,387,1,99
60608,37,2,288.00999450683594
86576,1157,1,100
11494,964,1,31.979999542236328
57754,407,1,127.91000366210938
89304,16,1,160
56672,741,1,79.98999786376953
48016,538,1,23
61172,39,1,181.35999965667725
37196,302,2,192.89000129699707
69828,768,1,22.989999771118164
99042,508,1,34.9900016784668
64418,907,1,24
65328,257,2,184.45999908447266
92550,127,1,119.48999977111816
63164,52,2,165
87140,121,1,87.96000099182129
31786,47,1,90.9000015258789
80648,33,1,15.989999771118164
79958,438,1,20
800,1171,1,84
4046,145,2,349.3300075531006
62646,100,1,83.14000129699707
26768,642,1,317.86000061035156
38670,1305,1,68.9900016784668
83204,409,2,60.2400016784668
15948,133,1,88.95000076293945
12702,1804,2,339.0199975967407
74548,109,1,92
21358,1024,1,98.5
45397,147,1,32.9900016784668
14176,338,1,140
22832,62,1,118
67037,227,1,63.9900016784668
10867,1312,1,69
75301,30,1,125
81338,3,1,282.98999977111816
6539,29,1,19.989999771118164
98650,63,1,16.989999771118164
79629,261,1,198
94322,245,1,293
88285,553,1,55
92613,1304,1,174.97999572753906
84647,1182,1,16.989999771118164
93303,147,1,20
92221,402,1,20.989999771118164
97631,60,2,218.95000076293945
61627,36,1,135
83267,100,2,107.83999824523926
70283,670,1,37.989999771118164
52971,1322,1,23.979999542236328
48643,684,1,12.989999771118164
81103,1255,1,25
37823,306,1,54
87595,661,1,209.5
44315,779,1,89.48999786376953
63791,1595,1,49.90000057220458
76383,39,3,494.98999786376953
1129,26,1,74.47000122070312
67727,288,1,157.94000244140625
91531,662,1,179.9499969482422
7621,758,1,25
85039,1643,1,306.88000106811523
11557,502,1,69
10475,1195,1,42.950000762939446
6147,16,1,21.5
34279,790,1,79.56999969482422
20213,339,1,175
27787,36,1,55
16967,651,1,39
2901,57,1,49.5
22377,441,1,64.94999694824219
14803,522,2,195.42000198364258
5065,60,1,54
24541,55,1,70.58999633789062
1819,160,1,194.48999977111816
29951,167,1,30.950000762939453
737,689,1,10.989999771118164
14411,312,2,129.70000076293945
27395,106,1,67.44000053405762
50117,1319,1,169.9499969482422
23067,406,1,14
32805,159,1,6.070000171661377
25231,132,1,44
52281,31,1,117.3300037384033
13329,233,1,25
47953,1560,1,41.41999816894531
54445,220,1,14.239999771118164
38215,61,1,15
30641,884,1,209
56609,299,1,338
26313,142,2,64.09999942779541
16575,722,1,55
17763,534,1,29.989999771118164
32087,301,1,35.58000183105469
54640,964,2,286.44999980926514
46150,785,1,53.989999771118164
49067,926,2,112.9900016784668
20680,141,1,140
90166,984,2,151.88000011444092
47501,661,1,79
16412,201,1,162.87999725341797
22031,474,1,13.020000457763672
70315,1190,1,24.989999771118164
24902,1073,1,38.400001525878906
30521,86,1,390.9900016784668
13541,481,1,47.950000762939446
88646,48,1,282
40531,161,1,24.46999931335449
829,3,1,54.989999771118164
88815,383,1,25
23382,1439,2,73.92000007629393
71666,556,2,824.2900161743164
17809,1133,1,35
22200,532,1,78.61000061035156
73017,54,1,19.989999771118164
78759,169,1,36
33438,37,1,48.9900016784668
87464,610,2,85.9799976348877
93083,4,1,148
84378,840,1,225.5
27819,413,1,14
88692,42,2,516.9900054931641
23428,134,1,8.989999771118164
68795,1354,1,29.989999771118164
82858,254,1,64.60000038146973
92914,96,1,225
67567,7,1,42.5
67444,1124,1,8
50249,318,1,19.950000762939453
13664,464,2,209
68918,641,1,14.550000190734863
3654,337,1,146.63999557495117
60259,227,1,69.98999786376953
91394,253,1,98
46196,6,1,223.98000526428223
92745,796,1,55.380001068115234
47670,862,1,34.95000076293945
81630,389,1,42
70392,38,2,76.35999965667725
59031,992,1,79.5
36309,103,1,78
97013,143,1,23.989999771118164
91855,525,1,60
6279,355,1,14.989999771118164
63468,309,1,64.94999694824219
80448,3,1,112.98999786376953
77531,24,1,17.989999771118164
27527,92,1,24
47839,260,1,68
19406,674,2,291.98999977111816
84670,218,1,34.95000076293945
73309,52,1,59.9900016784668
906,379,1,49.950000762939446
15230,227,1,19
33315,346,1,74.97000122070312
78513,436,1,158
70607,224,1,31.989999771118164
5343,1,1,46.94000053405762
99761,158,1,48
54809,214,1,125.37000274658205
43402,765,1,59.5
60720,1031,1,34.95000076293945
614,625,1,898
77285,3,2,453.3299865722656
40408,135,1,68
53581,80,2,62.96999931335449
61948,68,1,35.58000183105469
10793,498,1,7.610000133514403
98533,1044,1,125
96031,519,1,65.89999961853027
39472,130,1,24.989999771118164
67106,600,1,72
40700,517,1,31.5
65586,1,1,55
11729,533,1,84.95000076293945
32041,163,1,116.53999710083006
63176,185,1,53.94000053405762
83488,194,1,62.7400016784668
54517,340,1,20
18224,781,1,89.4900016784668
20388,285,1,158
9565,324,1,25
21862,72,2,134.9499969482422
44338,144,1,18.5
53043,1096,1,19.989999771118164
64404,303,1,149
41928,188,1,34.880001068115234
57972,560,1,123.97999954223633
99592,617,1,55
79695,1276,1,150
33853,631,1,140.23999786376953
11254,224,1,12
19744,306,1,125
18699,125,1,60.94000053405761
62194,5,1,84.25
70684,66,1,195
84793,1436,1,54.9900016784668
26714,157,4,471.310001373291
23797,99,1,13.199999809265137
95370,37,1,17
87710,1412,1,26.96999931335449
5466,222,1,128
35725,654,1,382.47999572753906
1765,135,1,12.609999656677246
47086,139,1,77.94000053405762
53750,693,1,24.950000762939453
1367,174,3,153.93999671936032
73953,418,1,39
13295,84,2,160.8499984741211
24656,367,1,130.5900001525879
90750,1436,1,8.539999961853027
22615,67,2,123.25000190734865
5297,56,1,69.5
81092,544,1,138
28709,197,1,9.869999885559082
5987,496,1,28
82735,665,1,99
59844,641,1,222.97000122070312
81261,190,1,14.989999771118164
67859,275,1,164.98999977111816
2718,545,1,54.4900016784668
81384,137,1,94.95000076293945
58662,1328,1,20
15874,83,1,206.38999938964844
14079,1116,1,9.880000114440918
22784,335,1,114.29999923706055
27006,110,1,81.9900016784668
46488,409,1,115.64999961853027
75290,3,1,57
28417,1758,1,8.989999771118164
43571,56,1,98
2947,84,1,115.5
71958,850,1,120
18101,295,1,6.989999771118164
80863,1343,1,8.9399995803833
88523,1,1,6.25
90289,156,1,52.540000915527344
58370,1721,1,34.97999954223633
84301,49,1,44.9900016784668
45337,648,1,72.93999695777893
31228,79,1,24
61487,547,1,4.989999771118164
42695,302,1,196.73999977111816
83319,728,1,118
19973,56,1,49.950000762939446
60597,7,1,35.97999954223633
92224,6,1,19.989999771118164
87833,455,1,99.48999786376953
75304,393,1,30.270000457763672
70976,242,1,97.0999984741211
27696,385,1,150.64000129699707
81845,626,1,89
59615,12,1,131.5800018310547
47209,1184,1,69.5
41221,321,1,149.94999694824216
4284,135,1,59
54056,417,2,82.9000015258789
85775,711,1,107
74706,1528,1,139
83611,1374,1,145.13999938964844
66293,187,1,27.46999931335449
34082,533,1,265
18685,1178,1,128.56999969482422
51892,726,1,53
19283,39,1,59.950000762939446
53458,943,1,29.950000762939453
1473,1051,1,29.989999771118164
98410,45,1,20
55622,23,1,241.29999542236328
64235,428,1,14.989999771118164
96246,335,1,60
41115,482,1,49.489999771118164
94972,498,1,60.9900016784668
31626,633,1,42
29462,202,2,103.5
8904,299,1,139.35000038146973
74414,62,1,195.97999954223633
45443,262,1,154.21000003814697
33100,5,1,66
85085,1132,1,551.2399997711182
19575,329,1,278
53166,1308,1,25.479999542236328
51002,553,1,24.989999771118164
1613,1105,2,222.5
19850,251,2,37.989999771118164
7447,1044,1,24
15937,263,1,129.9800033569336
69794,493,1,25
89691,1265,1,62
83857,1089,1,332.53000450134266
99177,76,1,88
23076,64,1,37.78999900817871
22861,1465,2,164.98999977111816
80846,12,1,14
90996,285,1,64.98000144958496
55161,272,1,98
54165,370,1,74
79635,5,1,10.289999961853027
37185,393,1,86
8752,142,1,75.47000122070312
58433,795,1,98
31042,7,1,14.949999809265137
1828,339,1,232.9900016784668
25469,656,1,23
79326,56,1,85.62999725341797
44109,114,2,84.96999931335449
65357,394,1,49.7599983215332
26774,1139,1,137.6999969482422
80800,323,1,12.989999771118164
97657,28,2,246.48999977111816
92038,33,1,83.94999694824217
63820,786,1,40
37139,699,1,109
41098,54,1,28
67046,343,1,25.989999771118164
89522,250,1,47
39578,144,2,185.16000080108643
62131,1026,1,46
85022,250,1,54.950000762939446
17102,21,1,48.88999938964844
31165,411,1,125
41576,233,1,314.4700002670288
73538,14,1,65
33086,1605,1,35.67999982833862
92207,7,1,130
60903,118,1,50.34999847412109
20328,32,1,52.5
18330,509,1,15
55685,596,1,55
50939,1400,1,53.75
67000,80,1,52
46857,586,2,78.95000076293945
73661,328,1,9.1899995803833
17056,752,1,16.43000030517578
13143,639,1,212.5
19635,57,1,52.9900016784668
21556,734,1,173.88999938964844
82320,237,1,54.989999771118164
308,267,1,244.8499984741211
2841,516,1,127.51000213623048
38350,295,1,88.80000305175781
99409,714,2,16.979999542236328
94786,349,1,29.989999771118164
7046,213,1,69.94999694824219
79466,160,1,255.2299976348877
29522,55,1,49
83425,258,1,39.9900016784668
68105,240,1,22.989999771118164
39824,1445,1,19.950000762939453
65294,228,1,313.9499969482422
32685,510,1,69.9800033569336
44046,169,1,44.5
7215,538,2,140.92000007629395
34560,117,1,65
18576,150,1,21.040000915527344
60657,37,2,356.43999671936035
31689,382,2,78
48669,386,1,11
72018,658,1,47.950000762939446
60030,411,1,54.89999961853028
90564,22,1,19.989999771118164
41530,304,2,105.95000076293945
25300,632,1,19.5
25546,869,1,7.949999809265136
38198,1473,1,81.63000059127808
85300,170,1,69.9399995803833
57328,106,1,29.989999771118164
86296,255,1,28
93575,18,1,19.989999771118164
4298,413,1,40
74935,160,1,89.08000183105469
75181,1407,1,75.62000274658203
84026,1538,1,29.989999771118164
36080,176,1,97.22000122070312
38244,153,1,283
11191,178,1,22.989999771118164
61550,1792,1,28
63714,916,1,75
90518,809,1,128.47000312805176
4699,1399,1,89.5
21324,9,1,69.94999694824219
51417,24,1,99.98999977111816
46794,412,1,16
9963,568,1,12
33959,943,2,144.98999977111816
50189,558,1,25
16060,56,1,190.75999450683594
76,1510,1,35.72999954223633
93913,608,1,86.94000244140625
55207,46,2,78.45000076293945
71437,15,1,98
86880,712,1,89.94999694824217
60076,328,1,39.79999923706056
48715,47,1,175.9699993133545
17534,37,1,5
77683,1104,1,42.9900016784668
24026,32,1,25
82552,679,1,134.45000076293945
61719,397,1,5.989999771118164
33332,404,2,52.9900016784668
65632,1378,1,60
55055,551,1,59.18999862670898
95845,609,1,34
98762,823,1,16.989999771118164
83963,427,1,92.4000015258789
12084,373,1,14.899999618530272
37554,386,1,25
1719,212,1,151.79000282287598
723,120,1,109
34849,140,1,62.44000053405762
69854,713,1,34.95000076293945
57497,749,1,224.99000549316406
91623,153,1,38
70163,534,1,20.989999771118164
80740,193,1,269
30796,7,1,16.3799991607666
77345,65,1,173.98999977111816
80050,1186,1,16.780000686645508
49127,193,1,34.95000076293945
892,30,1,203.0800018310547
9548,967,1,14
88706,520,1,10.449999809265137
26405,377,1,58
69685,804,1,19.950000762939453
12774,224,1,217.61000442504883
59967,51,1,34.54999923706055
33501,199,1,51.94000053405762
98593,838,2,385
19266,531,2,63.450000762939446
10853,65,1,150
3946,229,2,81
39993,746,1,277.8900146484375
10610,493,1,213
61888,567,1,29.989999771118164
87358,134,1,25
70544,904,1,750
15828,5,3,357.05999088287354
4467,9,1,257.8999996185303
40640,1785,1,59.5
6631,434,1,116.88000106811523
81215,736,1,64.94999694824219
72602,869,1,16
79051,283,1,28.989999771118164
94371,884,1,91.11999702453613
29937,178,1,36
77992,934,1,95
15307,413,1,71.48999977111816
61762,693,1,720
17471,14,1,24.96999931335449
21971,75,1,159
55270,499,1,115
84653,491,1,35
25884,860,1,51.9900016784668
83794,5,1,120
74597,194,1,25
72433,353,1,150
36555,148,1,51.14999961853027
4636,397,1,233.93999671936035
31858,198,1,186
71128,92,1,49
92270,306,1,60
64879,145,1,31.049999237060547
27836,479,1,59.56999969482422
63883,260,1,17.5
83010,973,1,16.239999771118164
89459,223,1,85
86127,9,2,288.48000144958496
93160,172,1,19.5
77471,15,1,46
25025,405,1,129
21387,207,1,128
67584,3,1,36.450000762939446
80909,815,1,14.989999771118164
79572,587,1,32.900001525878906
25715,898,1,144.89999771118164
76240,990,1,159
34975,1332,1,44.5
31274,104,1,15.5600004196167
19913,31,1,69.98999786376953
63193,1162,1,22
20909,30,1,91.89000129699707
42635,4,1,162.16000366210938
99346,1027,1,49
58971,393,1,176.38000011444092
5114,384,1,10.199999809265137
9442,384,1,119.98999786376952
3299,314,2,13.929999351501465
66737,165,1,43.39999961853028
95908,56,2,347.8999900817871
1135,84,1,10
80219,55,1,60.989999771118164
88875,415,2,82.87000274658203
93744,485,1,44
75934,326,1,148.94000244140625
3840,175,1,29.5
245,766,1,70
49774,1607,3,227.5
16475,15,1,25
51938,619,1,283
72496,15,1,28.450000762939453
76824,284,1,155.92999839782715
17165,13,2,277.9200019836426
49084,414,1,89.98999786376953
12296,297,1,25
21493,219,2,439.2899990081787
44215,357,1,40.72999954223633
28174,589,3,417.4900016784668
13850,247,1,16.989999771118164
65051,247,1,38
82031,87,1,49.950000762939446
84023,102,1,79.5
41573,5,1,176.56999969482422
16767,63,1,36.119998931884766
88955,550,1,79.98999786376953
86299,475,1,15.949999809265137
428,247,1,25
23242,941,1,55
57202,65,1,49.79999923706056
8918,473,1,36.989999771118164
38871,1129,1,74.5
55851,631,1,99.98999786376952
67753,3,1,11.079999923706056
93392,21,1,25
44444,88,1,64.98999786376953
22555,654,1,218
94743,137,1,64.98999786376953
72144,198,1,68.48999977111816
71480,19,1,35.8799991607666
74013,1214,1,25
88337,199,1,311.9799995422363
51414,1109,1,13
49422,235,1,144.99000549316406
55164,1090,1,49.9900016784668
7444,151,2,262.98999881744385
98842,937,2,33.94999980926514
84856,147,1,33.970001220703125
52811,497,1,383
10438,395,1,124.08000183105469
9797,400,1,32.9900016784668
86084,1660,1,26.57999992370605
17623,128,1,201.4200038909912
29648,727,1,67.98999977111816
66233,1427,1,99
75061,46,1,167.95000076293945
88414,894,1,554.5
18287,46,1,162.5799980163574
77594,722,1,97.3000030517578
53767,158,2,204.95000076293945
98301,801,1,58.49000072479248
42114,403,1,12
31045,273,1,20.950000762939453
76074,412,1,131
84902,222,1,90
20325,426,1,75
86376,441,2,657.0200052261353
75015,344,1,17.6200008392334
54285,1042,1,64.94999694824219
52293,9,1,177.80999565124512
51752,699,1,79.98000144958496
81029,9,2,30.19999885559082
15765,493,1,148
36077,337,1,60
19097,172,1,206.55000114440918
29187,6,1,39.5
5924,81,1,32
43511,144,1,35
52001,1071,1,10.5
40345,286,1,34.9900016784668
59827,285,1,33
61842,347,1,83.36000061035155
61347,874,1,13.600000381469728
84315,7,1,58.9900016784668
78573,757,1,39.9900016784668
36956,313,1,145.6800022125244
98888,262,1,109.98999786376952
33624,1658,1,24
49940,705,1,66
95971,1070,1,58.459999084472656
30707,1115,1,89.5
43262,241,1,18.130000114440918
77886,1087,1,29.8799991607666
51955,338,1,190
79509,39,1,225.75
93956,232,1,105.1500015258789
44736,887,1,73.19999694824217
2286,274,1,13
4450,3,1,29.950000762939453
50481,98,1,39.9900016784668
71729,207,1,25
83090,166,1,69.5
79555,972,1,37.84000015258789
1307,455,2,251.97000122070312
17285,57,1,16.309999465942383
12127,747,1,15
88752,76,1,19.989999771118164
93910,2,2,298
82549,519,1,99
1994,6,1,65.9900016784668
2240,95,1,41.9900016784668
81570,411,1,33
24716,123,1,115
38533,782,1,7.130000114440918
15811,19,1,20
48271,6,1,25
81075,73,1,248.88999938964844
14829,21,1,99.98999786376952
69519,368,1,41.9900016784668
59781,3,2,160.01000118255615
60322,428,1,235.48999786376953
23534,648,1,32
71683,443,1,109
48961,386,1,27
71142,30,1,79
71039,49,2,522.6100006103516
65466,196,2,243.4099998474121
36415,26,1,60.950000762939446
17182,897,1,37.43999862670898
90272,144,1,47.97999954223633
99947,78,1,109.46000099182129
59489,1409,2,229.98000526428223
83797,505,1,187.6000061035156
42509,431,1,98
889,263,1,20
1579,788,1,104.5
36203,1166,1,25.979999542236328
73077,178,1,100
39120,73,1,15
67338,507,1,215.0600004196167
80737,326,1,36.38999938964844
44859,211,1,110
29797,126,1,59
98716,481,1,33.95000076293945
42867,364,1,62.820000648498535
34729,32,1,22.5
86714,254,1,30.450000762939453
94325,104,1,169.68999862670898
62406,169,1,306.5900058746338
34188,3,1,49.5
43385,164,1,16.989999771118164
49791,44,1,15
26528,100,1,49.5
51045,1246,1,49.5
15167,179,1,68.6500015258789
98075,273,1,85
46090,204,1,33
7859,279,2,154.770001411438
63880,299,1,89.9900016784668
95848,212,1,78.75
5280,1417,1,157
93684,984,1,68.12999725341797
53060,3,1,56.97999954223633
87020,1087,1,24.989999771118164
64633,1275,1,223.8800048828125
41991,1169,1,21.93000030517578
16000,22,2,170.42000198364258
71895,299,1,20.989999771118164
74600,339,1,55.970001220703125
85881,471,1,181
97242,217,1,8.989999771118164
20451,56,1,10.960000038146973
40468,633,1,8
8151,937,1,22
30630,12,1,11.989999771118164
20053,318,1,24
18038,423,1,29
11374,879,1,25
13,1663,1,129.48999786376953
554,485,1,74.98999977111816
38994,243,1,32
26757,43,1,102.95999908447266
35662,183,1,691.980001449585
83946,110,1,27.950000762939453
22678,143,1,47.59999847412109
64713,1069,1,89.98999786376953
13773,514,1,11.909999847412108
77697,1194,1,59.9900016784668
61381,24,1,20.989999771118164
62698,669,1,359.9800033569336
6385,483,1,12.989999771118164
1430,131,2,175
82629,35,1,120.98999786376952
14414,1447,1,54.5
85961,28,1,90.98999786376952
4762,1402,1,98.48999977111816
78158,675,1,23.65999984741211
87647,115,1,25
95556,957,1,98
47023,224,1,213.9800033569336
27633,387,1,110.62999725341795
82964,201,1,9.90999984741211
58619,607,1,12
80173,9,1,89.98999786376953
45549,537,1,52.5
83505,26,1,36.9900016784668
49479,1465,1,49.83000183105469
72293,1205,1,120.96000289916992
55728,7,2,36
88188,776,1,119
92516,12,1,41.97999954223633
38659,295,1,377.1400032043457
47564,255,1,221.8000030517578
79924,328,2,90.61999750137329
71268,90,2,55.690001487731934
55579,549,1,89.94999694824217
94082,334,1,44
66940,386,2,46.95000076293945
14955,56,1,184.4499969482422
70727,102,1,90.94000244140625
69104,1513,1,91.54000091552736
59907,91,1,19.989999771118164
36644,432,1,15.949999809265137
15396,514,1,74.98999786376953
2904,1285,1,13.989999771118164
45692,114,1,24.989999771118164
22970,15,1,28.899999618530273
50020,949,1,7.980000019073486
27298,126,1,32.349998474121094
23903,947,1,313.4399948120117
37969,12,1,134.7400016784668
35805,235,1,141.77000045776367
28772,4,1,84.9900016784668
35264,312,1,110.4900016784668
83193,201,1,22.989999771118164
86110,165,1,136.07999420166016
13020,716,1,31
9107,302,1,22.950000762939453
28340,374,1,98
66877,811,1,168.4900016784668
21510,424,1,85
14016,126,1,93.9900016784668
65881,98,1,42.380001068115234
58032,826,1,87
73352,635,1,80.9000015258789
99486,278,1,85.9900016784668
57036,689,2,437.5
30355,57,1,12.989999771118164
5217,296,1,198
56040,427,1,87.94000053405762
16578,496,1,131.70000076293945
32871,423,1,123.9900016784668
52104,861,2,127.5
65002,171,1,200
96475,412,1,25
10149,555,1,33
63010,220,1,89
14540,667,1,54.900001525878906
41762,543,1,25
59074,134,2,256.39000701904297
64484,1608,1,74.9900016784668
32393,114,1,268.3300018310547
15536,936,1,53.900001525878906
94099,558,1,179.91000366210938
54975,1117,1,60
9608,18,2,97.98999977111816
3697,869,1,188.3000030517578
86250,612,1,99.98999786376952
29814,258,1,20
24945,217,1,13.600000381469728
11623,708,1,38.9900016784668
33773,60,2,265.4000015258789
87584,1327,1,22.989999771118164
9625,1527,1,208.9900016784668
18994,271,1,32.9900016784668
84258,930,1,129
83717,385,1,67.65999984741211
66336,301,1,29.989999771118164
46193,366,1,191.93999862670898
56990,298,1,283.50999641418457
93040,301,2,117.92999839782715
72310,577,1,148
22366,155,1,49.950000762939446
11005,34,1,98
95573,461,1,50
23840,224,1,401.45000076293945
11686,358,1,8
83780,1031,1,88.94999694824217
68875,114,1,49.829999923706055
16014,346,2,79.1800012588501
88689,191,1,223
24859,552,2,63.739999771118164
62532,72,1,32.560001373291016
86791,531,1,59.5
66860,430,1,37.950000762939446
39183,884,1,10.699999809265137
1596,1445,1,19.9399995803833
93621,11,1,15.989999771118164
19558,295,1,10.989999771118164
74826,4,1,44
42280,658,1,29.989999771118164
45612,603,1,70.68000030517578
5234,912,1,159
17637,202,2,46.78999900817871
46608,31,1,33.9900016784668
20969,657,1,41.9900016784668
25360,182,1,199
21573,232,3,89.79000091552734
24364,532,1,75
2638,453,1,9.989999771118164
34746,27,1,25
45566,440,1,26
63465,927,1,127.9499969482422
99423,1322,1,263
91746,162,2,113.98999786376953
73893,357,1,52
93080,476,1,196
85254,782,1,4.579999923706056
663,92,1,52.450000762939446
77242,1156,1,67
58848,272,1,17.950000762939453
65340,482,1,274.98999786376953
99964,37,1,95.98999786376952
83239,760,1,33
88649,1143,1,36
90226,39,1,32
4991,682,1,172
26239,166,2,76.48999977111816
37600,129,2,150.92999839782715
33272,563,1,102.9900016784668
32731,1404,1,45
55994,107,1,55
62486,106,1,195.98999786376953
77869,1138,1,171
22091,1347,1,84.94999694824217
5775,668,1,46.9900016784668
69213,188,1,18.75
82612,203,1,42.9900016784668
16352,67,2,58.7400016784668
25008,548,1,101
32668,459,1,42.9900016784668
29751,561,1,15.18000030517578
85529,24,1,75.98999977111816
12439,514,1,903
70020,179,1,39.9900016784668
84627,196,1,25
42343,210,2,98.9799976348877
27023,1106,1,42.49000000953674
90461,328,1,11.989999771118164
32456,300,1,218
60674,785,1,29.989999771118164
6817,875,1,99.98999786376952
28065,95,3,272.95000076293945
8503,847,1,59
27524,257,1,283.55999755859375
2552,654,1,89.98999786376953
36721,106,1,35.97999954223633
98427,20,2,97.95000076293945
94514,1613,1,49.93999862670898
96678,528,1,22.100000381469727
51477,157,1,121.47999763488768
79217,73,1,29.100000381469727
98576,331,2,196
81922,27,1,24.989999771118164
22781,107,1,14.899999618530272
5469,365,1,55
95722,403,1,69
75164,623,1,109.9499969482422
71251,30,1,36
66751,613,1,68
89230,89,2,136.94000148773193
66508,846,1,46.220001220703125
94663,37,1,23.15999984741211
90704,48,1,204.11999702453613
97368,43,1,82.95000076293945
83843,841,1,145
87999,1608,2,129.9799976348877
63113,170,2,195.08999824523926
59326,617,1,64.48999977111816
82048,1479,1,99.97000122070312
76638,571,2,158.8900032043457
65818,421,1,22.989999771118164
45260,536,2,33.05000019073486
79343,549,2,269.9799976348877
88540,329,1,64
72788,84,1,161
65128,793,1,26.770000457763672
11271,994,1,55
15599,591,1,15.949999809265137
21848,655,2,91.48999977111816
23259,580,1,424.47999000549316
31915,720,1,48.29999923706056
19927,508,1,120
48208,122,1,139.9499969482422
41175,52,2,239.17000198364258
39552,2,1,84.79999923706056
55868,631,1,101.63000011444092
40179,1391,1,1104.8899841308594
48835,924,1,387.3199939727783
13584,924,1,29.989999771118164
2223,296,1,51.989999771118164
51540,60,1,206.01000213623047
25964,47,1,411.9700012207031
8566,727,1,146.47999954223633
11898,379,1,29.950000762939453
43276,4,1,15
1384,145,1,31.950000762939453
18241,185,1,25
41653,487,1,21.399999618530273
9193,70,1,182
43574,795,1,99.40999984741211
37325,3,1,85
4865,1509,1,136
35161,498,1,42.9900016784668
60886,851,1,39.97999954223633
26113,1413,1,60.95000076293945
28818,1438,1,55.96999931335449
22326,1595,1,14.899999618530272
35310,968,1,44.9900016784668
67229,124,1,381.94000244140625
21785,51,1,47
28277,85,1,12.989999771118164
17457,296,1,101.9900016784668
86070,531,1,78
61427,81,1,125.51000022888184
92805,375,1,61.989999771118164
57099,1143,1,163.07000160217285
43033,49,1,70
40869,74,1,219.9900054931641
66986,34,2,79.65999984741211
64281,65,1,98
68609,1135,2,154.8899984359741
84298,122,1,148.5
91872,166,1,36
87544,55,1,50
72937,383,1,49.9900016784668
71314,1431,1,121.78999900817871
76183,2,3,146.48000144958496
69150,842,1,70.66000080108643
82675,16,1,84.98999786376953
82134,1014,1,69.98999786376953
95659,129,1,64
78347,178,1,42
65383,152,1,13.5600004196167
17099,509,1,27
46814,348,2,139.95999908447266
4364,683,1,9.989999771118164
32751,87,1,71.06999969482422
119,717,1,69.94999694824219
92181,95,1,36
42569,274,1,115.46999740600585
87936,968,1,59.450000762939446
25566,1320,1,30
24238,88,1,21.989999771118164
86631,5,1,74
63817,118,1,11.859999656677246
99320,1109,1,64.94999694824219
56870,91,1,137.61000061035156
8586,458,1,229
37019,512,1,12
89502,339,1,25
45440,613,1,23.229999542236328
55519,1203,1,58.329999923706055
39698,1123,1,164.99000549316406
17145,292,1,130
1470,230,1,133.97999954223633
41049,471,1,78
83714,25,1,107.09999847412108
18450,4,1,149.9499969482422
36827,582,1,44.9900016784668
13023,171,1,29.950000762939453
49562,324,1,49
72453,1447,1,15.989999771118164
82194,294,1,8.489999771118164
89356,289,1,39.97999954223633
288,137,1,35.95000076293945
38493,160,1,112.75
66903,149,1,24
61069,3,2,80.48999977111816
68108,200,1,294.7900085449219
15625,1174,1,326
79592,774,2,97.10999965667725
80989,138,1,7.949999809265136
35622,1370,1,89.98999786376953
59426,89,1,115
36873,21,1,35
14228,56,1,27.989999771118164
26794,267,1,30
92227,434,1,87.98999977111816
14374,843,1,8.489999771118164
4464,680,1,17
24407,33,2,111
38178,862,1,159.45999908447266
2890,120,1,30.270000457763672
15702,1167,1,201.6700029373169
63717,796,1,216.94000244140625
46737,930,1,381.6499938964844
23923,1027,1,277.9800033569336
11188,247,1,108
20093,62,1,64.98999786376953
70856,517,1,135
62151,76,1,89.43000030517578
2721,940,1,163
80674,734,1,179.98999977111816
92496,1818,1,199.9499969482422
41341,558,2,28.989999771118164
24361,352,1,96.61999988555908
18373,350,1,58
97654,40,1,25
67985,47,1,26.989999771118164
5984,60,1,78
62589,315,1,89.94999694824217
49608,179,1,22.989999771118164
45609,397,1,66.5
16063,1114,1,40
98138,117,1,32.9900016784668
32874,620,1,67.94999694824219
45217,1726,1,73.1500015258789
77972,285,1,39.5
50000,265,1,39.9900016784668
82509,720,1,34
2675,18,1,31.5
66857,169,1,25
83591,467,1,11.989999771118164
28360,5,1,17.5
76890,180,1,149
11380,1785,1,25
88105,469,3,323.2599992752075
96180,970,1,45
62635,866,1,8.949999809265137
75370,81,1,29
32482,292,2,141.81000232696533
41095,118,1,26.989999771118164
76598,1058,1,39.9900016784668
74932,186,3,386
83883,1357,1,59.9900016784668
72768,95,1,50
23777,36,1,210.98999977111816
96572,468,1,30
98238,612,1,36
62735,177,1,49.9900016784668
42423,659,1,181.49000549316406
64899,113,1,8.989999771118164
20139,313,2,103.52999877929688
42861,64,1,89.98999786376953
52602,354,1,3.990000009536743
73,11,1,52
43943,507,1,39.9900016784668
41387,1583,1,42
86585,627,1,244.19999885559082
66273,209,1,59.5
7550,681,1,50
96618,498,1,24.989999771118164
97700,964,1,17.989999771118164
63863,1231,1,55
32436,1715,1,28.989999771118164
96011,546,1,89.98999786376953
89940,8,1,52
21759,46,2,353.8799991607666
41656,1313,1,352.9900016784668
28921,20,1,166.61000061035156
57806,183,1,55
50169,175,3,233.68000030517578
36060,76,2,286.98999977111816
65821,325,1,7.96999979019165
36558,977,2,174.98999977111816
9545,635,1,15.989999771118164
68692,75,1,312.239990234375
75639,336,1,81
10590,820,1,100.5
82801,399,1,64.98999977111816
86147,245,1,49.950000762939446
30464,33,1,91.16000366210936
40780,1,1,116.97000122070312
18058,259,1,135.47999954223633
97385,867,1,54.97999954223633
89064,46,1,20.989999771118164
50690,151,1,99
30793,1031,1,14.989999771118164
63425,1048,1,59.9900016784668
36389,25,1,12
81427,809,1,94.95000076293945
92665,620,1,33.43000030517578
84673,172,2,332.5
19532,974,1,42.950000762939446
33143,6,1,69.98999786376953
92765,449,2,160.95000076293945
54560,937,1,179.5
49485,507,1,140
87192,1055,1,37
91099,506,1,32.17000007629395
80451,8,1,155.5
70372,309,1,35
3282,15,1,18
13936,152,1,61.44999980926514
33312,627,2,82.65000009536743
49124,298,1,29.5
94537,113,1,216.67999649047852
39429,386,1,11.899999618530272
6797,624,1,149.9499969482422
35868,1359,1,35
15310,380,1,158
45778,338,1,74
99804,216,2,60.989999771118164
12064,731,1,42.9900016784668
57431,77,1,6.920000076293944
37955,519,1,82.9900016784668
44696,120,1,99.98999977111816
78556,216,1,154.43000030517578
46047,1267,1,402.5999984741211
69851,164,1,59.5
80720,452,1,25
23325,80,1,77
3382,26,1,169.9499969482422
21682,384,1,32.900001525878906
93847,106,1,20.989999771118164
9445,106,1,25
79369,207,1,27.93000030517578
72207,1083,1,29
69290,768,1,22.729999542236328
93455,296,1,28.81999969482421
26402,1885,1,70
77803,39,1,172
92994,815,1,87.6599988937378
3551,293,1,59.9900016784668
14059,462,2,84.20000076293945
3743,657,1,156
37534,450,1,29.96999931335449
50269,104,1,11.130000114440918
8071,151,1,25
86900,31,1,52.25
74663,283,1,80.48999977111816
12977,4,1,94.75000190734863
49877,229,2,269.5
71517,54,2,85.57999992370605
16286,210,1,69
35307,593,1,29.979999542236328
13667,16,1,20
9339,786,1,62.989999771118164
87292,206,1,108.37999725341797
8363,611,1,99.94999694824216
55473,801,1,11.989999771118164
55971,164,1,244.8999977111816
33833,92,1,74
40574,5,1,22.540000915527344
64378,399,1,79
32267,418,1,157.5
49087,1124,1,49.950000762939446
85234,549,1,15
97969,689,1,76.63000011444092
84152,1120,1,106.48999977111816
75247,1005,1,27.950000762939453
60348,848,1,22.989999771118164
94331,211,1,26.979999542236328
43428,459,1,39.9900016784668
95413,185,1,114.75999927520752
7673,140,2,79.85000038146973
10919,6,2,267.4900016784668
34723,1669,1,80
88872,97,1,137.9499969482422
65068,431,1,181.5300006866455
46316,6,1,34.72999954223633
95928,407,1,63.989999771118164
63296,276,1,12.229999542236328
50561,243,1,64.98999786376953
13684,161,1,14
42048,1537,1,25
37849,659,1,19.540000915527344
74680,1280,2,114.9900016784668
7756,791,1,40
25068,447,1,34.9900016784668
39177,27,1,199.96999549865723
96947,295,1,59.5
12379,218,1,79.98000144958496
40388,458,1,11.989999771118164
3488,14,2,123.19000053405762
3820,432,1,55
84736,256,1,382.8799991607666
95974,1349,1,79.9900016784668
10481,425,1,29.989999771118164
43113,858,1,29.989999771118164
14872,135,2,244.5
80345,136,1,79.5
49041,567,1,19.88999938964844
74726,136,1,155
97448,984,1,23.049999237060547
24928,1406,2,134.45999908447266
19094,525,1,59.9900016784668
51726,283,1,330.68999671936035
10936,6,1,48.970001220703125
48732,1668,1,166
42240,346,1,39.950000762939446
58905,122,1,49
27484,1058,1,93.74999809265137
61444,491,2,54.489999771118164
44796,245,1,97.9000015258789
60116,44,1,52
92748,725,1,108.9900016784668
16146,105,2,232.18000030517578
16392,85,1,46.959999084472656
66090,57,1,178
95473,55,1,68
6236,23,1,146.97000122070312
33627,6,1,48
85563,174,1,25
61590,859,1,54.950000762939446
77474,169,1,52.94000053405762
12210,131,1,61
43760,195,1,40
34932,159,1,15.989999771118164
13538,774,1,83.76000213623048
59970,1589,1,150.39999961853027
36575,126,1,78.20999717712402
75954,297,2,66.32999897003175
80199,3,1,248.95000076293945
40405,171,1,10
62887,229,1,47.45000076293945
33564,536,1,199
31560,1202,1,11.619999885559082
81172,120,1,39.989999771118164
40511,580,1,44.99000072479248
15373,143,1,64.98999786376953
61653,711,1,24.950000762939453
38722,895,2,139.4000015258789
1891,830,1,68
12316,374,2,287.4600028991699
4902,411,1,148
87229,156,1,161.70999908447266
82901,1089,1,233.95000076293945
94892,1144,1,19.989999771118164
63279,1091,1,155.89000034332275
15954,1380,1,30.989999771118164
40557,54,1,25
8380,1094,1,24
33266,279,1,13.989999771118164
58951,357,1,39.9900016784668
97010,1720,1,25
79698,1151,1,34
45815,249,1,912.9899978637695
80783,233,1,43.950000762939446
44587,652,1,64.9000015258789
46253,1355,1,18.14999961853028
40259,271,1,89.5
809,907,1,110
34646,68,1,7.949999809265136
67501,1671,1,330.99000549316406
44779,411,1,45.01999855041504
63173,1402,1,236.57000350952148
99864,51,1,127.98999786376952
763,731,1,19.989999771118164
23485,527,1,61.5
88749,883,1,89.94999694824217
77142,197,1,44.5
60617,298,1,44.9900016784668
18075,109,1,12.989999771118164
93372,1366,1,54.89000129699707
84421,33,1,85
79529,3,1,24.989999771118164
53561,1029,1,54.450000762939446
78035,248,1,144.4000015258789
24676,568,1,29
56976,313,1,36
54059,140,1,36
99758,1532,1,54.9900016784668
85672,295,1,60
43505,138,1,95.4900016784668
74809,8,1,86.25
17537,223,1,78
75307,5,1,44.959999084472656
68360,461,2,139.38999938964844
52542,204,1,52.950000762939446
85174,153,1,33.75
92811,702,1,49.950000762939446
2907,112,3,133.35000038146973
21473,41,1,89.98999786376953
31792,72,1,79.98999786376953
90392,21,1,206.39999961853027
10544,35,1,49.97999954223633
32811,686,1,8.5600004196167
63734,226,1,21.989999771118164
95038,70,1,44.9900016784668
14766,49,1,37.9900016784668
68125,320,1,26.600000381469727
27922,69,2,322.4400005340576
96512,416,1,24.90999984741211
19764,367,1,56
45234,34,2,118.48999977111816
24845,325,1,126
76781,1139,1,158
47398,995,1,518.6700134277344
83445,824,1,90.68000030517578
12602,71,1,31.89999961853028
95865,492,1,99.98999786376952
81756,23,1,126.94000053405762
32642,216,2,54.989999771118164
88420,183,1,224.5
680,194,1,17.5
26648,218,1,164.77999877929688
6674,1366,1,39.9900016784668
26150,383,1,133.97999954223633
75264,1280,1,49.5
182,859,1,148.5
52585,1568,1,20
55788,665,1,49.5
96386,675,1,16.989999771118164
72582,1295,1,149.99000549316406
57262,418,1,243.4900026321411
73833,471,3,1212.3999977111816
90063,27,1,45
87730,35,2,169.11000061035156
63926,214,1,29.989999771118164
67172,945,1,61.950000762939446
31294,972,1,10
96555,261,1,75.9900016784668
36704,1,1,59.5
72751,791,1,48
70418,926,1,19.989999771118164
13292,313,1,133
42678,3,1,119.6999969482422
68646,493,1,36
45924,23,1,68.87999725341797
48088,741,2,143.93999671936035
74056,481,1,26.450000762939453
66482,249,1,16
77863,48,2,82.48999977111816
77365,907,1,189
73535,121,2,51.98000144958496
25927,151,1,21.989999771118164
5698,82,1,140
51895,3,2,149.98999786376953
47069,699,1,40.59999847412109
23010,9,1,23.989999771118164
34085,71,1,55.59999847412109
90455,296,2,149.48999691009521
51503,154,1,88
4381,321,1,41.880001068115234
94783,1191,1,69
23402,360,1,51.869998931884766
91666,46,1,39.989999771118164
68317,331,1,17.950000762939453
76973,221,1,194
94285,260,1,148.5
87338,1485,1,148
6090,224,1,159.98000144958496
70916,1050,1,15.989999771118164
48194,279,1,152.19000244140625
29957,170,1,129.97999954223633
89565,192,1,39.5
8317,1705,1,59
66588,411,1,435.28999757766724
9399,31,1,62
93893,481,2,291.40000009536743
43866,1363,1,118.5
33893,16,1,25
9007,475,1,169.81000137329102
23700,1634,2,459.4400100708008
3597,1330,1,41.38999938964844
44258,9,1,10.989999771118164
22618,72,1,385
48586,367,1,198
41012,649,1,12.75
33003,153,2,127.4900016784668
90690,1207,1,18
48151,404,1,720
74119,811,1,3.5999999046325684
7129,217,1,38
91039,683,1,24
99695,1415,1,24
9293,138,1,54.9900016784668
11457,3,1,41.9900016784668
69399,184,1,225.48999905586243
37033,154,1,25
27295,205,1,48
4573,765,1,162.54999923706055
30541,418,1,44.9900016784668
58281,1255,1,30
31231,49,2,94
52871,104,1,31.979999542236328
53953,1484,1,25
55035,36,1,169.9499969482422
49625,311,1,32.9900016784668
27985,301,1,19.989999771118164
50707,610,1,92.4000015258789
26903,257,1,168.97999572753906
9605,705,1,36.9900016784668
54972,1320,1,149.9300022125244
4696,178,1,20.3799991607666
55659,55,2,119.38000106811523
96117,24,1,40.220001220703125
58530,1700,1,49.950000762939446
56538,55,1,31.950000762939453
66356,14,1,29.989999771118164
33724,682,1,58.950000762939446
89642,203,1,124.5
1825,335,3,229.93999862670898
45108,1521,3,179.92999839782715
55018,212,1,148.54000091552734
87650,562,1,9.8100004196167
28815,11,1,41.9900016784668
73349,7,1,12.989999771118164
56492,408,1,66
11171,4,1,129.99000549316406
99034,510,1,523.9499969482422
40717,49,1,108.5
95599,803,1,248
44321,371,1,23.989999771118164
8772,73,2,199.9800033569336
84779,2,1,26
86771,801,1,22.780000686645508
19515,621,1,15.050000190734863
43757,1538,1,79.98999786376953
84215,75,1,99.98999786376952
84092,41,1,47
18951,163,1,34
73395,4,1,58.33000183105469
21822,762,1,64.98999786376953
11125,699,1,35
74915,1369,1,299
97637,101,1,20.950000762939453
97468,196,1,94.98999786376952
54185,678,1,80.94999694824217
21553,73,1,29.989999771118164
41596,91,1,68.75
74351,349,1,13.649999618530272
10169,521,1,82.98999786376953
20989,337,1,45
74228,82,1,98
52416,413,1,248.4900016784668
41719,241,1,80
7690,1770,1,130.98999786376953
9528,132,2,147.87999725341797
51065,185,1,22
15516,202,1,38.9900016784668
1702,197,1,22.39999961853028
88606,928,1,39.9900016784668
31168,15,1,146.9900016784668
15078,387,1,25
20033,373,1,212.43000030517578
29379,8,1,239.9900054931641
44198,421,1,150
53936,355,2,91.84999656677246
16644,706,1,19.989999771118164
28297,1374,1,61.59000015258789
574,66,2,57.329999923706055
38284,100,1,296.6699981689453
66920,11,2,89.89000129699707
28546,674,1,205.88999938964844
2343,491,1,164.66000175476074
49545,274,1,39
97952,44,1,4.849999904632568
7003,961,1,23.989999771118164
17036,68,1,124.93999862670898
50627,45,1,39.450000762939446
85251,167,1,243.5
62529,146,2,304.9600067138672
70793,752,1,67.94999694824219
16598,384,1,69.94999694824219
59973,1514,1,191.9199981689453
89688,374,1,54.459999084472656
5529,159,2,199.7300033569336
81613,77,1,48
13604,385,1,150
78868,1156,1,58
36810,1042,1,32.97999954223633
26777,144,3,153
82254,553,1,20.93000030517578
3176,3,1,192.92999267578125
92244,482,1,12.989999771118164
55456,424,1,15.600000381469728
36372,87,1,34
46110,49,1,99.98999786376952
68832,990,2,64.4900016784668
59094,529,1,209.93000411987305
35290,3,1,17.979999542236328
37205,11,1,18.950000762939453
46943,652,1,25.989999771118164
61009,16,1,65
70747,848,1,17.049999237060547
23388,557,1,24
24470,1058,1,25
80388,83,1,315.5500087738037
48666,187,1,186
58453,608,1,208.47000122070312
24862,820,1,42
79306,485,1,33.9900016784668
69273,1589,1,143.47000122070312
91208,107,1,38.7400016784668
81175,1643,1,285.85999870300293
74620,302,1,217.3199977874756
17680,86,1,38
1530,78,1,106.9000015258789
12771,68,1,49.9900016784668
65964,474,1,27.989999771118164
4447,469,2,447.39999771118164
28423,90,1,18.590000152587887
50312,510,1,18
53372,152,2,83.94000172615051
84295,4,1,130
12914,711,1,13
77348,146,1,164.3400058746338
34019,888,1,89.98999786376953
4258,4,1,24.989999771118164
35370,187,1,42.9900016784668
23468,278,1,21.950000762939453
34852,188,2,298.09000062942505
43508,1271,1,59.9900016784668
55410,724,1,28
97342,134,1,125
77866,137,1,138
73787,84,1,126.97999763488768
82615,655,1,79.98999786376953
75951,147,1,44
45921,1669,1,30.920000076293945
71231,335,1,11
54577,175,1,140.3700008392334
97906,1153,1,30.920000076293945
86379,535,1,63
74102,946,1,125
19953,580,1,20.989999771118164
11297,987,1,41.46999931335449
30773,383,1,29.989999771118164
66087,1170,1,324.95000076293945
31463,349,1,114.9900016784668
32545,754,1,471.68999671936035
67169,437,1,23
77989,255,1,15.989999771118164
93312,45,1,54.9900016784668
45357,48,1,56
22635,50,1,59.5
54703,1710,1,92.4000015258789
85171,3,1,74.33999633789062
31981,4,1,29.5
98032,121,1,59.9900016784668
63359,162,2,105.64000225067139
87335,991,1,12.989999771118164
95991,581,1,17.950000762939453
40637,43,1,86.5
73146,310,1,25
99114,1341,1,55.4900016784668
88417,189,1,38
83966,63,1,68
52539,492,1,83.4900016784668
39492,309,1,202.45000076293945
96681,74,1,72.5
83697,92,1,84.94000244140625
89768,73,1,44.950000762939446
85440,55,1,71.95999908447266
35164,749,1,29.989999771118164
48148,650,1,106.48999977111816
26508,1,1,29.979999542236328
60491,65,2,119.9900016784668
73475,320,1,32.900001525878906
91334,473,1,29.989999771118164
87006,745,1,166.16000366210938
13916,910,1,69.5
20863,329,1,29.8799991607666
18387,162,1,45
20222,298,1,268.3200054168701
34288,660,1,147.95000076293945
4570,306,1,32
5652,164,1,127.93000030517578
3929,1153,1,9.989999771118164
11958,581,1,42.9900016784668
39635,194,1,48
16913,585,1,38
27341,148,1,75.76000213623047
27590,1233,1,61.5
35997,224,1,105
14606,3,1,139.9499969482422
23262,579,1,11.079999923706056
62214,1189,1,115
12442,176,1,282.939998626709
448,42,1,10.5
51394,337,1,75
36638,537,2,213.10000038146973
72393,291,1,13.25
81049,307,1,44.9900016784668
4178,1522,1,10
38802,820,1,351.5800018310547
94033,119,2,218.39000129699707
48589,6,1,24.989999771118164
90252,1082,1,44.950000762939446
92559,727,1,35
80657,949,1,117.69999980926514
79824,472,1,105
67922,136,1,86
68755,216,1,163.8000030517578
80906,423,1,49.930000305175774
89562,6,1,299.95001220703125
82821,470,1,25
93249,38,2,81
45592,601,1,375
80216,385,1,21.989999771118164
91085,816,1,88.34999656677245
82380,66,1,230.17999267578125
56412,212,1,34.650001525878906
21178,326,1,59.9900016784668
48901,1204,1,24.950000762939453
58719,65,1,103.12999725341795
91351,203,1,293.3299865722656
87461,1075,1,59.9900016784668
14371,396,2,414.98000144958496
47882,735,1,14.699999809265137
32562,225,1,63.40999889373779
97826,57,1,121.9900016784668
64175,10,2,89.97000122070312
48855,673,1,69.94999694824219
63674,158,1,9.949999809265137
76077,197,1,20.950000762939453
96306,1477,1,77.88000106811523
14231,253,1,46.5
87415,66,3,345.48000144958496
13212,77,1,59.9900016784668
80013,107,1,159.9499969482422
63156,884,1,159.9499969482422
14749,550,1,12.109999656677246
57746,44,1,25
43491,762,1,49.9900016784668
12851,335,1,250
27607,617,1,39.9900016784668
67610,328,1,254.26000213623047
84922,1474,1,247.88000106811523
92871,945,1,125
6405,20,1,16.5
29127,706,2,178.23999977111816
30209,696,1,74
12897,544,1,12
27653,414,1,89.94999694824217
33063,3,1,65
431,398,3,469.38998794555664
50375,165,1,31.989999771118164
56867,339,1,50
12333,287,1,86.5
17743,2,1,179.90000343322754
97843,192,2,541.3500022888184
11769,1226,1,9.989999771118164
7441,6,2,144.74000549316406
94345,284,1,63.950000762939446
97262,3,1,28.81999969482421
14686,183,1,55.11000061035156
93953,18,1,14.399999618530272
10750,111,3,178.48000144958496
84467,1160,1,64.94999694824219
66528,1083,1,130
54374,49,1,41.609999656677246
98281,258,1,53.989999771118164
55347,6,1,27.450000762939453
59675,19,1,12.989999771118164
75576,1023,1,27.950000762939453
36953,95,1,85
97889,427,1,54.97999954223633
70166,1590,1,21
57182,827,1,110
62592,157,1,33.9900016784668
52854,1139,1,58.94000053405761
54328,633,1,36.97999954223633
35934,1460,1,8
58656,1160,1,30.950000762939453
53246,982,1,14.989999771118164
36561,435,1,45
48918,19,1,99.5
96870,96,1,32
37016,37,1,60.96999931335449
4948,135,1,73.5
15768,130,1,44.9900016784668
39572,768,2,79.52999877929688
2784,310,2,212.75
92433,772,1,83.4000015258789
33080,21,1,45
12270,66,1,36
25254,167,1,118
7942,65,1,33
1450,69,1,98
43900,253,1,29.850000381469727
59784,846,1,53.950000762939446
48964,1303,1,70
64112,1456,1,53.9900016784668
98736,223,1,40
77096,89,1,44.9900016784668
21224,1,1,35.9900016784668
55848,72,1,79.98999786376953
39618,679,1,74.9800033569336
73160,1215,1,24.5
27716,1210,1,25
72078,743,1,87.88999938964845
28108,112,1,13
35682,1217,1,86
11878,1408,1,79.5
50830,560,1,84
75450,98,1,68
66794,31,1,35
5277,51,2,38.489999771118164
20597,203,1,84.5
87023,132,1,37.950000762939446
49482,385,1,204
73458,442,1,55
55221,31,1,67
45546,323,3,62.929999351501465
557,1250,1,119
99615,292,1,66
33189,1707,1,171
67813,121,1,24
52210,92,1,23.889999389648438
19578,653,1,46
17869,147,1,24.950000762939453
54202,8,1,59.950000762939446
83322,907,1,22
89061,512,1,39
9903,176,1,43.34000015258789
53183,339,1,82.94999694824217
91978,3,1,29.989999771118164
35871,489,2,120.28000068664551
61839,175,1,80.6500015258789
30461,1145,1,69
83087,942,1,25
77677,564,1,66.7300033569336
84796,79,1,228
43053,101,1,69.9000015258789
15187,170,1,122.16000366210936
41155,21,1,49
21115,3,1,99.86999988555908
38427,1842,1,98
45091,344,1,132.66000366210938
55911,143,2,197.93999481201172
5967,175,2,92.0999984741211
38599,343,1,45.83000183105469
3803,175,2,32.97999954223633
29771,136,1,99.5
62403,373,1,99.46999931335449
47255,316,1,70.5
4069,5,1,321.73999977111816
28563,294,1,69.94999694824219
22071,204,1,54.970001220703125
5841,489,1,119
47318,255,1,41.9900016784668
1121,3,1,101.15999984741211
27089,192,1,419.40999603271484
73286,166,1,295
18433,816,2,115.42000007629395
14105,85,1,80
77614,4,1,53.97999954223633
22761,329,1,24.989999771118164
44009,779,1,40.950000762939446
30398,349,1,93.98999977111816
34726,30,2,242.0800018310547
65649,292,1,178
48337,303,1,278.92999649047846
47710,856,2,94.4000015258789
61321,400,2,165.98999786376953
26697,257,1,65
74305,117,1,26
62011,122,1,5.829999923706056
90896,1255,1,17.989999771118164
99881,512,1,125.9499969482422
95553,1677,1,33.900001525878906
73913,543,1,59.5
49027,442,1,154
96635,1080,1,207
70667,349,1,11.970000267028809
60929,426,1,47.790000915527344
57683,212,1,195.81000137329102
79323,796,1,197.75
87587,468,2,105.98000168800354
78304,291,1,94.98999786376952
73521,400,1,93.87000274658205
86505,1215,1,48
90833,16,2,219.05000114440918
81550,5,2,46.18000030517578
96243,1843,1,109.6500015258789
65320,238,1,18.420000076293945
99489,11,1,28
99944,236,1,18.989999771118164
95161,539,1,224.5
59910,1002,1,80.5
50564,95,1,54.9900016784668
65712,430,1,129
39744,31,2,496.7299966812134
41908,152,1,39
78696,676,1,135.7800006866455
33252,29,1,30.36000061035156
96933,279,1,160.88999938964844
57056,978,1,128.98999977111816
59612,1472,1,41.450000762939446
31480,400,1,358.10999965667725
24988,3,1,73.98000144958496
29316,516,1,29.989999771118164
44464,9,1,59.450000762939446
16332,237,1,26.799999237060547
30790,810,1,69.5
27544,1416,1,10
12396,291,1,36
10232,944,1,153.54000091552734
15642,386,1,13.5
22134,171,1,26.979999542236328
7378,51,1,64.5199966430664
10624,55,1,198
50395,64,1,24.989999771118164
33415,319,1,24.989999771118164
98679,124,1,61.150001525878906
30498,274,1,46
83004,74,1,273
760,1621,1,153.94000053405762
97328,773,1,154
88623,117,1,199
80133,23,1,56
23574,423,1,416.9499969482422
15084,137,1,399
56183,711,1,15.899999618530272
39034,248,1,29.989999771118164
50441,605,1,19.989999771118164
39203,63,1,17.989999771118164
67421,414,1,15.989999771118164
90143,962,1,55
2157,166,1,142.0900001525879
60451,6,1,34.29999923706055
51746,35,1,150
6548,40,1,250
6425,955,1,86
88792,444,1,198
57365,976,1,84.98999786376953
5197,617,1,101.79000091552734
16266,118,1,75
25094,657,1,214.93999862670898
24756,100,1,71.85999965667725
17617,168,2,391.6599988937378
26322,930,1,37.9900016784668
77600,222,2,47.799999237060554
91709,523,1,149.60000610351562
82881,200,1,65
57411,1195,1,14.970000267028809
94242,739,1,49
56352,614,1,24.979999542236328
57703,1600,1,105
26399,450,1,252.48999786376953
57580,112,1,178
68941,2,1,59.900001525878906
3800,872,1,16
69064,905,1,12
68818,20,1,62
26153,246,1,169.99000549316406
15038,570,1,58.989999771118164
13856,11,1,142.4900016784668
22346,99,1,25
36409,168,2,187.43999862670898
10939,157,1,41.9900016784668
64796,90,1,15
81361,402,1,173
58808,591,1,149.9499969482422
93183,195,1,266.5
67298,112,1,208
27919,4,1,44.880001068115234
66362,407,1,69.5
18078,11,1,119.9499969482422
60528,25,1,95.98999786376952
51669,5,1,170
23236,42,1,48
94119,43,2,143.62999725341797
57657,522,1,208.95000076293945
28855,636,1,16.899999618530273
71981,751,1,36.09999847412109
97451,110,1,145.13999938964844
43548,651,1,59.9900016784668
37560,316,1,98.5
58593,165,1,25
33707,84,1,222.23999786376953
61510,199,1,127
95639,491,1,56.38999938964844
72917,1201,1,70
67252,1164,1,35.279998779296875
27965,952,1,21.68000030517578
34643,514,1,25
51623,1,1,100
32233,1222,1,112.9900016784668
60574,148,1,32.4900016784668
79841,738,1,19.079999923706048
1052,76,1,59.44999980926513
94165,3,1,24.280000686645508
33169,35,1,155
64212,428,2,58.9000015258789
10355,149,1,47.489999771118164
31005,696,1,25
87026,71,1,25.700000762939453
19598,52,1,86.11000061035155
74391,817,1,121.98999786376952
29439,185,1,119.9499969482422
63614,1297,1,130.97000122070312
514,470,1,239.94999694824216
51915,240,1,303.25
94703,188,1,49.9900016784668
40800,237,1,40.950000762939446
76157,1123,1,42
42028,143,1,79
78321,54,1,90
8237,781,1,41.489999771118164
21716,451,1,19.5
41782,365,1,34.29999923706055
64504,1589,1,36.97999954223633
97405,243,1,125
54371,1476,1,53.98000144958496
52207,104,1,18.989999771118164
63322,938,1,355.2200050354004
85798,885,1,167.89000129699707
86044,308,1,42
51961,62,1,131.94000244140625
29485,775,1,8.989999771118164
31895,1704,1,10
65732,844,1,63.989999771118164
50810,1296,1,40.59999847412109
86857,148,1,221.98999977111816
25340,938,1,121.9799976348877
66960,164,1,31.39999961853028
99094,367,1,19.950000762939453
45237,906,1,68
74145,58,1,29.950000762939453
29562,3,1,241
86336,805,1,48.620001792907715
60036,1511,1,64.97999954223633
66485,1269,1,294.98000144958496
25861,504,1,164.9499969482422
50026,457,1,28
18891,6,1,60
92124,213,1,112.93999671936032
60820,517,1,74.9900016784668
38098,13,1,222.93999671936032
28778,385,1,176.4900016784668
17540,64,1,304.98999786376953
3216,135,1,58.52999973297119
21118,1431,1,273.3400001525879
7361,331,1,191.9600009918213
90773,237,1,50
95178,659,1,297
99263,52,1,23
56475,403,1,33.15999984741211
69708,304,1,44.9900016784668
47985,394,1,167.7899980545044
81945,764,1,82.45999908447266
1344,5,1,198
77723,54,2,162.99000549316406
62569,3,1,35.959999084472656
82758,683,1,15.899999618530272
39970,595,1,179.99000549316406
69233,115,1,38
37099,108,1,75
15453,454,1,218.43999671936035
13810,2,2,97.22000122070312
56767,293,1,29.950000762939453
56598,15,1,36.9900016784668
83817,158,1,116.44000244140625
3923,674,1,85
69310,209,1,66
82466,15,1,59.9900016784668
48752,957,1,38.5
12628,1390,1,64
35350,178,1,30
5366,854,2,49.47999954223633
52974,447,1,238.97999572753903
39741,280,1,58.79999923706056
14271,587,1,18
44069,561,1,64.1500015258789
80471,147,1,111.03999900817871
54540,305,1,32.9900016784668
60989,151,1,84
76678,187,1,288.5
99492,544,2,168.6100034713745
51208,390,2,64.48999977111816
43179,1279,1,14.989999771118164
72350,3,1,92.9900016784668
33292,175,1,14.979999542236328
53850,158,1,41
24387,921,1,39
44945,267,1,132.63000106811523
4321,588,1,178
50518,339,1,33.33000183105469
95470,379,1,40
683,177,1,103.07999992370605
52668,148,1,25
21241,5,1,28.97000026702881
12044,2,1,66.6299991607666
4384,413,1,198
82927,503,1,212.9900016784668
26614,989,1,39.450000762939446
61971,875,1,49.9900016784668
98510,9,1,25
89605,77,2,56.670000076293945
19183,459,1,69
55722,145,1,12.739999771118164
96346,151,1,6
83219,583,1,34.9900016784668
34474,4,1,75
68065,706,1,52
49628,251,1,49.93999862670898
38267,1067,1,45
77262,597,1,257
94580,699,1,54.9900016784668
83711,3,1,62.650001525878906
53956,858,1,100
75496,124,1,398
53266,899,1,170
28380,861,1,25
1573,3,1,42
89313,1619,1,17.5
87149,78,1,45
21639,983,1,299.95001220703125
88331,142,1,30
94872,219,1,119.63999938964845
76970,633,1,59.9900016784668
86167,405,1,75.48999977111816
18493,183,1,137
54248,91,1,85.73999786376953
88102,327,1,9.020000457763672
62632,547,2,239.94000244140625
37162,151,2,77.58999824523926
65549,782,1,306.32000732421875
25755,315,1,176.0800018310547
15605,445,1,303.98999786376953
34245,238,1,10.270000457763672
79612,346,1,230
7424,1,1,39.950000762939446
15914,505,2,161.98000526428223
86797,360,1,85
30023,18,1,25
16910,1487,1,97.48999786376952
4553,759,1,64.94999694824219
80823,638,1,21
64029,87,1,12.979999542236328
85091,206,1,118.7300033569336
97989,101,1,25
70767,720,1,121.94000244140625
48045,957,1,61.5600004196167
34414,1074,1,137.54000091552734
68297,761,2,41.940001487731934
63797,58,1,17.799999237060547
3033,56,1,254.98999977111816
58241,20,2,177.50000190734863
8297,1334,1,122.98999977111816
24281,4,1,55.989999771118164
69602,191,1,48.92000102996826
19658,208,1,148
44255,813,1,146.97000312805176
26966,53,1,217.69999885559082
68082,164,1,58
83402,875,1,42.039999961853034
68251,15,2,181.7200050354004
99386,520,1,99.98999786376952
23053,48,1,56.98000144958496
29545,235,1,85
99632,1374,1,31.170000076293945
162,406,1,356.47999572753906
92230,901,1,39.9900016784668
52267,337,1,66.5
98327,200,3,134.97999954223633
35473,45,1,198
70982,323,1,146.15999698638913
12997,318,1,54.5
28440,1201,1,55
67023,1027,1,50
1636,476,1,63
69124,1019,1,133
56721,168,1,109.96999931335449
35579,497,1,309
34168,35,1,39.9900016784668
32247,305,1,8.880000114440918
68188,291,1,10
27029,621,2,94.93999671936035
38390,609,1,51.94000053405762
25738,475,1,129.95000076293945
36515,642,1,130.26999950408936
31357,183,1,259.69000244140625
89482,964,3,384.88000106811523
20886,206,2,208.14000129699707
46940,75,1,367.99000549316406
83233,1398,1,52.400001525878906
24218,267,1,54.4900016784668
75327,44,1,40.720001220703125
74331,339,1,14.409999847412108
85154,736,1,37.989999771118164
55015,456,1,164.97999954223633
5380,903,1,67.5
63906,325,1,12
90956,1424,1,39.9900016784668
53541,1532,1,288.0800075531006
69525,162,1,531.9900054931641
2970,218,1,27
86628,862,1,53.180000305175774
64902,143,1,25
68234,1384,1,22
96575,990,1,63
93767,279,1,147.9900016784668
60222,846,1,27.420000076293945
41244,474,2,268.9600028991699
98095,306,1,12.5600004196167
34995,756,1,499.95000076293945
53973,203,2,156.97999954223633
88852,588,3,304.98999977111816
59884,1425,1,10.979999542236328
66714,479,1,135
12857,120,1,197
20932,531,1,9.569999694824215
56243,205,2,131.5
61112,847,2,118.1100025177002
54079,602,1,78
49751,1077,1,20
29777,53,1,37.97999954223633
13793,3,1,34.97999954223633
41138,1571,1,62.90000009536743
32877,1599,1,267.9300003051758
17388,70,2,144.10000228881836
55599,236,1,14.989999771118164
18616,1590,1,148.99000549316406
11583,252,1,46
65486,143,1,326.63999938964844
87962,12,1,115.98999977111816
54125,654,1,36
54557,5,1,69.98999786376953
63213,1144,1,10
33830,72,2,156
77537,402,1,2.990000009536743
59300,474,1,58
5443,58,2,69.98000144958496
98785,523,1,86
43886,171,1,19.989999771118164
50335,1224,1,24.989999771118164
55768,1312,1,42.9900016784668
76326,3,1,69
40448,1275,1,258
63428,514,1,4.5
14809,56,1,82.94000244140625
52851,184,1,78
22469,146,1,99
68666,313,1,103.91000366210938
17726,811,1,20.950000762939453
42180,577,1,25
15499,9,1,54.950000762939446
44713,734,1,94.9900016784668
7839,938,1,49
43717,544,1,29.989999771118164
47418,912,1,78.7699966430664
74789,139,1,24.600000381469727
85692,1166,1,71.06999969482422
57305,96,1,135
87856,170,2,90.94999694824219
65961,175,1,89.98999786376953
89914,859,1,25
79764,101,1,99
17494,57,1,64.94999694824219
23943,935,2,189.95000076293945
98742,1428,1,10
96037,472,1,135.25999450683594
20717,52,1,79.98999786376953
6823,720,2,36.93000078201294
25217,212,1,78
99801,1095,1,24.96999931335449
46465,1345,1,74
10587,57,1,55.4900016784668
7882,69,1,79.98999786376953
24112,22,1,65
30604,255,1,34
88440,406,1,81.9000015258789
6196,465,1,8.989999771118164
92768,488,1,72.98999977111816
28334,408,1,25
46571,1038,1,170.5
97096,541,1,200
96100,434,1,54
64487,883,1,64.94999694824219
74852,779,1,9.989999771118164
88961,103,1,155
95994,1060,1,10
7713,168,2,50.989999771118164
3385,8,3,208.45000076293945
60159,453,1,19.989999771118164
85629,144,1,64.98999786376953
19074,578,1,42
81991,308,1,216.97000122070312
96884,962,1,17.989999771118164
45944,724,2,157.9699993133545
54600,216,1,90.21000289916992
16973,101,1,39.5
64275,262,1,67.5
24696,24,2,57.95000076293945
25323,346,1,59.9900016784668
42549,88,1,218.3700046539307
33352,486,1,180
52914,477,1,56.5
36684,66,1,10.5
53910,1285,1,14
45987,1339,1,19.989999771118164
9940,168,1,148.97000122070312
5612,1038,1,59
43823,283,1,34
69293,120,1,79.98999786376953
7670,93,3,50.059999465942376
67235,64,1,49.9900016784668
84049,877,1,21.600000381469727
90541,1013,1,55
62907,976,2,153.9499969482422
72104,302,2,174.92999935150146
4965,236,1,31.98000049591064
55184,115,1,55.95000076293945
57348,4,1,28.709999084472656
71414,762,1,399
19721,629,1,117.5
31772,263,2,125.49000072479248
63691,928,1,112.45000076293945
38805,831,1,51.60000038146973
43133,455,1,19.989999771118164
45297,703,2,64
54494,7,1,40.0099983215332
13378,1008,1,248
48735,374,2,272.1300048828125
29502,95,3,208.93999862670898
65715,69,1,84.94999694824217
11858,941,1,29.979999542236328
8254,211,1,44
89834,679,1,124
79137,291,1,20
78473,211,1,68
98324,508,1,94.48000144958496
13873,1353,1,40
33060,957,1,85
69081,734,1,75.4800033569336
85397,211,1,11.779999732971191
88978,383,2,128.89999961853027
57179,109,1,163.44000244140625
38038,366,1,12.239999771118164
55187,1350,1,31.950000762939453
6903,435,1,59.97999954223633
35121,90,1,38
9820,71,1,72.39000129699707
90329,1222,1,48.869998931884766
33106,55,1,94.98999786376952
56369,1448,1,36
38848,8,1,26.989999771118164
55705,538,1,30.350000381469727
16790,400,1,25
39512,379,2,79.48999977111816
79091,229,1,34.45000076293945
55828,653,1,91.42000007629395
72685,189,1,39.5
73472,445,1,100
87796,568,1,42.5
50750,141,1,116.8400011062622
28151,2,1,20.90999984741211
27487,13,1,221.97999572753903
74036,19,1,23.96999931335449
77617,66,2,149.5
75038,213,1,68.6500015258789
88437,514,1,32.95000076293945
20179,445,1,134.77999687194824
76953,673,1,111
21181,4,1,53.829999923706055
31586,171,1,35.83000183105469
40076,6,1,18
42429,78,1,88
52911,565,1,25
41427,505,2,38.989999771118164
61616,1066,1,28
75602,425,1,100.31999969482422
33601,606,1,64.98999786376953
96240,287,1,29.989999771118164
74082,159,1,51.9900016784668
41032,1194,1,58
29548,78,1,197.20000076293945
31540,169,1,46.45000076293945
8818,829,1,11.989999771118164
9482,122,2,281.2400016784668
20225,1008,1,81.95000076293945
64195,487,1,54.43999862670898
52834,517,1,229.44000244140625
19661,1547,1,121.9799976348877
8300,1303,1,94.9799976348877
86917,526,1,13
44129,185,2,400.3000030517578
84925,233,1,140.6699981689453
84384,227,1,59
10833,107,1,31.989999771118164
97760,705,1,25
88855,154,1,55.9900016784668
65377,759,1,15.989999771118164
92187,153,2,176.98000717163086
56887,98,1,36
51314,934,2,222.26000118255615
3030,483,1,10
34998,185,1,2.950000047683716
1453,310,1,229.9800033569336
92828,451,2,245.1299991607666
86625,139,1,487.87000274658203
76512,37,1,25
47046,294,2,79.93999671936035
22701,346,1,90
16203,629,1,122
64690,625,1,253.55000019073486
50378,867,1,2.950000047683716
73641,9,1,139.79999923706055
56933,763,1,56.38999938964844
17723,614,1,22
45526,564,2,114.59000205993652
71580,469,1,423.27999114990234
83482,1368,1,283
48858,382,1,75
32542,212,1,15
66671,493,1,1.9800000190734863
82987,334,1,28.989999771118164
14391,336,1,228
67607,21,1,27.989999771118164
65197,13,1,63.4900016784668
95284,163,1,21.989999771118164
38971,178,1,24.989999771118164
87919,1114,1,58.94999980926514
44885,428,1,99
50873,194,1,58.450000762939446
61201,277,1,17.989999771118164
27610,1780,1,27.15999984741211
79947,520,1,202.9700002670288
14932,882,1,177.9300022125244
45572,5,1,38
85105,95,1,79.98999786376953
80196,314,1,73.59000015258789
14683,728,1,99
43408,509,1,37.989999771118164
56784,255,1,49.5
90375,32,2,74
47587,706,1,49.5
22160,538,1,58.5
4842,329,1,49.5
24324,12,1,42.9900016784668
59286,203,1,78
80488,347,1,118
68586,367,1,84
14978,1140,1,28.989999771118164
37700,136,1,267.4400005340576
35536,136,1,33
59240,348,1,32.45000076293945
2927,29,2,316.4699954986572
25157,710,1,38
47338,648,1,206.2800006866455
49150,1303,1,39.950000762939446
62383,40,3,119
46233,54,1,24.989999771118164
52731,22,2,187.93999862670898
26857,615,1,30
78842,395,1,30
62526,233,1,25
68145,216,2,133.9199981689453
73744,1570,1,12.989999771118164
64092,247,2,176.20000171661377
61175,305,1,39.9900016784668
38453,683,1,39.9900016784668
80073,121,1,59.5
54769,1492,1,12.380000114440918
51855,221,1,31.5
90083,13,1,99.9800033569336
70398,755,1,35
93120,11,1,9.579999923706056
82423,817,1,219
93784,894,1,42.04999923706056
71062,163,1,69.5
89419,924,1,93
42844,1321,1,38
59160,344,1,29.989999771118164
69353,266,1,79.98999786376953
29774,377,1,193
18015,83,1,101.38000106811523
20594,218,2,84
27092,703,2,177.94000053405762
61052,677,1,79
29256,405,1,198.67000579833984
71872,205,1,297
74451,415,1,114.98999786376952
99429,591,1,368.9400062561035
90601,581,1,135.99000549316406
85028,1292,1,93.39999771118164
63216,109,1,59
39804,764,1,426.6000003814697
96701,322,1,47.959999084472656
97863,218,1,54
51288,736,1,41.950000762939446
52419,1,1,32
87043,621,1,77
7836,605,1,20.65999984741211
54434,42,1,130.9399995803833
18556,807,1,54.79999923706055
65254,135,1,134.99000549316406
11397,84,1,106
44006,749,1,12.550000190734863
53203,1073,1,46
33186,11,2,82
44547,6,1,54.700000762939446
6136,164,1,8
48397,1698,1,40
54895,654,1,109.25
67879,963,1,24
11105,5,2,346.5
11709,101,2,103.33999967575073
59993,281,1,162
89127,446,1,19.200000762939453
24693,648,1,93.80000305175781
84338,547,1,54.93000030517578
33398,67,1,26.489999771118164
74912,47,1,36.9900016784668
91142,1092,1,31.950000762939453
66007,538,1,16.5
82572,230,1,54
52190,122,1,89.98999786376953
37285,158,1,58
69588,838,1,99.6399974822998
32957,435,1,104.98999786376952
69894,71,1,75
99157,209,1,36
61865,37,1,160.18000030517578
73226,552,1,99
46631,29,1,14.550000190734863
76927,86,1,62.50000190734863
81882,699,1,312.5
74849,204,1,60
4278,198,1,321.71999359130854
79532,1034,1,64.98999786376953
23511,2,1,65
83113,225,1,30
14855,216,2,116.48999977111816
32416,1230,1,28.89999961853028
1971,64,2,35.989999771118164
81547,81,2,35.89999961853027
348,617,1,35.79999923706055
15496,220,1,25.489999771118164
59758,5,1,40.59999847412109
12150,169,2,25.170000076293945
6150,60,2,109.81999969482422
57594,250,1,59.489999771118164
61922,8,1,288.9900016784668
3737,168,1,140.9900016784668
26216,330,1,174.3599967956543
14314,454,1,149
27690,1168,1,39.950000762939446
15788,809,1,244.21000289916992
24985,406,1,59.9900016784668
95596,977,1,388.4499969482422
42735,603,1,20
49565,56,1,68
58055,878,1,475.5
74348,508,1,158.5500030517578
62987,192,1,69
69817,142,1,280.3200035095215
90664,37,1,18.5
81178,966,2,278.5
6213,822,1,14
14563,14,2,96.9900016784668
18476,259,1,110
3156,1330,1,105
4152,17,1,39.880001068115234
16555,182,1,16.989999771118164
27461,256,1,122.72000122070312
9130,673,1,10
60070,440,1,47.96999931335449
25446,227,1,143.0999984741211
76386,780,1,306
72287,672,1,181.13999557495117
72874,381,1,50
86273,1120,1,85.9000015258789
68374,1241,1,77.9000015258789
14517,939,1,44.9900016784668
76787,132,1,22.989999771118164
7610,84,2,90.97000122070312
99014,97,1,249.5
80700,442,1,55
22930,231,2,86.96999931335449
18430,168,1,111.23999786376953
1141,162,1,114.12000274658205
1682,59,1,88
40265,88,1,94.4800033569336
93535,1081,1,13
77766,80,3,122.85999965667726
51085,16,1,198
47126,1006,1,10.630000114440918
94076,302,1,33.599998474121094
5672,1362,1,24.5
803,195,1,36.97999954223633
51626,116,1,49.9900016784668
81656,552,2,67.44999980926514
22389,179,1,87.07000064849854
95055,735,1,58
50106,237,1,233.4900016784668
27799,984,1,10.779999732971191
13561,250,1,16.950000762939453
84235,603,2,248.3499984741211
72333,1302,1,177.94000053405762
98968,418,1,215.98000526428225
38204,470,1,134.13999557495114
18971,369,1,165
76246,1206,1,38.9900016784668
51039,652,1,177.38999938964844
77720,213,2,65.92000007629393
28317,28,1,76
44178,28,1,158
17497,339,1,64.98999977111816
39678,207,1,177.14000034332275
34809,255,1,35.900001525878906
60408,261,1,11.989999771118164
55539,828,1,59.5
28858,903,1,33.97999954223633
94013,59,1,144.98999977111816
47235,810,1,122.89999771118161
1204,957,1,198
59389,154,2,24.289999961853027
10690,414,1,78
51563,1334,1,102.77999877929688
13607,1856,1,139.9499969482422
3219,54,3,228.74000072479248
97156,14,1,60.98000144958496
68483,316,2,192.5
14580,107,1,46.880001068115234
4215,867,1,88
34855,519,1,40.59999847412109
84172,117,1,50.400001525878906
35874,518,2,52.94000244140625
22051,166,1,150
63920,405,1,17.989999771118164
5735,31,1,57.400001525878906
62924,214,1,11.409999847412108
8589,235,1,252.94999694824216
14626,29,1,71.98999786376953
7052,121,1,59.5
54660,228,1,344.94001388549805
59529,1439,1,112.95000076293945
7593,336,2,90.5
3720,963,1,69.18000030517578
41676,26,1,24
31938,636,1,32
4261,702,1,14.989999771118164
84275,82,2,103.9000015258789
76449,287,1,10.989999771118164
23926,291,1,330.45999908447266
13106,48,1,40.420000076293945
64799,518,1,8.970000267028809
35333,875,1,93.40999984741211
28254,202,1,16.239999771118164
93518,48,1,245.9699993133545
61450,918,1,99
7006,347,1,24.5
99572,3,3,393.4400005340576
57122,101,1,42
25941,466,1,50
63073,432,1,160
97697,136,1,338.85999488830566
56581,269,1,44.930000305175774
70750,90,2,43.98000144958496
6073,125,1,8.949999809265137
72914,174,1,10.720000267028809
45174,125,1,65
74388,75,1,249
72765,1072,1,189
40305,191,1,29.950000762939453
38141,174,1,41.9900016784668
74929,232,1,18.440000534057617
26780,584,1,169.5
42320,427,1,44
7696,1523,1,75
48984,247,1,38.970001220703125
38407,420,1,83.75
866,830,1,83
12416,8,2,33.97999954223633
9711,220,1,57.22999954223633
8715,1303,1,149.99000549316406
17371,236,1,11
29728,497,1,14.899999618530272
87332,401,1,244.98999786376953
6488,235,2,342.95999908447266
7484,364,1,95.98999786376953
33475,880,2,138.9799976348877
3093,155,1,29.950000762939453
10753,124,1,57.739999771118164
2097,102,1,118.7899980545044
32001,32,1,27
70538,319,2,121
81115,1480,1,109.29999923706055
85858,500,1,39.97999954223633
89771,511,1,24.989999771118164
87873,173,1,19.950000762939453
40093,1496,1,276.32000732421875
8174,233,1,331.5
40634,549,2,42.65999984741211
53249,824,1,237
66774,687,1,25
52685,92,1,57.29999923706055
90727,126,1,57.9900016784668
65841,558,1,15.890000343322754
40783,1349,1,75.5999984741211
32127,50,1,59.5
59349,1406,1,39
68005,228,1,39.9900016784668
50521,746,1,942.3699989318848
94640,23,1,21.600000381469727
29963,976,1,16.989999771118164
18061,240,2,365.4099979400635
76661,375,1,66
73243,275,1,55.4900016784668
89081,660,1,99.88000011444092
89253,43,2,159.9800033569336
71769,113,1,202.50000381469727
86548,366,1,44.950000762939446
62572,145,1,6.329999923706056
73392,123,1,346
96349,281,1,76.30000305175781
5947,521,1,108.94000244140625
1619,52,2,114.98999977111816
10275,756,1,22.950000762939453
36243,90,1,38.22999954223633
56472,715,1,95.98999786376953
15207,58,1,9.970000267028809
27195,94,1,109
30896,84,1,178.44000244140625
66147,2,1,94.94999694824216
38556,702,1,31.89999961853028
68852,903,1,75
25572,937,1,99.98999786376952
23863,615,1,92
37866,1210,2,349.94001388549805
42194,233,1,109.56000137329102
21636,80,2,84.97999954223633
3634,91,1,89.98999786376953
1925,448,1,136.49000549316406
929,221,1,54.9900016784668
86611,111,1,15.989999771118164
13521,1534,1,25
88775,317,2,89.99000072479248
28669,1378,1,123.90000057220459
73870,820,1,17.950000762939453
82526,423,1,225
32997,1616,1,44.9900016784668
71706,392,1,291
49917,376,1,25
36933,9,1,36
50458,370,2,52.8799991607666
56950,1636,1,154
47753,184,1,18
63442,120,1,90
32605,175,1,152.97999954223633
61278,44,1,97.98999977111816
91480,566,1,39.9900016784668
64673,382,3,234.4199981689453
69001,1224,1,43.869998931884766
50607,9,1,158
91723,1749,1,35
95118,755,2,99.9799976348877
70232,187,1,25
75101,182,1,52
83757,327,1,27.649999618530273
90790,158,1,49.9900016784668
68068,641,1,49.9900016784668
74019,100,1,165
97282,133,1,205.98999977111816
83691,544,1,52
56893,146,1,48.650001525878906
51059,700,1,38.9900016784668
93770,920,1,159.95000076293945
24261,100,1,121
73873,1125,1,107.98999786376952
32728,1020,1,45.9900016784668
87959,3,2,48.96000099182128
7258,460,2,219.45000076293945
79469,991,1,10.109999656677246
12877,1562,1,25
34125,169,1,109.5
56847,69,2,268.44000244140625
68085,329,1,123.5
5738,1234,1,24.989999771118164
93724,1313,1,30
2821,1131,1,27.950000762939453
1493,3,1,4.039999961853027
61092,401,1,39.9900016784668
27132,369,1,9.989999771118164
17122,89,1,41.9900016784668
78095,247,2,141.92999458312988
55496,251,1,108.9800033569336
12831,90,1,55.619998931884766
38516,462,1,75
89333,535,1,68.65999984741211
37165,373,2,153.94000053405762
80866,158,1,30
92350,4,1,98
99512,731,1,75.3700008392334
59618,142,1,92.4000015258789
82217,566,1,137.5
49585,279,1,66.05000305175781
92250,478,1,39.9900016784668
16953,2,1,74.97000122070312
35599,698,1,25
71102,1337,1,265
25635,388,1,36.32999897003174
80820,65,1,203.25000190734863
93555,1235,1,11.989999771118164
5569,242,1,98.25000381469727
72161,836,1,55
70833,604,1,34.9900016784668
90730,385,1,59.5
25735,1632,1,80.95999908447266
14251,1293,1,342.9900016784668
82171,2,1,4.579999923706056
59572,327,1,22.5
35768,459,2,93.95000076293945
59449,4,2,53
26940,213,1,51.56999969482421
69605,492,1,19.36000061035156
4341,32,1,27.829999923706048
69482,103,1,43.9900016784668
42907,404,2,51.950000762939446
56970,152,1,57.9900016784668
72622,152,1,110.30999755859376
31500,628,1,15
35722,87,2,52.42000198364258
219,432,1,99.75
94806,207,1,104.82999992370605
44281,163,2,139.9799976348877
77826,548,1,62
12562,407,1,200.97000312805176
411,1662,1,183
93478,209,1,62
4656,231,1,29.989999771118164
45363,1709,1,31.730000495910645
38639,152,1,12.989999771118164
6966,98,1,36.59999847412109
8294,33,2,196.87999725341797
29688,110,1,34.9900016784668
79300,3,1,7
86923,1527,1,89.33000183105469
94952,384,1,32
22987,509,1,17.770000457763672
78218,703,1,25
15917,399,1,149
65529,192,1,209.98000144958496
94852,347,1,74.48999977111816
21513,62,2,104.94999980926514
63963,110,1,120
45317,597,1,40.88000011444092
66565,36,2,426.6299982070923
85211,226,1,25
8340,253,1,69.98999786376953
1301,1225,1,4.130000114440918
28652,207,2,75
63571,296,1,50
33810,102,1,51.60000038146973
99074,1728,1,40
95244,722,1,19
7404,1344,1,79.5
52356,266,1,7.949999809265136
85403,247,1,124.98999786376952
95390,558,1,179.47000122070312
97554,297,1,29.989999771118164
21467,100,1,10
51274,1415,1,58.900001525878906
86485,1081,1,33.97999954223633
31208,179,1,63.989999771118164
97946,57,1,170
8878,4,1,24.170000076293945
75470,225,1,13.029999732971191
11042,1037,1,48.950000762939446
76306,6,2,147.58999824523926
76552,3,1,29.5
19993,89,1,12.989999771118164
98430,363,1,29.989999771118164
16186,932,1,156.50000381469727
64968,160,1,19.950000762939453
45071,1032,1,60
534,60,1,333.3900146484375
36581,380,1,373
3451,99,1,172.94000244140625
13767,266,1,14
62051,721,1,3.1700000762939453
32336,1652,1,55
13269,782,1,239.93999862670896
77703,844,1,172.5
1032,634,1,159.99000549316406
94162,477,1,47.16999816894531
50667,1323,1,144.89999675750732
24699,645,1,23.989999771118164
83299,568,1,15.989999771118164
27570,115,1,28
10398,469,1,94.73999786376952
35207,698,1,254.94000625610354
79077,758,1,11.4399995803833
22472,163,1,53.9900016784668
14835,130,1,121
90415,123,1,57.5
77013,509,1,7.110000133514404
23823,581,1,65
47750,652,1,150.95000076293945
63402,612,1,12.989999771118164
59303,426,1,69.98999786376953
39406,455,1,29.989999771118164
23256,336,1,12
39329,62,1,54
46070,144,1,24.989999771118164
33335,26,1,160
703,610,1,146.97000122070312
49977,993,1,33.97999954223633
26671,1243,1,109.9799976348877
6697,1316,1,34.72999954223633
84773,548,1,129.4800033569336
50790,164,1,89
78387,330,1,94.48999977111816
18158,499,1,292.3399963378906
71225,1432,1,6.929999828338623
27945,132,1,53.27000045776367
37763,498,1,78.74999809265137
15994,99,1,34.9900016784668
79930,118,1,71.98999786376953
49193,225,1,88.98999786376953
45947,482,1,140.0800018310547
94637,83,1,186.29999923706055
81902,44,1,74.5
14643,309,1,74.97000122070312
92473,670,1,199.5
91812,1077,1,321.5
91391,363,1,9
69359,165,1,78.05000019073486
93286,485,1,39.9900016784668
93163,92,2,94.75000381469727
57408,1381,1,29.989999771118164
37932,979,1,18
38055,285,1,239.9900054931641
60654,594,1,88
34686,1272,1,151.25
58490,77,1,42
15433,122,1,187.75000095367432
27255,852,1,12.949999809265137
2698,31,1,209
36160,576,1,60
40488,110,2,128.520001411438
60385,825,1,59.9900016784668
84942,1255,1,18
56057,905,1,90.3000030517578
18350,354,1,64
77305,115,1,88.9900016784668
15041,43,1,65
18742,492,1,225.64999961853027
42054,214,1,69.98999977111816
32851,331,1,36
74471,430,1,146.87000370025635
48503,10,2,100.03000259399414
70143,257,1,54
81633,84,1,17.389999389648438
37726,1350,1,250
57929,334,1,261.4099998474121
61928,280,3,154.1399974822998
99635,245,1,241.66000366210938
66834,852,1,42.29999923706056
76913,1060,1,52
46668,817,1,36
40680,12,1,62
45586,115,1,13.989999771118164
80259,169,1,114.5
6007,241,1,25.200000762939453
98161,585,1,65
99243,184,1,25
78785,20,2,37.96000003814697
41072,71,2,102.919997215271
2114,3,1,74.5
76621,145,1,148.22000312805176
81696,261,1,19.989999771118164
10521,198,1,33.63999938964844
62220,937,1,58
15104,560,1,30.479999542236328
87690,751,1,159.73999786376953
98261,94,1,29.989999771118164
31769,256,2,218.5
96203,466,2,189.9999942779541
66442,38,1,91.1299967765808
95705,1310,1,132.00000190734863
42638,262,1,135
64776,70,1,125
64278,461,1,122.98999977111816
7965,417,1,129.45000076293945
31377,321,2,86.82000064849854
56263,813,1,124.95000076293945
16478,94,1,95
41364,166,1,67.98999786376953
40282,39,1,109.5999984741211
43528,533,1,32.9900016784668
53707,1106,1,29.989999771118164
77511,1055,1,98
20116,141,2,246.98999977111816
75347,660,2,187
17952,563,1,99
57391,2,1,180.4499969482422
77620,995,1,25.989999771118164
50229,8,1,450
65858,1000,1,97.94999980926514
94623,118,1,41
29027,196,2,360.9800052642822
38845,76,1,84
30687,357,1,185.98000526428223
83170,68,1,79.5
31898,236,1,37.5
63319,69,1,68.70999908447266
95642,241,1,49.9900016784668
9485,116,1,79.5
92725,1185,1,24.950000762939453
32207,225,1,110.59999847412108
3511,384,2,138.54999828338623
97116,270,1,57.630001068115234
63365,94,2,125.5
36143,666,2,93.44999980926514
74394,106,2,57
30733,107,1,58.459999084472656
81341,1222,1,30
28835,1080,1,66.5
44819,736,1,79.98999786376953
47813,11,1,20
74202,255,1,10.5
48755,1116,1,25
29150,405,1,36.52999877929688
43591,44,1,44
16123,850,1,65
75553,51,2,360.98999786376953
98699,213,1,124.98999786376952
81387,27,1,59.940001487731934
51749,730,1,12.800000190734863
79094,324,1,68
90309,219,2,68.9900016784668
57677,14,1,49.44000053405762
87484,1304,1,7.610000133514403
50275,1353,1,139.48999977111816
67587,1332,1,39.880001068115234
98868,345,1,9.380000114440918
94245,679,1,63.9900016784668
38891,248,1,25
6259,788,1,66.37000274658203
88958,259,2,166.94000053405762
61613,557,2,369.9800052642822
23571,140,1,69.98999786376953
849,117,2,190.80000019073486
88835,37,1,173
23425,324,1,54
51480,726,1,90.88000106811523
76950,683,1,60
6113,374,1,310.38999938964844
46654,162,1,82.72999954223633
69811,347,1,15.989999771118164
13252,822,1,65.94000244140625
64985,84,1,59.9900016784668
47673,777,1,96
49001,70,2,265
95496,22,1,19.209999084472656
26734,295,1,62.9900016784668
25406,309,1,60
34892,835,1,33.86000061035156
9422,708,1,35.90000057220459
20199,188,1,218.35999870300293
39515,337,1,211.97000122070312
64593,882,1,60
48609,39,2,559.9200019836426
6067,324,1,39.930000305175774
87315,793,1,325
68838,207,1,47.950000762939446
13644,1068,1,34.9900016784668
89150,404,1,18
94560,945,1,69
41035,151,1,445.95000076293945
65921,650,1,89.98999786376953
8984,309,1,10.399999618530272
67902,353,1,19.950000762939453
90169,546,1,320.5300006866455
27315,159,1,107.45000076293945
51918,224,1,86
47481,1473,1,223.94000434875488
57222,90,1,39.9900016784668
40989,382,1,68
71540,593,1,11.989999771118164
25841,42,1,69.5
69376,269,1,16.899999618530273
49064,170,1,253
53392,28,1,12.949999809265137
71932,5,1,119
4012,915,1,135
32980,387,1,29.059999465942383
48128,162,1,114
40597,570,1,146.61999893188477
85649,351,1,111.5
92144,111,2,147.98999786376953
26880,88,1,278
11978,375,1,125
68337,439,1,35.72999954223633
88895,24,1,55.93999862670898
94308,129,1,55.9399995803833
5486,490,1,889.4500122070312
98636,267,1,29.989999771118164
60763,77,1,141.6199951171875
7650,112,1,63.45000076293945
70896,893,1,37.97999954223633
71978,282,1,29.89999961853028
88503,833,1,82.13000106811523
53584,63,1,86.75
55748,1122,1,76
7796,80,1,69
20431,579,3,148.06999969482422
32834,258,1,59
96343,919,2,81.39999961853027
17016,812,1,53.89999961853028
24178,678,1,32.94000053405762
86170,110,1,98
74311,904,1,36
11586,511,1,19.979999542236328
28898,816,1,18.690000534057617
86668,4,1,63.459999084472656
82469,1352,1,109.47999954223633
60700,1669,1,39.470001220703125
41181,100,1,45
13813,201,1,53
88397,1108,2,124.36000108718872
39452,553,1,114.0999984741211
10567,3,1,695
7149,476,1,42
92642,99,1,93.9900016784668
72084,1076,1,156.4800033569336
89396,160,1,78.4399995803833
56764,661,1,59.5
28397,96,1,14.609999656677246
35061,279,1,85.5
18204,1221,1,245
25151,319,1,45.950000762939446
54082,41,1,29.61000061035156
52373,560,1,32.95000076293945
44172,1012,1,45.950000762939446
99091,1015,1,15.4399995803833
21281,370,1,88
12625,1258,1,90.94999694824219
83422,495,2,205.9900016784668
81258,68,1,62
13123,325,1,66.58999633789062
89871,106,1,162.5
58759,13,1,79.5
10069,560,1,12.989999771118164
41447,5,1,39.9900016784668
7341,426,1,241.4900016784668
83253,1137,1,84.94999694824217
80007,3,1,39.9900016784668
57285,432,1,12.489999771118164
54039,553,1,59.5
97786,173,1,146.89999389648438
62695,702,1,14.989999771118164
24653,542,1,89
81195,23,1,39.950000762939446
80697,1190,1,49.5
55227,22,1,11.489999771118164
79784,442,1,88
76867,108,2,313
85025,182,1,29
1868,32,1,23.950000762939453
88334,6,1,25
80803,763,1,215.38999938964844
2758,820,1,29.989999771118164
66694,1228,1,475
84006,1297,1,32.9900016784668
34371,459,1,19.239999771118164
63256,175,1,51.920000076293945
58928,230,1,325
33289,6,1,22.5
36206,17,2,158.02999877929688
15977,826,1,10
57846,243,1,25
11649,262,1,42.9900016784668
7321,219,1,45.09999847412109
37617,366,1,318.93999671936035
8403,52,1,36.400001525878906
58865,15,2,157.48999786376953
59947,423,1,263
37680,1017,1,58
36598,424,1,107.13000106811523
80113,1,1,70.4000015258789
15934,52,2,96.96999740600586
24590,90,3,144.35999965667725
786,619,1,61.97999954223633
51981,386,1,8.569999694824217
49817,259,1,131.48000144958496
77949,1282,1,65
82277,74,1,36
3342,967,1,9.989999771118164
1676,112,1,29.5
63448,60,1,229.82999992370605
99197,152,1,125.05000019073486
65612,817,1,44
80760,207,1,35.69000053405762
60594,585,1,46.959999084472656
81152,1415,1,36.75
95559,535,1,35
85480,240,2,35.94000053405762
35708,101,1,29.489999771118164
99887,420,1,64.94999694824219
97723,105,2,234.93999862670898
92313,315,1,69
68168,16,2,225.93999671936035
48002,586,1,88
64232,168,1,39.30000019073486
19870,57,2,26.690000534057617
17706,137,1,34.989999771118164
59904,519,1,251.98000144958496
46920,263,1,114.94999694824217
39346,6,1,25
41510,450,1,95
4032,543,1,152.64000034332275
53644,340,1,25
1115,12,1,297.9900016784668
21012,104,1,43.7599983215332
58553,121,1,69.5
66379,460,1,81.92000007629393
16103,158,1,31.989999771118164
28838,32,1,46
91185,104,1,99.98999786376952
50040,995,1,165
4719,370,1,36.989999771118164
14537,776,1,29.989999771118164
15416,965,1,64.5
54995,1015,1,178.3300018310547
79801,914,1,259.989990234375
80680,117,1,10
82672,755,1,23.5
37351,775,1,84.93999862670898
26800,25,1,25
23883,126,1,189
3153,78,1,46
35785,138,1,75.98999977111816
8231,167,1,49.470001220703125
94056,194,1,105.81000137329102
22532,509,1,89.98999786376953
5552,13,1,214.9900016784668
7544,626,1,96.4900016784668
55041,246,1,60
41742,662,1,12.199999809265137
8108,338,1,32.9900016784668
54477,564,1,26.75
62303,634,1,50
32914,608,1,145.5
76366,528,1,421.989990234375
73372,49,1,75
43734,1094,1,237.5
76930,451,2,159.9900016784668
95576,34,1,15.449999809265137
83551,214,1,55
99529,1024,1,35
64905,645,1,75.92999935150146
10461,2,1,74.33999633789062
55118,316,1,139
11666,57,1,326
96140,6,1,7.019999980926514
30876,29,2,326.5900077819824
63508,43,1,144.48999786376953
9064,255,1,33.829999923706055
64341,1646,1,98
41696,1055,1,35
88145,418,1,24.989999771118164
52439,200,1,44
84238,1,1,39.5
55513,35,1,33.9900016784668
52957,856,1,35
21530,26,1,130.06999969482422
95622,738,1,197.6499938964844
9628,144,1,56.59999847412109
19538,206,1,36
42260,959,1,96.6400032043457
96017,261,2,26.489999771118164
55559,208,2,103
42824,1316,1,34.9900016784668
77199,26,1,25.700000762939453
47484,31,1,49.9900016784668
18410,377,1,113.64999771118164
83674,1391,1,59.9900016784668
21576,4,1,44.9900016784668
4596,1220,1,87.9900016784668
3717,45,1,186.95999717712402
11543,1614,1,85.98999786376953
68981,64,1,171.93999671936035
328,270,1,181.56999969482422
99967,892,1,49.9900016784668
21968,108,2,128.21000289916992
77245,272,1,220.82000350952148
79,895,1,11.989999771118164
13063,98,1,160.3300018310547
33870,279,1,79.93000030517578
34952,1430,1,119.98999786376952
17972,118,1,32.9900016784668
16890,1239,1,12.949999809265137
9313,205,1,31.579999923706048
83628,300,1,28.979999542236328
99575,240,1,148
8626,1197,1,54
39266,741,1,39.9900016784668
15021,718,1,6.989999771118164
28005,470,1,109.9499969482422
22847,2,1,34.84999942779541
59635,91,1,45
46651,390,1,68
72370,258,1,85.35000228881836
38825,829,1,70.8899986743927
37746,1356,1,28
14334,136,1,11.880000114440918
38433,3,2,197.95000076293945
15619,689,1,105.95000076293945
81762,422,1,30
44095,70,1,38
27318,1417,1,72.68999862670898
78719,112,1,69.98999786376953
69419,765,1,111.95000076293945
57517,1113,1,229.68999671936032
4155,673,1,42
26877,234,1,19.989999771118164
80239,348,2,50.11000061035156
49207,801,1,127.96999931335449
90667,69,3,463.9099998474121
3763,487,1,19.950000762939453
25403,781,1,514.3400039672852
93618,160,1,69
38387,454,1,100
80929,401,1,35.959999084472656
37305,1151,1,24.989999771118164
91454,1209,1,16.059999465942383
13501,1074,1,23.950000762939453
93853,662,1,212.95000076293945
42652,339,1,39.9900016784668
20763,8,1,29.989999771118164
90936,182,1,82.79000091552734
58304,420,1,491
19412,29,2,214
28400,20,1,19.989999771118164
95656,396,1,158.27000427246094
42011,298,1,65.78999900817871
21404,776,1,261
65987,432,1,29.989999771118164
45380,786,1,156.95000076293945
90793,945,1,170
19054,5,1,43.989999771118164
48440,193,1,300
60342,766,1,24
39784,966,1,40.75
25718,398,1,104.95000076293945
2243,212,1,429
15808,4,1,98
58115,233,1,16
4470,936,1,178
11417,121,1,25.989999771118164
6462,580,1,216.5
25483,942,1,44.9900016784668
2761,1415,1,75
32665,163,2,29.2799997329712
56641,1500,1,45
34829,736,1,54.970001220703125
93020,282,1,25.700000762939453
30750,63,1,85
21092,654,1,60.38999938964844
205,1210,1,77.06999969482422
76117,1483,1,29.989999771118164
19930,438,1,183.9900016784668
22094,1153,1,154.34000205993652
21453,307,1,39.880001068115234
88709,342,1,24
31314,535,1,94.5
53913,346,1,136.1699981689453
42134,43,1,78
77889,235,1,32.03999996185303
82592,612,1,82
64590,374,1,105
97222,276,1,172
41868,1586,1,59.9900016784668
74079,208,1,44.9900016784668
95058,313,1,32.9900016784668
89227,592,1,100
75161,34,1,74.98999786376953
53770,611,1,50
76492,40,1,174.66000366210938
51357,988,1,150
73246,1486,1,32.889999389648445
66064,420,1,14.989999771118164
87876,60,1,106.33999824523926
98573,239,1,21
99778,1228,1,260
35911,381,1,11.989999771118164
93349,157,1,106.05999755859376
15931,904,1,24
93100,144,1,68.88999938964844
41507,311,1,77.16999816894531
22535,1648,1,164
45884,516,2,210.9199924468994
84836,438,1,40.9900016784668
6883,44,1,30
31191,119,1,72.96999931335449
2071,688,1,33.47999954223633
49522,301,1,163
24636,1356,1,205.52000045776367
50604,324,1,16.899999618530273
1679,308,1,69.94999694824219
23319,306,1,12
16372,36,1,239
19618,1920,1,25
94182,726,1,49.9900016784668
68463,172,1,69.5
68214,64,1,127.08000183105467
8357,175,1,236.45000076293945
3637,414,2,104.47999954223633
38261,6,1,243.98000526428225
27441,420,1,95
94574,54,1,69
62114,155,1,25.979999542236328
47607,40,1,17.5
23803,292,1,76
37869,615,1,182.22000122070312
36787,112,1,32.5
11901,546,1,16.940000534057617
40033,148,1,69.5
60199,129,1,202.9900054931641
36395,587,2,147.98000526428223
45051,406,1,17.799999237060547
88380,696,1,142.69000005722046
71019,8,1,286
46133,15,1,15.899999618530272
89462,816,1,43.89999961853028
99200,743,1,10
20182,13,1,428.87999725341797
77952,582,1,68.88000106811523
32585,4,1,34.900001525878906
57723,1502,1,49.450000762939446
46980,31,1,5.989999771118164
65217,150,1,12
81510,1127,1,89.98999786376953
86465,690,1,29.989999771118164
66190,51,1,29.989999771118164
5881,1360,1,73.95000076293945
74016,931,1,30.200000762939453
91328,42,1,125
55825,886,1,34.97999954223633
98822,259,1,234.92999267578125
9817,485,1,22.5
80491,1237,1,23.989999771118164
68088,107,1,89.97999954223633
15227,208,1,376.70999908447266
85400,1067,1,12.979999542236328
30547,1297,1,33.16999816894531
52768,398,1,67.98999786376953
82483,22,1,62.9900016784668
81464,187,1,24
41430,274,1,72.9800033569336
36475,260,1,86.05000305175781
43422,4,1,66.5
53787,389,1,59.950000762939446
86419,79,1,193.9499969482422
31520,1283,1,44.9900016784668
32084,47,1,111
17766,1174,2,147.13999938964844
16764,361,1,44
95765,207,1,121.9900016784668
82028,667,1,208
25592,89,1,99.98999786376952
42904,226,1,59.8799991607666
24258,1284,1,63
60216,1065,1,44.930000305175774
52313,788,1,198.95000076293945
38968,685,1,109.45000076293945
20322,903,1,49.5
84381,570,2,84.95000076293945
13830,838,1,55
84066,45,1,26.950000762939453
12310,566,1,10.5
44942,1599,1,374.9500122070313
6900,186,1,49.5
93727,36,1,41.9900016784668
42950,756,1,25
66754,331,1,79.93999671936035
16810,1638,1,189.37000560760498
27630,1217,1,92
51434,221,2,127.98999977111816
22220,494,1,159.5
54852,7,1,268.4499969482422
45506,490,1,48.650001525878906
23694,343,3,605.3300037384033
12874,532,1,36
62818,97,1,230.45000076293945
11792,212,1,49
972,1057,2,110.9799976348877
29104,68,1,34.9900016784668
56389,65,1,50.9900016784668
68543,1749,1,49.5
21765,155,1,164.89999961853027
48314,95,1,24.059999465942383
51231,1147,1,79
27066,188,3,106.87000179290771
75018,60,1,64.69000244140625
92330,241,1,33.989999771118164
94949,212,1,16.989999771118164
64653,571,1,22
9754,168,1,59
47341,744,1,29.989999771118164
77637,86,1,19.989999771118164
4407,1232,1,13.199999809265137
61596,362,1,44
20637,3,1,194.94000244140625
56186,951,1,118
78908,27,1,13.3100004196167
57268,333,1,302.9800033569336
52250,100,1,49
74972,1025,1,64.98999786376953
42967,886,1,142.8300018310547
37557,3,2,202.97999954223633
31503,347,1,137.95000076293945
48815,1329,1,239.19000244140625
70063,1210,1,48
93867,67,1,57.170000076293945
94746,399,1,16.989999771118164
59243,762,1,15
83047,719,1,46.220001220703125
23631,455,2,298.76000022888184
44879,9,1,74.9900016784668
41633,36,1,262
5927,804,1,124.98999786376953
11337,860,1,12
57142,375,1,48
74454,2,1,214.97999954223633
1364,722,1,42
50478,913,1,35
41822,278,1,44.45000076293945
59134,8,1,91.98999977111816
48486,3,1,89.94999694824217
28257,112,1,124.93000030517578
15854,367,1,25
16873,860,1,49.5
85008,365,1,26.56999969482421
29230,635,1,23
3262,221,1,229.9900054931641
49505,735,1,19.5
42841,533,1,189.47999572753906
46777,259,1,34.9900016784668
93475,151,2,119.5
96721,128,1,82.95000076293945
63760,352,1,99.98999786376952
89728,260,1,112.25
67507,155,2,129.85000038146973
98384,1238,1,68
63070,847,1,34.9900016784668
45758,182,1,139.9499969482422
71726,946,1,283.3399963378906
93993,1087,1,59.9900016784668
68025,155,2,120.75
54414,17,1,48.959999084472656
77136,490,1,61.44999980926514
92456,279,1,89.5999984741211
33856,418,1,219
89273,1,1,132.98999977111816
80617,30,1,59.9900016784668
4610,309,1,44.27999877929688
62552,804,1,14.449999809265137
12608,96,1,29.5
97176,279,1,318.98000144958496
55888,311,1,126
71208,334,1,133.46999740600586
69044,921,1,14.989999771118164
47232,420,1,42
29920,3,1,129
10444,206,1,231.75
91437,1170,1,66.95999908447266
88520,4,1,39.950000762939446
62380,267,1,54.9900016784668
49960,51,1,165.9800033569336
6508,1676,1,72.8499984741211
15164,71,1,379.6599998474121
23992,654,1,198.9900016784668
73764,1486,1,69.98999786376953
40614,330,2,153.23999977111816
37368,1030,1,63.38000178337097
3826,986,2,119.48999786376953
49270,420,1,65
580,755,1,95.8199996948242
12482,1205,1,49
20056,604,1,33.5
38450,1065,1,67.22000122070312
17202,822,1,51.97999954223633
19366,558,2,244.97999572753903
22612,622,2,454.9900016784668
2054,16,2,108.29000186920166
31268,944,1,73.19999694824217
28022,317,1,28
89602,497,1,70.86000061035156
85274,535,1,10
76618,676,1,158.5999984741211
54978,109,1,218
6053,59,1,22.989999771118164
27693,665,1,5.980000019073486
77010,361,1,13.010000228881836
53661,917,1,129.9799976348877
72682,9,1,156.10999870300293
57989,255,1,15.06999969482422
36349,923,1,9.470000267028809
63007,1179,1,79.5
37039,62,1,50
97474,4,1,296.939998626709
48941,645,1,169.92999649047852
57597,42,1,24.989999771118164
31629,98,1,65.30000305175781
84882,63,1,27.950000762939453
75599,677,1,24.950000762939453
89210,745,1,154.48000144958496
78845,1231,1,15.279999732971191
98948,960,1,13.989999771118164
61533,426,1,154
52877,39,1,34.9900016784668
90292,4,1,115.97999763488768
9691,548,2,317.7100009918213
31331,207,1,50
3199,470,2,25.84999942779541
24839,389,1,227
18347,33,1,85.72999954223633
20511,1481,1,35.970001220703125
13627,1544,1,139
59071,59,2,65.9900016784668
35267,222,1,89.98999786376953
30939,116,1,28
4971,288,1,169
56907,104,1,200.94000625610352
54743,67,1,399
7135,293,1,68.44000053405762
10083,426,1,10
3591,1519,1,7.980000019073486
1427,830,1,16.780000686645508
7919,7,1,563
11165,251,1,55
80371,582,1,49.9900016784668
63391,148,1,46.950000762939446
43494,459,2,82.88999938964844
71881,63,1,49.93999862670898
83288,1076,1,32
35004,920,1,74.5
1044,873,1,236.06000137329102
36355,1107,2,96.9800033569336
70530,373,1,44
93129,522,1,57.5
45060,19,1,159.3299970626831
15153,681,2,112.95000076293945
80417,67,1,470.5900011062622
69179,415,1,318.9199981689453
35050,1359,1,16.950000762939453
57772,885,1,24.989999771118164
52030,1413,1,263
40792,324,1,9.989999771118164
30782,802,1,108
70484,2,1,18
19544,3,1,42.68000030517578
70361,163,2,52.94000053405762
13802,43,1,15.949999809265137
87341,114,1,49.5
8183,204,1,106.21000099182129
19421,125,1,61.9900016784668
875,19,1,9.989999771118164
34835,17,1,38
66139,322,1,11.579999923706056
46242,1363,1,6.989999771118164
12282,308,1,339
23766,184,1,110
12359,127,1,96.91000175476074
87387,276,1,189
47593,571,1,18
24994,284,1,135
64788,615,1,25
33484,651,1,129
58954,472,1,99.97000122070312
90381,106,1,129.99000549316406
12236,1099,1,54
88984,460,1,434.5
998,964,1,19.989999771118164
32302,685,1,81
68841,222,1,50.09000015258789
54778,133,1,49.9900016784668
66262,1071,1,26.989999771118164
33530,1148,1,237.9900016784668
56129,462,1,34.97999954223633
78974,108,1,7.1599998474121085
33653,210,1,49.9900016784668
98917,160,1,39.950000762939446
37998,913,1,206.5
97689,464,1,110.27999973297119
15030,152,1,151.11000061035156
68887,327,1,154.48999977111816
6955,748,1,18
82950,383,1,313.8700017929077
65970,894,1,89.98999786376953
54563,600,1,33.27000045776367
74875,821,1,45
12113,909,1,92.98999977111816
5389,34,1,89.45000076293945
45183,128,2,163.8400001525879
90135,559,1,19.989999771118164
82014,99,1,170.52999782562256
28203,158,1,45
9657,1544,1,34.9900016784668
74921,1709,1,24.950000762939453
47885,44,1,179.9499969482422
27573,649,1,31.489999771118164
6371,21,1,103
83534,683,1,86.35000228881836
80540,1171,1,104.5
4207,1275,1,34
20434,135,1,244.18999862670898
52153,142,1,21.989999771118164
8137,115,1,199.48999786376953
16504,168,2,413
36816,1227,1,25
50925,15,1,195
64450,347,1,14.239999771118164
74337,482,1,104
72173,73,1,64.5
80832,4,2,135.95000076293945
38044,277,1,11.989999771118164
97059,391,1,189
29139,2,2,405.16000175476074
17978,1156,1,29.989999771118164
94649,422,1,22
74583,107,1,102.98999786376952
61994,86,2,193.93999862670898
39518,15,2,20.979999542236328
7845,72,1,93.89999961853027
50633,719,1,61.5
7032,353,2,72.9900016784668
23182,223,1,19.13999938964844
14692,626,1,95
96936,27,2,208.5
63806,412,1,54
99853,772,1,252.85000228881836
68028,10,1,14
7553,1352,1,48
90842,248,1,24.989999771118164
89797,618,1,182
82137,1636,1,65
48177,100,1,197.99000549316406
56667,478,1,64.80000305175781
34068,732,1,19.989999771118164
31887,213,3,471.5899963378906
583,735,1,49.9900016784668
24058,1369,1,149
65678,25,2,234.32999897003174
72342,106,1,25
46780,630,1,64.96999931335449
18485,384,1,98
33192,629,1,47.94000053405761
92714,194,1,70.94999694824219
85054,44,1,126
33069,793,1,78.5
42389,28,1,36.5
73816,99,1,74
81476,1107,1,19.989999771118164
70115,26,1,142.9799976348877
86451,39,2,53.98000144958496
52568,21,1,25
43248,454,1,10.489999771118164
9780,707,1,35
45827,32,1,294.36999702453613
79787,5,1,19.5
99684,255,1,55.41999816894531
32594,15,1,464.49999618530273
460,795,1,220.85000228881836
71297,572,1,25
36109,1706,1,69.9800033569336
31320,326,1,49.5
33945,1130,1,39.9900016784668
88094,1225,1,49.5
45306,671,1,648.9500007629395
4805,720,1,13.199999809265137
62624,492,1,102.90000152587892
41376,416,1,49.9900016784668
68426,1059,1,61.98000144958496
10072,190,1,69
97812,1054,1,69.98999977111816
97981,9,1,108.25
752,210,1,44.46999931335449
57188,62,1,89.98999786376953
3331,16,1,188.98999977111816
37291,285,1,48
77254,52,1,24
87925,345,1,87.88999938964845
76564,27,1,27.989999771118164
76441,84,2,74.47000122070312
78605,152,1,167.44999694824216
40915,243,1,69.98999786376953
15445,212,1,145
91440,1056,1,55.97000026702881
32010,772,1,25
3208,278,1,85
78207,263,1,38.97999954223633
28678,212,1,63.970001220703125
49820,87,1,31.989999771118164
47009,701,1,148
58831,1715,1,26
81645,24,1,29.989999771118164
7430,547,1,177.13999938964844
21539,116,1,59.9900016784668
3102,117,1,35.970001220703125
48054,297,1,26.989999771118164
1336,617,1,127.51000213623048
29554,732,1,35
80663,153,1,21
11652,472,2,179.98999786376953
97228,851,1,390.94000244140625
79189,1038,1,201.19999694824216
89505,38,1,128
34237,62,1,34.9900016784668
90550,446,1,39.5
44553,190,1,78.27999877929689
72050,287,1,77.83999633789062
65801,938,1,81.9900016784668
40331,494,2,235.9900054931641
49236,455,1,60
74214,793,1,31.5
92024,909,1,32.9900016784668
41605,1160,1,202.99000549316406
25824,1034,1,174.9900016784668
59415,149,1,211.48000144958496
61579,948,1,59.5
14463,1429,1,229.9900054931641
39441,221,1,10.6899995803833
18791,844,1,44.5
8014,49,1,33.71000003814697
48638,1131,1,53.9900016784668
5850,665,1,25
81247,89,1,42
15737,63,2,145.9600009918213
6248,325,1,91.12999725341795
42787,1166,1,139.99000549316406
17901,1134,1,44.9900016784668
4576,36,1,38
26806,5,1,24.989999771118164
92316,251,1,160
85575,8,1,217.97999572753906
28280,392,1,223
93298,266,1,122.78999900817871
91134,48,1,59.9900016784668
50510,236,1,195
36985,1526,1,10
19083,224,1,12.989999771118164
16919,31,1,34.9900016784668
59707,316,1,21.89999961853028
54071,434,1,85
10364,216,1,428
51154,79,1,18
72711,380,1,56.25
75628,23,1,160.99000549316406
25684,1,1,12
96830,141,1,146.5
95170,149,1,19.96999931335449
44015,876,1,18.479999542236328
11715,846,1,179.97999572753906
59999,834,1,55
28910,542,1,76.9900016784668
65432,191,1,57.9900016784668
62346,63,1,89.5
78330,1316,1,93
62515,143,2,107.45000076293945
93819,1173,1,42.58000183105469
93650,49,1,15.380000114440918
48452,20,1,48
95124,409,1,74.4900016784668
27204,415,1,33.880001068115234
57082,1380,1,298.48999786376953
12880,139,1,55
40102,132,1,70.94000244140625
75459,514,3,115.63000011444092
88200,6,1,41.930000305175774
19023,146,1,59.900001525878906
48406,340,1,38
22936,347,1,16.420000076293945
66952,661,1,29.989999771118164
354,210,1,34.989999771118164
477,73,1,103.80999755859375
74108,233,1,481.48999977111816
99578,1320,1,65
83594,1448,1,42.72999954223633
92422,798,2,270.98999977111816
27158,22,1,69
86820,3,1,53.950000762939446
68180,271,1,261.95000076293945
28217,793,1,312.45999908447266
36876,291,1,74.33999633789062
64267,328,1,19.989999771118164
59767,286,1,149.99000549316406
37045,1113,1,61
85515,703,2,270.7000045776367
81015,1235,1,16.450000762939453
24456,833,1,419
58293,680,1,38
42850,125,1,44.9900016784668
15628,1624,1,13.590000152587892
26989,691,1,105
49465,65,1,10.770000457763672
85452,199,1,25
31595,184,1,52.59000015258789
95187,544,2,285.29999923706055
44247,119,1,89.94999694824217
98104,21,1,132.66000366210938
53733,437,1,61.02000045776367
25346,553,2,91.89000129699707
82120,13,1,179.99000549316406
41330,527,1,182
16856,854,1,32.989999771118164
69717,72,1,59.5
13049,112,1,78
78313,4,2,18.949999809265137
94297,1299,1,18
65495,29,1,7.989999771118163
81184,281,1,29.989999771118164
4098,851,1,10.659999847412108
34297,177,2,102.97999954223633
96229,711,1,99
84822,124,1,63
55854,147,1,49.02999877929688
2578,26,1,145
42956,1040,1,29.950000762939453
21708,794,2,125.97999954223633
73939,602,2,204.47000122070312
88263,2,1,41.3700008392334
23245,96,1,158.27000427246094
51217,756,1,68
27327,36,1,44.9900016784668
57955,43,1,15
92439,638,1,44.9900016784668
98688,274,1,319.9499969482422
72465,73,1,15.949999809265137
82704,199,1,19.989999771118164
56481,68,1,35.900001525878906
69963,181,1,148.5
24519,88,1,234.93999862670898
63620,2,1,39.9900016784668
21662,215,2,76.98999977111816
91549,1058,1,14.989999771118164
86926,1087,1,118
77440,3,1,34.9900016784668
98041,18,1,38.43999862670898
83932,769,1,65.16999816894531
92485,476,1,136.5
85406,496,1,188.92999839782715
62684,578,1,4.949999809265137
56192,136,1,54.9900016784668
58356,167,2,94.45000076293945
11237,182,3,131.23000049591064
58602,167,1,35.9900016784668
9763,242,2,108.36000061035155
7599,579,1,29.950000762939453
41436,77,1,19.979999542236328
66322,84,1,31
34944,162,1,78
22352,599,3,442.95001220703125
629,1307,1,85.94999694824219
75213,94,1,105.9900016784668
97766,224,1,25
47822,384,1,59
79956,304,1,22.540000915527344
43388,315,1,116.41999816894531
84178,676,1,134.9499969482422
82352,242,2,449.74000358581543
65157,112,1,47.9900016784668
40898,709,1,39.5
14217,648,1,12.989999771118164
47347,495,1,221
414,31,2,71.53000068664551
90318,250,1,18
36461,117,1,162.89999771118164
65847,865,2,228.68999862670898
61104,330,1,125.98999977111816
8074,133,1,42.9900016784668
58018,819,1,264
8552,67,3,221.72000122070312
94755,319,2,204
97460,613,1,35
90796,1040,1,72.98999786376953
69070,839,1,44.9900016784668
83136,1311,1,19.989999771118164
4851,112,1,79.89000225067139
80431,84,1,72.98000144958496
71775,695,1,18
49053,445,1,45.97999954223633
48821,647,1,199
46657,837,1,40
75044,325,1,24.989999771118164
77208,1450,1,44.950000762939446
59398,381,1,147
29322,189,1,25
70069,42,1,78
11469,47,1,59.5
84410,182,2,260.9200005531311
32717,3,1,78.98999977111816
68595,1443,1,50.39999961853028
91317,1172,1,25
70759,265,1,54.9900016784668
1413,304,1,105.55999755859376
32548,609,1,10.880000114440918
86574,840,1,25
71818,1200,1,53.47999954223633
44768,151,1,11.449999809265137
46073,501,1,942.4500007629395
48990,455,1,27
27848,323,1,36
78788,8,2,432
70132,1454,1,25
2272,88,3,406.6900062561035
26746,64,2,429.8899974822998
31074,42,1,188
41851,4,1,133
45552,1276,1,68.9900016784668
59355,481,1,25
95814,731,1,26
41957,512,1,18.989999771118164
60351,770,1,21.8700008392334
37629,9,1,44.9900016784668
13570,991,1,36
99146,1127,1,27.989999771118164
84241,606,1,37.9900016784668
89259,228,1,85
65910,665,1,119.47000122070312
85927,485,1,25
58877,1394,1,54.950000762939446
77898,216,1,12
81599,42,1,132.98000144958496
77271,1424,1,5.949999809265137
88632,1251,1,289
70238,264,1,208
20019,530,1,73.4000015258789
67384,105,1,24
53902,914,1,112
45246,146,1,170.88000011444092
19129,436,1,42.9900016784668
34775,715,1,28.950000762939453
46136,7,2,107.06000137329102
50464,95,1,55.950000762939446
23457,545,1,16.5
54792,457,1,25
34818,394,1,383
36939,1009,1,19.989999771118164
87742,79,1,45.880001068115234
2166,463,2,398.9900016784668
38213,214,1,32.92999935150147
63099,420,1,109
81493,146,1,54.64999961853027
70822,48,1,44.9900016784668
75150,799,1,279
7968,4,1,80
66494,234,1,17.989999771118164
95708,174,1,81.88000106811523
76458,13,1,94.5
42498,417,1,14.989999771118164
92774,377,1,57.95000076293945
17715,948,1,147.68999671936032
71526,276,1,70
63036,70,1,9.989999771118164
60165,8,2,47.98000144958496
46720,44,1,72.5
20586,159,1,84.12000274658203
11881,279,1,72
9889,1541,1,94.95000076293945
90736,120,1,39.880001068115234
65097,249,2,108.0999984741211
31137,228,1,299.9799976348877
81413,864,1,40
56776,17,1,59.9900016784668
68014,118,1,27.989999771118164
73092,92,2,134.9900016784668
32442,558,1,150.2700023651123
54377,780,2,358.6999931335449
86468,9,2,130
9843,556,1,24.459999084472656
26159,255,1,9.989999771118164
85804,1501,1,34.9900016784668
37397,436,1,194.97999954223633
75625,402,1,8.979999542236328
96186,43,2,252.02999877929685
73046,1010,1,53.5
84453,1044,1,247.9000005722046
83766,974,1,25.979999542236328
92256,23,1,68.94999694824219
74938,184,1,33.15999889373779
80895,132,1,145
85758,26,1,8.989999771118164
83428,336,1,19.950000762939453
61685,701,2,43.55999946594239
92820,1095,1,32
84407,108,1,14.979999542236328
95645,950,1,103.09000015258789
72923,479,1,312.47000312805176
73587,231,1,120.98999977111816
50278,167,1,79.9900016784668
83474,493,1,12.859999656677246
27038,1093,1,750
40391,862,1,98
38399,196,1,186.9900016784668
29571,571,1,33
70547,75,1,90.77999877929688
93361,1203,1,20.75
37002,540,1,79.16999816894531
90859,859,1,49.95000076293945
98685,101,1,15.989999771118164
33670,321,1,25.89999961853028
23580,11,1,10
1061,309,1,164.61000061035156
85512,227,1,88
12422,1660,1,196.99000549316406
4393,323,1,87.5
52216,986,1,14.630000114440918
68532,379,1,63.950000762939446
12219,48,1,78.94000053405762
91795,543,1,44
57171,78,1,44.9900016784668
64264,115,2,241.5999984741211
14234,8,1,48
76166,132,1,200.67999935150146
27218,100,1,166.95000076293945
8246,857,2,372.8999881744385
38625,525,2,284
58691,23,1,258
13739,78,1,121.28000259399414
30968,1054,1,174.93999671936035
75917,443,1,44.05999946594238
5329,816,1,12
70593,347,1,99.4900016784668
48363,1776,1,59.90000057220458
25641,47,1,50.94000053405762
18671,604,1,102.60000228881836
34987,927,1,89.90999698638915
4347,16,1,179.99000549316406
3314,238,2,90.34000015258789
43557,439,1,14.989999771118164
59873,998,1,20.96999931335449
30032,220,1,94.9800033569336
45661,136,1,31.5
22106,9,1,50.880001068115234
68137,98,1,17.329999923706055
56730,24,1,79
67550,182,1,87.94999694824217
66909,477,1,39.9900016784668
69073,355,1,48.9900016784668
37105,366,1,59.9900016784668
78270,1310,1,41.9900016784668
520,1000,1,25
87324,189,2,201.43000030517578
44782,239,1,12.979999542236328
33962,17,1,77.5
78419,799,1,339.7100028991699
22060,365,1,140
812,894,1,98.9900016784668
66076,799,1,300
22186,106,1,59.5
85363,526,1,9.920000076293944
35585,365,2,85.98999977111816
68383,7,1,34.94999980926514
92359,73,1,57
19269,904,1,59.950000762939446
95276,57,1,124.98000144958496
31506,1162,1,251.37000560760498
67032,892,1,52.10000133514404
17254,541,1,35.959999084472656
49173,430,1,25
14383,58,1,12.5
5893,901,1,123.36999988555908
89631,393,2,192.9000015258789
74028,365,1,67.55999755859375
25054,294,1,39.9900016784668
94068,441,1,22.989999771118164
36464,294,1,60
32714,1154,1,57.08000183105469
62100,644,1,169.9900016784668
20145,174,1,99
73338,85,2,86.43000030517578
40211,1195,1,29.989999771118164
49863,1134,1,42.92000102996826
71111,627,1,374
83013,453,2,340.9700012207031
13175,133,1,34.9900016784668
72820,159,1,7.679999828338623
40729,302,1,95
23872,103,2,69.45000076293945
54795,871,1,24
94374,1094,1,89.98999786376953
47135,18,1,91.98999977111816
20835,1247,1,210.98000144958496
24536,71,1,19.989999771118164
3855,253,1,13.989999771118164
29491,117,1,17.25
60062,748,2,39.989999771118164
75210,1651,1,69.94999694824219
6205,337,1,126.17000198364258
3288,582,3,154.02000427246094
59060,44,1,192.98999977111816
84038,539,1,60.989999771118164
2624,1499,1,32.560001373291016
21353,27,1,16
39976,122,1,80
83889,271,1,64.98999786376953
71423,501,1,53
93235,515,1,12.989999771118164
84579,654,1,19.950000762939453
95817,932,1,228
86571,27,1,98
48701,85,1,98
85097,663,1,38.40999984741211
69949,4,1,14.989999771118164
52488,187,1,28
81539,224,1,33.68000030517578
95768,6,1,49.9900016784668
90444,50,1,57.9900016784668
36338,45,1,303
36587,633,1,99.98999786376952
50175,739,1,220.97000122070312
70819,95,2,175.93000030517578
71864,46,1,59.5
397,445,1,68
82180,1281,1,5.199999809265137
6434,73,1,81.9000015258789
39043,79,1,21.96999931335449
47948,4,2,392.9700050354004
17566,503,1,99
34715,1181,1,21.989999771118164
70178,3,1,107
50616,130,1,149.48999977111816
5664,536,1,14.989999771118164
68506,336,1,14.479999542236328
21645,667,1,169.5
85240,74,1,195
98224,983,1,137
33882,978,1,28.979999542236328
12634,51,2,72.43000030517578
63992,763,1,19.989999771118164
67324,477,1,40
9302,293,1,98
60291,869,1,59.9900016784668
44602,1101,1,158
40225,998,1,225.97999954223633
3978,274,1,114.9499969482422
1273,381,1,127.9900016784668
46225,729,1,65
20663,629,1,65
23368,1642,1,49.9900016784668
71652,326,1,122.1500015258789
29909,587,1,68.98999786376953
26849,1570,1,17.899999618530273
8120,170,1,99.98999786376953
80706,200,2,70
69637,214,1,150.4000015258789
65558,15,1,54.9900016784668
57145,120,1,48.29999923706056
59458,40,2,149.95000076293945
55130,137,2,129.22999954223633
46474,332,1,100
23660,102,1,23.949999809265137
78393,27,1,15.100000381469728
91426,579,1,128
65017,939,1,48.8799991607666
99641,89,1,18.449999809265137
69345,1079,1,60
99790,169,1,65.97000122070312
90593,60,1,9.670000076293944
80205,205,1,172
31257,48,1,164
46577,612,3,194.92000198364258
81201,791,1,52.94000053405761
26348,71,2,362
27344,299,1,68.98999786376953
42664,1388,1,79.98999786376953
93604,565,1,24
30261,743,1,41.9900016784668
39747,929,1,95
52505,155,2,91.84000015258789
5100,31,1,64.94999694824219
44679,133,1,27.75
6096,291,1,17
10055,176,1,63.5
78190,1109,1,76.73000144958496
44539,598,1,44.950000762939446
12070,99,1,49.950000762939446
99392,622,1,51.950000762939446
98396,1562,1,53.06999969482422
94483,11,1,112.98000144958496
73753,278,1,190.95000076293945
72757,623,1,33.97999954223633
95479,547,1,271.61000061035156
78685,37,1,219
94005,371,1,221.72999691963193
9531,440,1,86.0999984741211
64390,134,1,89.5
3039,106,1,123.79000091552734
52983,1291,1,34
90092,132,2,164.23999786376953
35648,671,1,111.98999786376953
72897,545,2,53.9900016784668
78731,225,1,38.9900016784668
38273,2,1,26.170000076293945
43142,19,1,99
31781,912,1,69.94999694824219
96043,255,1,88.93999862670898
22953,346,1,263.45999908447266
16461,820,1,50
10487,1287,1,54.950000762939446
86156,561,1,238
14987,234,1,18.75
59521,904,1,69
3580,1201,1,99.54000091552734
9577,1153,1,197.18999671936035
41622,39,1,12
74277,659,2,400.1999988555908
58957,200,2,112.95000076293945
73736,23,1,98
8472,391,1,172.46999764442444
185,1627,1,114.97999954223633
76269,1210,1,197
36172,41,1,50
49156,26,1,55.28000068664551
74294,219,1,22
43998,457,1,28
31844,1229,1,58.4900016784668
41081,674,1,173.98999977111816
91606,1721,1,49.9900016784668
46013,75,1,34.94999980926514
56378,332,1,193.15999794006348
58001,196,1,54
22750,428,1,67.5
18422,102,1,64.98999786376953
3563,624,1,35.4900016784668
10596,669,1,37.2599983215332
88987,259,1,258
62933,10,2,102.48999977111816
89983,44,1,21.600000381469727
66265,18,1,15
18562,339,2,16.979999542236328
6660,166,1,41.579999923706055
6574,293,1,93.4000015258789
80245,4,1,78
86494,7,1,275.9499969482422
86972,30,3,57.97999954223633
99870,425,1,298.4799995422363
95542,1050,1,84.20000076293945
98874,998,1,219
2043,342,1,43.9900016784668
26434,333,1,118.25
8535,1308,1,39.9900016784668
24270,88,2,63.73000144958496
65386,400,1,102.96999931335449
62392,452,2,159.92000579833984
49408,49,2,189.1299991607666
36275,704,1,25.350000381469727
41144,303,2,404.98999977111816
93424,407,1,150
99916,1683,1,24.950000762939453
47636,212,1,17.709999084472656
95588,667,1,62.98000144958496
21957,661,1,6.989999771118164
1502,128,2,352.6500053405762
78668,336,1,113.93999671936032
19896,587,1,395.8000030517578
26388,965,1,16.969999313354492
31798,739,1,11.989999771118164
35631,3,1,77.26000213623048
49697,203,2,335.94000244140625
37795,134,1,23.989999771118164
31303,804,1,25
85160,749,1,22
70255,479,1,27.31999969482421
24224,149,1,600.4499969482422
57420,167,1,38.47999954223633
5140,89,1,38
75273,201,1,97
70945,1277,1,185
97995,946,1,70.94000244140625
64453,93,1,28.799999237060547
68781,345,1,55.380001068115234
81765,165,1,26.989999771118164
50928,272,1,24.950000762939453
47682,12,1,55
86634,537,1,7.989999771118163
82306,322,1,57.950000762939446
14878,898,2,156.2199993133545
5681,177,1,47.98000144958496
56879,45,1,94.94999694824216
23016,23,1,44.9900016784668
92193,23,1,74.96000099182129
31672,341,1,372.95000076293945
42249,55,1,52.79999923706056
54841,759,1,24.5
82518,7,1,69.5
64493,304,1,18.479999542236328
55837,225,1,79
98121,913,1,88
97815,216,1,34.9900016784668
91151,75,1,39.9900016784668
99807,1410,1,69.9800033569336
18774,5,2,203.09999465942383
20523,166,1,73.94000053405762
7954,449,1,99.61000061035156
12110,75,1,18
63803,1127,1,16.75
61811,90,1,32.95000076293945
8197,183,1,13.100000381469728
96584,37,1,695
94420,775,1,195
76395,537,1,37.709999084472656
46640,568,1,42
37984,342,1,397.99000549316406
41771,79,2,26.929999351501465
69903,127,1,9.989999771118164
44476,769,1,39.950000762939446
87215,552,1,74.5
48529,141,1,123.45000076293945
57185,112,1,198
35130,32,1,23.979999542236328
61270,399,1,47
5249,740,1,198
93730,12,2,437.9399948120117
60016,579,1,39.97999954223633
37294,398,1,88
66680,581,1,159
45950,564,1,15.989999771118164
14572,45,1,207.47000122070312
54088,252,1,112.25
13882,565,2,33
21997,1813,1,103.92000007629395
11177,481,1,36.9900016784668
51924,1352,1,32.9900016784668
40022,89,2,133.5900001525879
1980,1234,1,35.9900016784668
4144,707,2,68.98000144958496
63285,6,1,17.989999771118164
16046,799,1,134
38768,3,1,96
83365,856,1,89.94999694824217
20852,176,1,77
33836,702,1,259.989990234375
85286,124,1,107.95000076293945
31429,12,1,47.16999816894531
93942,1068,1,99
48741,3,1,42
80958,1687,1,164.9699993133545
78041,3,1,234.94999694824216
77022,8,1,76.5
99289,464,1,151.96999740600586
65661,602,1,36.97999954223633
8260,778,1,229.9900054931641
68366,363,1,505.3599967956543
1227,385,1,61.900001525878906
81350,37,1,54
72694,27,1,134
78253,338,1,69.5
49823,204,2,388.5
8950,398,1,11.989999771118164
77712,286,1,79
62807,218,1,97.19999694824216
6786,859,1,25
17606,476,1,221.63000106811523
58479,156,1,37
67135,927,1,119.5
60643,269,1,33
88924,520,1,139
97580,891,1,37.97999954223633
71071,341,1,48
56464,165,2,961.5
73235,36,1,77.06999969482422
54300,110,1,65.52999973297119
11655,733,2,219.82999992370605
76332,8,1,34.650001525878906
65512,1352,1,36.5
40626,56,1,138.06999969482422
47118,139,1,49.9900016784668
33052,44,1,561.6500053405762
28967,348,1,51
37380,95,1,49.9900016784668
57938,1319,1,47.06999969482422
82824,497,1,25
13819,75,1,73.98999786376953
20311,268,1,63.030000686645494
1917,703,1,55.079999923706055
34377,615,1,39.5
80660,705,1,52.950000762939446
36541,41,1,29.989999771118164
19378,66,2,64.4900016784668
59953,375,2,299.5
18837,988,2,117
27493,441,1,39.9900016784668
57248,299,1,15.18000030517578
44264,773,1,33.9900016784668
45887,6,1,6.989999771118164
23165,785,1,11
13968,713,1,14.979999542236328
8017,444,1,58
39936,742,1,129
21001,1,1,61.59999847412109
14509,13,3,250.5
7476,833,1,12.300000190734863
30198,270,1,11.979999542236328
32362,3,1,11.1899995803833
46428,1201,1,11.989999771118164
48592,578,1,19.950000762939453
8870,61,1,26.989999771118164
71217,715,1,12.989999771118164
3036,492,1,36.450000762939446
10198,216,1,36.450000762939446
48403,1501,1,99
38585,15,2,139.55999755859372
91114,1066,1,420
18688,731,1,321.9900016784668
44181,83,1,13.5600004196167
4602,12,1,198
61161,490,1,8.989999771118164
34363,264,1,24.989999771118164
20062,356,1,134.97999572753906
49777,805,1,157.5
68346,434,1,12.989999771118164
65429,133,1,15.949999809265137
85326,23,1,38.680000305175774
32797,239,1,98
41456,1050,1,143
15817,564,1,14.949999809265137
64078,86,1,184.87999725341797
54168,250,1,79.25999832153319
37188,278,1,102.55000305175781
47098,256,1,55
69820,257,2,50.989999771118164
86677,435,1,24.989999771118164
54045,681,1,64.9000015258789
24499,565,1,194.9800033569336
76959,486,1,73.9900016784668
32920,1241,1,89.5
3205,311,1,316.7899990081787
12946,1338,1,458
64224,346,1,12.989999771118164
65475,252,1,51.989999771118164
98184,108,1,134.99000549316406
88028,634,1,30
20108,312,1,14.75
99412,277,1,35.959999084472656
98207,108,2,140.98999786376953
89594,44,1,46.89999961853027
66780,501,2,133.0999984741211
89717,234,1,176
14297,57,1,16.989999771118164
99535,164,1,112
54091,907,1,69.5
24330,643,1,34
44304,10,1,182.04999923706055
24453,763,1,111.98999786376953
68423,940,1,65.94000148773193
22979,97,1,197.3699951171875
45532,918,1,48.930000305175774
78333,924,1,243.60000038146973
12900,1014,1,193.94999694824216
45701,113,1,77.8700008392334
55442,247,1,69
10244,656,1,268
23056,65,1,52.09000015258789
56793,209,1,54.9900016784668
66949,743,1,35.9900016784668
34194,8,1,29.729999542236328
35522,1126,2,50.24000072479248
56916,205,1,35
88343,1173,1,173.19000053405762
34440,672,1,89
89548,28,1,125
99458,9,1,18
55711,1262,1,142.94000244140625
32674,874,1,47
57231,333,1,22.989999771118164
44496,398,1,29.979999542236328
7204,250,1,55.4900016784668
62827,773,1,29.96999931335449
51220,662,1,20.450000762939453
78479,1310,1,24.5
76690,275,1,241.23000144958496
20377,628,1,39
83637,534,1,197.86000442504883
33066,1294,1,152.89999961853027
29972,77,2,116.23999977111816
81327,183,1,54.950000762939446
76498,119,1,49.02999877929688
58605,532,1,18.989999771118164
96810,53,1,66.98999786376953
64347,103,1,44.950000762939446
75170,140,1,132.9900016784668
63955,1217,1,29.989999771118164
75562,235,1,144.9499969482422
53922,75,1,69.5
85595,436,1,136.88000106811523
76644,915,1,96.5
70902,854,1,53.989999771118164
60869,1170,1,68
80935,4,1,19.989999771118164
55250,283,1,30
24768,429,1,29.989999771118164
6122,450,1,178
74042,315,1,103.5
42661,135,2,227.94000244140625
84121,184,2,217.89999771118164
39667,1457,1,39.9900016784668
95190,166,1,375
63909,174,1,44.9900016784668
95582,1058,1,44.9900016784668
70012,867,1,199
84075,1232,1,243.3600025177002
6076,384,1,52.17000031471252
27370,27,1,84
50092,159,1,56
41141,421,1,133.5
83683,342,1,99.98999786376952
17583,243,2,46.97999954223633
71486,763,1,24.079999923706048
1293,1816,1,291
80122,965,1,48.39999961853028
96272,462,1,195.48000144958496
93355,152,1,87.86999988555908
16209,121,2,144.6999969482422
91506,231,1,36.3700008392334
6391,12,1,18.020000457763672
88635,476,1,65.95000076293945
63096,81,1,155.98999977111816
87069,234,1,36
37457,1247,1,69.98999786376953
76421,165,1,59.950000762939446
4164,276,1,237.9900016784668
19816,548,1,118.9799976348877
60769,134,1,238.98999977111816
87759,3,1,87.94999694824217
80812,509,1,59.9900016784668
45094,1688,1,110
6560,204,1,98.48000001907349
97669,701,1,9.989999771118164
82117,58,1,218
43414,160,2,94.98999786376953
47321,1019,1,66.98999977111816
46829,30,1,48.75
9116,204,1,36.9900016784668
56149,1289,1,39.9900016784668
20600,512,1,152
77895,19,1,78.62000274658203
46468,1277,1,99.5
45970,50,1,32
48134,90,1,37.950000762939446
77397,566,1,101
70733,734,1,150.9699993133545
44765,374,1,6.989999771118164
66013,560,1,29.5
53278,297,1,29
3849,2,1,350.9799995422363
87261,1,1,38
33235,550,1,9.59000015258789
90507,45,1,49.450000762939446
42,149,1,17
53401,1167,1,139.5
40666,1149,1,47.95000076293945
46239,491,1,35
57729,609,1,107.70999908447266
56318,80,2,64.83000183105469
69551,1658,1,38.5
8555,22,1,29.690000534057617
67487,17,1,119
24207,109,1,41.96999931335449
78977,107,1,279
94629,843,1,100.81999969482422
65260,441,2,248.89999771118164
42538,141,1,24
64178,364,1,90
43620,689,1,79.94999694824217
16570,710,1,131.4900016784668
51941,469,1,18.950000762939453
96979,112,1,40
69943,380,2,353.3299980163574
21290,20,1,21.93000030517578
25581,562,1,46.89999961853028
22372,560,1,56.52999877929688
2269,472,1,69.5
26663,455,1,33.75
91775,20,1,49.950000762939446
79040,4,1,149
96103,120,1,172.43999862670898
10029,4,1,25
37818,5,1,25.950000762939453
36152,239,1,69.5
39982,125,2,142.25
9637,618,1,42
61622,5,1,49.9900016784668
7473,297,1,47
40872,97,1,69.30000305175781
50361,639,1,51.959999084472656
54689,6,1,30.39999961853028
52525,134,1,48
27639,1543,1,146.25
53607,644,1,107.9900016784668
36544,579,1,7.610000133514403
29803,1556,1,81.58999633789062
75937,1066,1,70
71609,357,1,29.950000762939453
17460,288,1,22
74855,40,1,33
84782,305,1,15.4399995803833
89027,173,2,36.71000099182129
2206,700,1,94.5
74632,136,1,62
34838,815,1,165
26680,84,1,22.93000030517578
42000,1395,1,51.79999923706055
64553,552,1,21.989999771118164
55067,11,1,123.4499969482422
39083,877,1,124.9499969482422
70696,387,1,180.93999481201172
53384,473,1,56.869998931884766
38064,922,2,96.5
27699,292,1,39.9900016784668
46222,334,1,137.0699987411499
88672,1442,1,120.98999977111816
60331,724,1,77
30902,227,1,30.479999542236328
13899,1525,1,9.989999771118164
94646,4,1,25
26726,316,1,27.06999969482421
77503,37,1,16.989999771118164
88718,105,1,31.989999771118164
45057,1248,1,98.45000076293945
17835,304,1,15.090000152587892
50467,261,1,101.2300033569336
5478,402,1,19.989999771118164
61805,215,1,79.98999786376953
93109,153,2,27.679999828338623
1041,60,1,30.270000457763672
15110,1294,1,75
57560,763,1,158
16361,359,1,74.5
66305,446,1,66.9900016784668
33673,34,1,12.989999771118164
35007,1090,1,178.95999908447266
94437,1038,1,24.950000762939453
29428,24,1,26.989999771118164
36312,216,1,81.4000015258789
97371,1,1,148.29999923706055
68944,525,1,45
83053,251,1,69.5
37609,35,1,14
80328,1269,1,18.950000762939453
19733,5,1,100.98999786376952
26225,1759,1,99
9654,3,1,207.98999977111816
16315,972,1,74.94000244140625
25143,180,1,16.5
48778,30,1,207.98999977111816
57606,21,1,49.5
43537,253,1,25
47473,104,2,95.89000034332275
46391,556,2,175.8400001525879
8349,1110,1,201.5
26448,1217,1,39.5
31071,810,1,38.950000762939446
36358,1287,1,23.989999771118164
80105,390,1,39.9900016784668
97417,100,1,129.92999267578125
14841,59,1,54
53670,1071,1,54.950000762939446
87507,971,1,100.98999786376953
13636,351,1,34.9900016784668
6706,195,1,22.5
28346,274,1,14.989999771118164
78871,522,1,49.9900016784668
40749,153,2,67
33172,248,1,35
50484,150,1,470.989990234375
77188,246,1,66
82807,12,1,20.989999771118164
36527,10,1,64.94999694824219
8426,25,1,24.5
93172,405,1,39.9900016784668
67702,191,1,327.9799976348877
83245,3,1,30
71924,418,2,303.66000175476074
53530,544,1,65.35000038146973
76252,153,1,68
77580,38,1,25
40703,774,1,38
35293,323,1,29.950000762939453
54612,226,1,31
93564,75,1,338
78917,408,1,104.45000076293945
39229,428,1,84.5
10015,39,1,16.530000686645508
56332,223,1,18.950000762939453
33610,1569,1,19.170000076293945
29282,301,1,11.729999542236328
50676,165,1,109
75714,540,2,93.98999977111816
59143,1448,1,48.75
3958,382,1,129.5400047302246
80391,201,1,30
10842,989,1,25
15127,929,1,21.989999771118164
93418,773,1,16.5
86883,248,2,121.4000015258789
71778,164,1,13.970000267028809
52302,540,1,25
84719,319,1,64
63079,983,1,106.95000076293945
45372,255,2,356.48999977111816
69176,845,1,85.94999694824217
16647,365,1,32.900001525878906
74586,698,1,82.98999786376953
50782,743,1,395
44387,791,1,26.600000381469727
71732,417,1,24.989999771118164
31698,603,1,19.989999771118164
69568,357,1,48.97999954223633
49010,55,1,90
43305,106,1,148
89110,28,4,202.4199981689453
30510,32,1,20
56478,144,2,42.900001525878906
31008,316,1,474.94998931884766
42913,7,1,187.9799976348877
27593,1000,1,24.950000762939453
83869,32,1,90.5999984741211
45830,2,1,43.790000915527344
48320,915,1,9.989999771118164
63142,406,1,158.98999977111816
38691,218,1,67.95000076293945
56003,128,1,59.5
85409,418,1,16.3700008392334
52777,643,2,153.95000076293945
41702,651,1,14.989999771118164
70089,118,1,180
55694,144,1,596.6300001144409
38456,4,1,99.94999694824216
77726,570,1,125
74025,477,1,29.989999771118164
34065,301,1,349.98999977111816
89800,606,1,135.97000312805176
81144,17,1,38.96999931335449
65369,1126,1,114.45000076293945
1954,487,1,24
33756,198,1,53.989999771118164
68552,58,1,263.3199996948242
27264,624,1,65.94999694824219
12033,396,1,22.950000762939453
38001,538,1,36.9900016784668
9952,907,1,59.9900016784668
87115,354,1,57.950000762939446
7788,361,1,26.950000762939453
5369,1356,1,6.360000133514404
40165,880,1,16.899999618530273
7533,224,1,35.95000076293945
85864,399,1,37.489999771118164
29820,27,2,153.3700008392334
91051,77,2,228
61413,548,1,50
47304,665,2,258.2699966430664
649,232,1,23.989999771118164
62452,203,1,53.94000053405762
35445,782,1,44.9900016784668
71108,382,1,97.5999984741211
82661,20,2,83.5
3334,1743,1,396.7699966430664
49860,375,1,25
70587,1158,1,24.950000762939453
24061,300,1,108.26000022888184
27138,3,1,275
10736,137,1,68.55999755859375
44450,73,1,10
21897,346,1,108
43145,313,1,45
69113,302,1,20
95253,17,1,138
71277,891,1,49.5
93999,468,2,432.6500015258789
85343,170,1,7.989999771118163
42063,1,1,19.989999771118164
19956,255,1,25
86425,1300,1,201.43000078201294
65306,9,2,18.679999828338623
39836,354,1,129
94191,784,1,27.450000762939453
85535,393,1,115.9900016784668
3789,145,1,17.239999771118164
60978,581,1,25
91274,76,1,604.9900016784668
18588,298,1,113
3895,525,1,43.950000762939446
55333,413,2,122.25
66196,244,1,14.949999809265137
46677,124,1,40
25535,756,1,20.65999984741211
1668,317,1,99.98999786376952
25727,272,1,71.45000076293945
30055,588,1,104.94999694824217
50613,4,1,45
23308,337,1,79.94000244140625
69007,25,1,70.95000076293945
17898,99,1,289.26000022888184
71861,534,1,149
94583,6,1,50.58000183105469
83308,956,1,12
86554,416,1,22
64287,181,2,199.93999671936032
68615,851,1,115.9900016784668
978,194,1,36
62558,79,1,72.88999938964845
66886,407,1,24.989999771118164
88526,1794,1,19.96999931335449
64722,476,3,199.94000244140625
43082,356,1,195
4871,256,1,56.63999938964844
36590,466,1,48
2315,101,1,86.94000244140625
28283,453,1,49.9900016784668
49923,390,1,24.989999771118164
21791,189,1,118
6643,547,1,55
30447,416,1,173.9499969482422
41310,315,1,88
83414,367,1,13.989999771118164
84496,67,1,135
85970,303,1,154.4900016784668
82724,121,2,78.97999954223633
62166,44,1,28
4181,127,2,103.84000015258789
64330,34,1,34.900001525878906
7427,1048,1,11.039999961853027
84888,1094,1,135.98999786376953
83620,419,1,15.210000038146973
70885,1067,1,119.98999786376952
10530,158,1,81.58999824523926
18356,347,1,25
5621,455,1,62
35336,218,2,357.48999786376953
38253,399,2,374.45000076293945
46079,499,1,88
58814,334,1,75
50988,1275,1,57.64000129699707
34695,251,1,40.989999771118164
69319,206,2,91.98999977111816
29740,571,1,29.950000762939453
62372,212,1,44.9900016784668
92133,1244,1,72.63999938964844
36687,1120,1,24.950000762939453
19043,977,1,178.98000526428223
5575,1072,1,94.98999977111816
20394,156,1,182.8800048828125
38207,76,1,62
85658,304,1,32.900001525878906
48117,659,1,133.9699993133545
4101,91,1,85
26351,524,1,18.989999771118164
39086,26,1,12.229999542236328
71718,297,1,19.989999771118164
6454,276,1,85
70716,738,1,242
81536,576,1,83.94000244140625
6139,354,2,85.75
41642,104,2,206.87000465393066
82100,1234,1,149.9499969482422
49468,754,1,59.94000244140625
38130,94,3,237.93999767303467
39040,371,1,42
4416,254,1,11.989999771118164
17569,996,1,124.71000003814697
48950,715,1,100.97000122070312
49637,254,2,408.45000076293945
73441,155,1,11.090000152587892
27702,1372,1,61.170001029968255
17792,223,1,65
62326,12,1,297.2599997520447
84261,15,1,40
94958,638,1,79.26999998092651
40809,18,1,60
72359,183,1,57.9900016784668
94689,369,2,54.97999954223633
37251,999,1,165
24267,69,1,38
11532,388,2,104.9800033569336
46156,867,1,144
40168,730,1,173
58499,563,1,9.989999771118164
32734,1030,1,3.9800000190734863
3268,642,1,89.94999694824217
87573,1393,1,14.989999771118164
19312,125,1,287.79000663757324
9574,312,1,130
6657,93,1,118
74589,310,1,69.5
81267,40,1,37
11048,961,1,47
14921,8,1,14.989999771118164
40606,193,1,37.9900016784668
9966,582,1,36.38999938964844
88214,26,1,146.20000076293945
76312,397,1,150
58545,1029,1,15.5600004196167
53590,100,1,85.95000076293945
96919,1160,1,153.98999977111816
68283,81,1,30
96524,258,2,149.44999694824216
12614,1314,1,94.48999977111816
31260,38,1,127.51000213623048
33175,649,2,243.5600004196167
43995,326,2,130.25000190734863
90613,266,2,33.9399995803833
22355,846,1,79.9000015258789
67799,1179,1,184
99080,161,1,53
68237,765,1,56
33613,1474,1,54.9900016784668
33816,557,1,127.94999694824217
86096,378,1,32
55110,409,1,85
89734,397,1,41.69999980926514
78665,852,1,32.97999954223633
65930,915,1,61.900001525878906
14483,414,2,114.98999786376953
666,351,1,146.95999908447266
12319,773,2,279.92000007629395
89485,1717,1,53.46999931335449
2581,255,1,186.6699981689453
64848,71,1,79.94999694824217
1499,168,1,76.94000244140625
76750,716,1,75.80999755859375
77191,480,1,1060.7199974060059
35731,456,1,126
47633,882,1,84.35999870300293
98831,143,1,165
1107,1461,1,14
23042,280,1,135.330002784729
89093,112,1,24
32780,21,1,17.489999771118164
66889,351,1,219.5
51237,30,1,439.89000177383423
25269,73,1,19.950000762939453
31340,746,1,119.81999969482422
99521,474,1,34.2599983215332
27261,17,1,283.9900016784668
91695,147,1,19.989999771118164
18605,335,1,49.989999771118164
5372,621,1,29.989999771118164
39853,842,1,25
74194,12,1,56
76186,25,1,17.989999771118164
10092,462,2,68.95999908447266
67530,851,1,332.39999771118164
16756,188,1,241.69000244140625
23703,199,1,55.50000190734863
8100,182,1,245.42999649047852
30132,1425,1,14
35133,278,2,124.29000186920166
61101,871,2,136.51000213623047
49199,40,1,28.989999771118164
90487,72,1,8.489999771118164
57855,283,1,69
93733,346,1,135.2599983215332
91005,957,1,316.9799995422363
84058,496,1,24.5
82349,410,1,39.97999954223633
8884,592,1,25
75402,332,1,203.83999824523926
28515,100,1,59.9900016784668
15359,85,1,104.94999694824219
90364,312,1,22
17274,586,1,37.9900016784668
73959,127,1,23.15999984741211
37171,475,1,123.9499969482422
49906,351,1,64.98999786376953
6703,18,1,124
36607,1379,1,48.989999771118164
79936,2,1,42.9900016784668
60583,95,2,149.94000244140625
69239,1104,1,110.9900016784668
58688,97,2,74.45000076293945
91320,630,1,48
82492,434,1,46.45000076293945
85738,71,2,195.0900001525879
17397,22,1,94.4900016784668
51114,703,1,15.949999809265137
5495,220,1,21.989999771118164
70590,702,1,62
97122,368,1,39.9900016784668
85220,13,2,123.45000076293945
38522,182,1,59.450000762939446
96040,220,1,5.949999809265137
52588,280,1,87
27825,119,1,25
38645,434,1,114.93999767303465
40686,543,1,102.89999961853027
71154,667,1,19
7267,1232,1,178
4619,1370,1,25
99598,242,2,154.4900016784668
75041,133,1,89.94999694824217
4868,4,1,39.9900016784668
29176,817,1,25
16192,1380,1,13.970000267028809
36089,1096,1,39.9900016784668
20520,703,1,79
7536,173,1,8.989999771118164
38851,10,2,133.93999862670898
65366,216,2,423.98999977111816
4227,66,1,326.9900016784668
48681,828,1,99.5
25867,85,1,207.86000061035156
96289,932,1,37.989999771118164
83305,919,1,38
7928,532,1,27.989999771118164
82913,389,1,169
89860,28,1,28.86000061035156
79432,634,1,15.989999771118164
77268,476,1,138.95000076293945
97875,88,1,80
13965,63,1,55
53464,776,1,61.950000762939446
35605,905,1,5
981,566,1,200
42644,130,1,22.989999771118164
56853,892,1,90.9900016784668
20314,483,3,312.88000106811523
33049,117,2,44.9399995803833
36295,1034,1,98
12491,123,1,98.5
24393,1718,1,49.950000762939446
55771,3,1,22
47364,102,1,42.9900016784668
21147,761,1,14
37377,112,1,39.9900016784668
33298,32,1,52
34131,213,1,76.39000129699707
45200,15,1,25
59017,810,1,170
24642,1001,1,229
43869,290,1,32.9900016784668
22870,202,2,119.97999763488768
65117,1372,1,13.989999771118164
14214,70,2,119.98000144958496
66199,206,1,15.989999771118164
25034,184,1,113.94000244140625
32657,195,1,17.989999771118164
10968,1140,1,299
31589,172,1,13
67138,95,1,40.619998931884766
6783,83,1,139.99000549316406
92276,566,1,95.45999908447266
71028,1437,1,9.380000114440918
55708,62,2,173.5
30570,529,1,84.95000076293945
45890,1062,1,46
2893,177,1,174
75983,156,1,110
11738,55,1,32.45000076293945
44871,95,1,319.989990234375
29050,40,3,283.50000190734863
12239,1291,1,17.81999969482422
41453,458,1,32.9900016784668
7802,1122,1,38
66119,26,1,161.97999954223633
38442,26,1,55
43852,418,1,24.989999771118164
76484,623,1,140.98000526428223
73066,78,1,17.950000762939453
40434,547,1,52
71546,85,1,10.989999771118164
86866,6,1,64
97686,588,1,147.5
54234,1590,1,195.75
65054,792,1,24.979999542236328
91758,473,1,78.90999794006348
26494,129,2,93.94000244140625
12803,413,1,65
50298,80,1,142.27000427246094
76438,957,1,26.96999931335449
47427,75,3,210.83999824523923
98250,218,1,36
14795,358,1,27
90238,475,1,44.97999954223633
79418,488,1,39.9900016784668
86302,202,1,14.399999618530272
57088,1039,1,17.450000762939453
83448,554,1,53.9399995803833
7785,1388,1,25
25097,41,2,402.26000213623047
58310,326,1,198.5
70464,356,1,67.98999786376953
23686,106,1,24.950000762939453
2438,976,1,122
42017,79,1,24.989999771118164
32531,423,2,512.7200012207031
10264,180,1,11.899999618530272
24078,370,2,146
71483,65,1,87.98999977111816
44888,102,1,47.16999816894531
41390,141,1,16.209999084472656
70510,30,1,59.7400016784668
35542,19,1,50
83494,1047,1,3.950000047683716
32969,697,1,256.47999572753906
67593,547,1,43
10656,409,1,254.18999862670898
85987,954,1,117
80577,909,1,59
6328,364,2,41.489999771118164
918,160,1,65
6265,3,1,37.290000915527344
49262,3,1,73.19999694824217
72611,88,1,10.5
88841,287,1,87.22000122070312
89296,708,3,641.9900016784668
11675,463,1,74.97000122070312
28987,427,1,56.08000183105469
24659,326,1,99.06999969482422
79558,160,1,145
50344,1813,1,27.950000762939453
7347,1035,1,224.5
35588,86,1,66
16693,1425,1,141
33424,84,2,54.359999656677246
3709,645,1,125
44825,438,1,55
52900,348,2,138.4900016784668
96275,8,1,111.88000106811523
63720,846,1,210.9900016784668
5873,29,1,92.4000015258789
76893,38,1,48.18000030517578
42269,628,1,25
12176,106,1,26.489999771118164
14340,334,1,25
42472,8,1,76.27999877929686
25160,499,1,37.9900016784668
48761,12,1,17.950000762939453
79057,1115,1,30
31449,112,1,25
4994,205,1,65
68927,264,2,71.5
93813,511,1,139
76501,511,2,236
8240,332,1,91.5
99223,243,1,73.48999977111816
81911,3,1,28
90175,130,1,20.619999885559082
73945,1733,1,25
80437,74,1,29.989999771118164
64802,3,1,24
52399,548,1,47.97999954223633
76375,498,1,11.170000076293944
6202,920,1,285.9400062561035
9119,112,1,300.19999980926514
87948,540,1,19.950000762939453
14858,351,1,15.159999847412108
26431,12,2,372.9499969482422
12866,97,1,37.9900016784668
97623,188,1,69.98999786376953
34898,328,1,392
15877,4,1,19.989999771118164
75356,104,1,87.9900016784668
274,7,1,39.9900016784668
92668,371,1,139.4499969482422
2266,280,1,39
72674,875,1,26.989999771118164
89986,228,2,271.2299995422363
98642,81,2,64.94000053405762
16567,896,1,10
81330,113,1,139.86000061035156
36796,953,1,13.989999771118164
40042,562,1,21.989999771118164
25223,3,1,63.37999916076661
42770,15,1,99.94000244140625
32860,1169,1,149.3000030517578
56836,98,1,23.989999771118164
23749,77,1,29
41061,5,1,276.5
27450,199,1,74.9900016784668
51426,385,1,375.5
63783,838,1,156.75
77394,212,1,24.989999771118164
82804,144,1,146.8499984741211
15548,428,1,46.450000762939446
36106,1116,1,118.12999725341795
87258,1670,1,122.77999877929688
12631,800,1,6.5
52634,73,1,23.450000762939453
3975,313,1,35
21287,129,1,138.75
87430,489,1,9.989999771118164
91884,157,1,48
43915,116,1,94.93999671936034
90112,1507,1,25
12694,285,2,132
81456,148,1,55.97999954223633
21350,222,1,13.789999961853027
65555,416,1,39.9900016784668
77128,621,1,55.9900016784668
68472,249,1,109.6899995803833
82867,384,1,154.9699993133545
91523,582,1,88
69883,159,1,30
85784,1056,1,14
78539,1483,1,64
91131,280,1,12.550000190734863
9385,17,1,181.94999694824216
729,656,1,49.9900016784668
22369,282,1,41.9900016784668
51552,756,1,134.98999786376953
86176,452,1,198
47224,681,1,105.37999725341795
65163,27,1,48.9900016784668
5057,1206,1,378
68864,189,1,21.989999771118164
13713,132,1,37.9900016784668
21648,943,1,75
55190,17,1,79
42206,1112,1,15.75
60600,193,1,41.950000762939446
59518,640,1,109.98999786376952
29222,93,1,30
25976,452,1,29.989999771118164
34961,91,1,10
69256,246,1,21.989999771118164
36043,107,2,157.4000015258789
38960,582,2,150.93999671936035
63846,5,1,99.97000122070312
43288,530,1,30.449999809265137
46534,1203,1,59
26305,1261,1,93.9800033569336
20958,1050,1,28
51881,338,1,193.94999694824216
33942,215,1,131.3499984741211
65947,3,3,191.70999717712402
60537,6,1,114.93000221252441
30696,18,1,191.98999977111816
35024,77,1,49.18000030517578
17712,651,1,94.4000015258789
64865,561,1,16.989999771118164
70275,407,1,130.63999938964844
38270,653,2,256.4400062561035
48008,103,1,26
39352,913,1,134.9900016784668
26995,4,1,45.9900016784668
53653,338,1,24
90441,115,1,165.75
13776,346,1,82.32000160217285
9448,320,1,56.859999656677246
55817,295,1,13.989999771118164
92605,45,1,176.98999977111816
7284,146,1,45.72999954223633
79621,51,2,364.98999786376953
5120,54,1,25
73129,71,1,49.5
94377,611,1,42.950000762939446
64081,575,1,139.86999702453613
68409,313,1,85.97000122070312
77065,134,1,95.98999786376952
96541,85,1,211.5
74901,3,1,187
3348,1783,1,39.9900016784668
92213,1130,1,16.5
96149,382,1,96.93999862670898
91821,96,2,102.14999961853027
87493,159,1,94.94999694824216
64719,13,1,48
27842,136,1,56.95000076293945
67636,377,1,132.98999977111816
22269,214,1,115
25186,593,1,39.450000762939446
96023,746,1,114.98999786376952
85967,3,1,16
68987,795,1,44.5
3723,188,1,49.9900016784668
20918,133,1,26
80348,727,1,125
54878,344,1,189.99000549316406
25140,3,2,125
2418,816,1,59
5243,1,1,108
64765,621,1,41.79999923706056
53527,4,1,158.98999786376953
36378,201,1,59.9900016784668
97374,46,1,15.699999809265137
54709,649,1,34.04999923706055
49090,140,1,109.9900016784668
69033,420,1,44.9900016784668
3769,338,1,18.959999084472656
78874,55,1,36.9900016784668
44991,974,1,59.9900016784668
25017,788,1,53.970001220703125
90358,442,1,108
87364,1340,1,45
67467,516,1,141.6199951171875
20795,896,1,25.200000762939453
66116,1203,1,139.99000549316406
9680,126,1,71.98999977111816
66239,178,3,103.15999984741211
23451,36,1,24
74944,93,1,129.99000549316406
23666,449,1,29.989999771118164
2495,1110,1,94.9799976348877
67759,807,1,42.900001525878906
78828,43,1,18.799999237060547
22392,580,1,39.97999954223633
67513,1254,1,25
22146,182,1,22.100000381469727
56275,214,1,22.96999931335449
57457,18,1,130
23743,20,2,285.5500020980835
1021,827,1,36
43686,709,1,125
77523,43,1,185
66285,564,1,55.4900016784668
46219,125,1,198
34981,73,1,49.950000762939446
36670,94,1,34.310001373291016
27765,918,1,74.98999786376953
99017,70,1,55.9900016784668
90527,5,1,89.94999694824217
60374,240,1,126.98999977111816
34689,3,2,259.48000144958496
34904,33,1,335.39999771118164
26199,51,1,158.63000011444092
40892,18,1,70
9219,1369,1,88.77000331878662
93229,202,1,29.40999984741211
33968,2,1,45
19644,437,1,97.9799976348877
13656,337,1,57.97999954223633
26245,306,1,31.989999771118164
9265,1310,1,55
43348,141,2,312.0400142669678
29577,835,1,74.94000244140625
77185,29,1,82.8700008392334
91509,67,1,13.93000030517578
57918,135,1,88
72963,498,1,54.94000053405762
70799,68,1,49.95000076293945
59392,21,1,149.5
84370,844,1,17
7699,20,1,17.25
83434,103,1,382.9900016784668
26783,647,1,324.7800006866455
38144,10,1,55
40646,473,2,202.01000213623047
29285,112,1,36.59000015258789
15176,1397,1,48.71000003814697
74729,256,1,79.16999816894531
82160,432,1,51.9900016784668
7991,912,1,25
16650,548,1,28
63076,70,1,239.9700050354004
29239,261,1,25
94749,414,3,144.6599998474121
18124,135,1,51.9900016784668
49551,1061,1,230
40600,727,1,38
96913,24,1,150
30344,1232,1,29.850000381469727
70968,914,1,29.989999771118164
42581,616,1,80.15999984741211
83680,1159,1,12.989999771118164
9096,630,2,79.63000106811523
26906,1598,1,38.4900016784668
48675,509,1,79
1436,428,1,49.9900016784668
57165,435,1,195
49720,521,1,19.989999771118164
71489,891,1,44.48999881744385
63829,268,1,69.5
34566,252,2,100
57380,505,1,9.989999771118164
8575,438,1,169
21808,715,1,36
98310,138,1,38
77062,1414,1,13.5
35442,332,1,125.2400016784668
7101,612,1,28.96999931335449
58164,922,1,39.5
89468,1493,1,26.940000534057617
37483,11,1,34.97999954223633
26122,136,1,66.6500015258789
88117,434,1,194.89000701904297
65303,33,1,114.4900016784668
33092,418,1,282
4705,623,1,139.77000331878662
79289,13,1,18.89999961853028
73716,736,1,88
59913,133,1,49.950000762939446
43763,1219,1,224.9900016784668
71274,83,1,93.94999980926514
12797,447,1,17
25953,286,1,50
483,555,2,107.97999954223633
97912,1214,1,52
13487,309,2,305.939998626709
69923,49,2,148.98000144958496
67344,866,1,52.950000762939446
13318,103,1,379.95000076293945
76664,68,1,12.3100004196167
32694,173,1,78.64000034332275
23374,635,1,159.98000526428223
14669,449,1,59.95000076293945
66654,370,1,19.989999771118164
12505,11,1,75
55293,630,1,21.989999771118164
43932,408,1,45
21210,309,1,133.72000122070312
46096,778,1,40
28180,429,1,46.5
82037,805,1,6
24848,324,1,18.950000762939453
96836,91,1,59.950000762939446
69694,13,1,47.180000305175774
77815,477,1,54.950000762939446
48552,1519,1,42.9900016784668
87241,924,1,966
254,71,1,38.5
42289,3,1,35
51194,788,1,7
71566,178,1,78.94000053405762
15253,74,1,14
34274,618,1,29.989999771118164
50012,24,1,87.75
22913,113,1,160.56999969482422
80271,98,1,42
86949,250,1,73
8114,661,1,360
82621,1649,1,36
18691,443,1,112.5
31818,105,1,24
72442,1224,1,9.5
4184,430,1,210.98999977111816
51300,4,1,126.35000133514404
84493,325,1,32.95000076293945
5658,28,2,51.989999771118164
5166,183,1,154.47999954223633
62263,3,1,10
95562,303,1,109
48446,102,1,34.9900016784668
82329,158,1,56.470001220703125
8804,113,1,123.87000274658205
51592,8,1,32
35903,4,2,41.02999973297119
40231,54,1,29.950000762939453
55399,727,1,31.989999771118164
97849,218,1,94.94999694824216
17526,1414,1,57
14609,91,1,54
46909,383,1,92.5
79873,80,1,55.59999847412109
71383,446,1,37.79999923706056
58316,1052,1,13
80869,35,1,112.94999694824219
62538,119,2,100.98999977111816
92631,565,1,59.5
42687,546,1,329.989990234375
87012,126,2,80.18999862670898
35857,611,1,129.99000549316406
5764,547,1,190
79518,138,1,79
65764,262,1,95
94151,49,1,119.16999816894531
500,62,1,40
15820,273,1,60
41121,67,2,129.9800033569336
11907,1180,1,19.989999771118164
28409,6,1,33.47999954223633
10556,121,1,38
33155,1914,1,55.650001525878906
93673,652,1,186
69631,5,1,187.66000366210938
65718,925,1,33.9900016784668
96684,206,2,143.27000045776367
51655,34,1,111.39999961853027
1711,124,1,56.210001945495605
15774,633,1,13.75
99601,170,1,67
20274,549,1,90.6299991607666
71552,222,1,58.9900016784668
97022,245,1,62.209999084472656
44470,482,2,175.44999980926514
48429,1193,1,54.97999954223633
7639,203,1,72.4900016784668
64075,547,1,29
90756,23,1,65.98999786376953
79395,228,1,517.4900016784668
56796,910,1,12.390000343322754
22959,2,1,130.99000549316406
39601,628,1,10.380000114440918
29056,29,3,331.8500003814697
40294,9,1,39.5
85661,26,1,26
62770,1297,1,198
13072,1410,1,26.989999771118164
92153,579,1,25
46786,1025,1,137.83999633789062
10218,1434,1,38.9900016784668
36899,603,1,89.98999977111816
19046,595,1,177
14177,284,1,50.72000026702881
75605,266,1,71.07999992370605
25661,25,1,205
7808,215,1,91.5
24018,289,1,31.350000381469727
52405,37,1,134.88999938964844
23437,132,1,45.9900016784668
37500,1619,1,226
88346,1114,2,102.88000106811523
99123,66,1,65.5
81516,78,1,36
95625,6,1,162.5
82512,1093,1,76.18999671936035
34214,435,1,42.90999984741211
89236,242,1,153.97999954223633
7407,116,1,60
61264,357,1,65
37546,286,1,213.1600036621093
669,261,1,64.81000137329102
77248,409,2,109.98000144958496
33278,342,1,12.989999771118164
56627,192,1,21.950000762939453
45266,161,1,19.5
16298,1178,2,161.93000411987305
12966,1259,1,53.9900016784668
17294,403,1,19.989999771118164
24327,1112,1,30
33905,391,1,68
44639,844,1,25.950000762939453
14440,631,2,288.4000053405762
48323,130,3,178.54000091552734
94105,577,1,177.95000076293945
46159,1023,1,75
52989,3,1,88
68635,843,1,53.93999862670898
52651,1795,1,18.5
8635,599,1,64.98999786376953
69571,35,1,39.9900016784668
15668,261,1,42.5
58794,264,1,37
85598,1,1,183.9900054931641
92877,277,2,76.98999977111816
2143,67,1,42.9900016784668
86488,49,1,280
79996,757,1,89
3663,39,1,29.989999771118164
26139,943,1,16
91403,504,1,195.92999839782715
3417,55,1,50.45000076293945
63766,1187,1,32.45000076293945
48861,331,1,11.989999771118164
19796,17,2,327.97999572753906
2189,883,1,18.780000686645508
15714,832,1,42.66999816894531
38436,434,1,125
27075,767,1,11.989999771118164
65240,489,2,198.98999977111816
58748,99,1,26.170000076293945
24665,871,1,38.950000762939446
36026,797,1,57.489999771118164
36272,1033,1,36
72273,489,1,114
1127,158,1,54.950000762939446
8266,897,1,30
96959,17,1,96.45999908447266
50550,9,2,140.57999992370605
64659,354,1,14.81999969482422
47845,71,1,60
58210,1277,1,19.989999771118164
12488,374,1,55
83159,29,1,29.989999771118164
32219,517,1,42.94000053405762
87072,124,1,16
33046,82,2,76.8700008392334
10493,15,1,85
53773,337,1,66
915,354,1,109.4900016784668
50762,2,1,18.989999771118164
65824,59,1,127.70000076293945
94042,578,1,149.5
30819,252,1,62.25
10802,245,1,59
90341,656,1,36
437,9,1,283.8999996185303
80623,76,1,10.390000343322754
97437,473,1,139.08999824523926
78459,897,1,54.83999824523926
16189,380,2,127.9900016784668
26766,34,1,41.9900016784668
57732,751,1,8
68403,595,1,48
5518,768,1,38
70567,21,2,104.92000150680542
21164,894,1,71
27828,88,2,38
41937,538,1,159.32999992370605
3354,1345,1,39.9900016784668
37437,356,1,70.8799991607666
6580,634,1,12
83328,399,1,19.950000762939453
29302,482,1,68
52024,173,1,64.79999923706056
4659,335,1,54.40999984741211
2080,330,1,59.9900016784668
79933,269,1,117.59999847412108
16710,307,1,70.55999946594238
19415,110,1,89.5999984741211
50719,445,1,40
95794,541,1,11
91294,593,1,37.97999954223633
3185,247,1,9
89130,478,1,113
52820,187,1,101.48999786376952
49488,610,1,73.05000019073486
21101,1849,1,35.060001373291016
27350,457,1,69.94000053405762
66302,108,1,138.48000144958496
63491,15,1,64.98000144958496
31572,229,1,36.880001068115234
49382,517,1,160.5300006866455
42349,66,2,149.30000114440918
20211,707,1,25
12551,364,1,81.0200023651123
6102,1524,1,114
57042,273,1,115
66929,16,1,53.00000190734863
2664,63,1,17.850000381469727
95900,144,1,24.989999771118164
34383,923,1,14.399999618530272
35210,30,1,59
46371,385,1,36.889999866485596
70324,336,1,69.30000305175781
71320,332,1,142.4799976348877
99538,3,1,36
74652,1800,1,59
86119,135,1,49.950000762939446
45744,5,1,49.5
47908,122,2,718
77706,156,1,35.5
24496,260,1,138.9900016784668
30988,712,1,292.55000019073486
22332,223,1,45
42933,775,1,47.989999771118164
52130,82,2,34.87999963760376
19627,540,1,89
56415,22,1,9.949999809265137
25970,761,1,39.950000762939446
9740,1259,1,177.1699981689453
32462,434,1,54
82575,642,1,45
5412,265,1,82
97480,63,1,69.5
39295,236,1,15.340000152587892
2558,1351,2,79.96000099182129
94626,819,1,20
4722,555,2,54.40999984741211
96790,398,1,39.9900016784668
90298,120,1,44
67576,750,1,34.9900016784668
87593,266,1,69.57000207901001
17692,10,3,270.3700017929077
6949,649,1,34.97999954223633
97683,35,2,162.70000076293945
63059,5,1,59.700000762939446
14775,7,2,147.38999938964844
84971,19,2,262.63999938964844
87842,1290,1,116
28197,1772,1,35
55874,101,1,254.91000366210938
67991,1640,1,74
19707,210,1,191.74000549316406
38894,1496,1,199.44000244140625
26136,1250,1,39.5
48781,330,3,455.6399955749512
3414,24,1,39.9900016784668
71503,1355,2,200.98999977111816
91400,125,2,55.989999771118164
86322,35,1,34.9900016784668
49445,325,1,78.97999954223633
74420,13,1,179.0600004196167
53172,312,2,1158.9599990844727
98370,57,2,92.80999946594238
65074,114,1,144.5
2896,252,1,29.979999542236328
53713,301,2,191.94999980926514
82054,363,1,17.049999237060547
19212,1376,1,49.9900016784668
14134,37,1,75.52999877929686
76435,331,1,139.99000549316406
47430,443,1,28
16126,917,1,34
21745,11,1,70
92751,54,2,57.489999771118164
4765,1149,1,43.970001220703125
2773,31,1,38
42993,403,2,46.45000076293945
74961,1190,1,195
18187,1546,1,34.9900016784668
37420,27,1,152.9499969482422
51821,114,1,39.9900016784668
18525,71,1,13
41001,42,1,119.98999786376952
62249,506,2,234
8346,306,1,21
84430,687,1,72
5475,76,1,19
51134,555,2,278.48999786376953
27656,584,1,117
73069,327,1,50
39773,216,1,29.989999771118164
59624,150,1,21.64999961853028
7805,164,1,137.2800006866455
19166,427,1,33.95000076293945
15654,851,1,34.9900016784668
6826,129,1,39.9900016784668
29053,809,2,438.939998626709
83497,1184,1,69
50301,331,2,326.939998626709
17128,656,1,15.899999618530272
93630,42,1,29.5
50842,1049,1,34.95000076293945
82392,774,1,165
27579,1163,1,13.600000381469728
74543,808,2,114.96999931335449
15362,629,1,59.9900016784668
95104,610,1,172.1999969482422
11781,929,2,437.2899990081787
3706,173,1,36
41247,231,2,127.93999862670898
49737,452,1,79
3955,8,1,18.5
9279,1182,1,29.989999771118164
15113,1486,1,83.95000076293945
98293,403,1,29.989999771118164
82346,400,1,59.5
47722,7,3,521.249997138977
36564,189,1,49.9900016784668
33029,534,1,158
75479,661,1,212.89999961853027
83969,60,1,149.77999877929688
80826,690,1,23.979999542236328
41293,377,1,230.47999572753903
46202,548,1,79.16000366210938
80580,136,1,9.609999656677246
76999,467,1,249.9499969482422
26969,868,1,209.60999965667725
60265,1379,1,115.5
52608,162,1,27
24954,248,1,48.970001220703125
62541,912,2,248.98999977111816
75525,79,1,311.95001220703125
73902,61,2,288.7900047302246
47971,1083,1,61.28000068664551
10112,711,1,89
40752,194,1,28.5
26677,691,1,26.989999771118164
91941,317,2,108.94000053405762
86783,114,2,316.99000549316406
57317,236,1,134.35000038146973
55751,654,2,23.869999885559082
42767,419,1,12.739999771118164
47925,861,1,10
13842,126,2,511.19000244140625
11678,601,1,126
54128,405,1,395.98999786376953
89926,405,1,29.989999771118164
98144,1130,1,54.5
69173,199,1,39.5
44287,763,1,37.950000762939446
88406,422,1,49
78519,247,1,89.98999786376953
98585,692,1,160
15190,579,1,262
44241,295,1,104.97999954223633
63474,149,1,59.5
60391,256,1,7.980000019073486
59727,166,1,51.9900016784668
79624,563,1,32.95000076293945
961,1355,1,59.5
76707,353,1,69.97000122070312
50716,931,1,32.9900016784668
22209,1247,1,54.5
97955,1136,1,38.9900016784668
90295,455,1,14
99000,592,1,15.210000038146973
1602,512,1,267.9900016784668
25910,388,1,72.98999977111816
23039,378,1,29.950000762939453
71323,188,1,59
97314,1280,1,25
52113,88,1,66
34211,838,1,50
49030,187,1,22.709999084472656
35797,678,1,27.989999771118164
3829,458,1,39.9900016784668
86737,276,1,97.95999908447266
69096,864,1,49.880001068115234
48366,76,1,143.94999980926514
11489,11,1,99
37128,183,1,27.950000762939453
68406,204,1,175.06999969482422
15757,464,1,28.989999771118164
55459,1024,2,177.36999988555908
25077,495,1,36.5
47848,92,1,36.950000762939446
40188,4,1,52.98000144958496
27782,735,1,83.98999977111816
26600,599,1,25
94686,1197,2,144.98999977111816
26428,1,1,41.9900016784668
96773,21,1,15.989999771118164
72797,192,1,39.5
85953,546,1,65
40829,406,1,97.93000030517578
92694,1531,1,69.94999694824219
94443,1527,1,903
17772,876,1,61.5300006866455
94609,79,1,179.98999977111816
86030,566,2,62.04999923706056
35256,420,1,110
27994,589,1,92.98999977111816
30158,67,1,135
2647,2,1,150
5352,1171,1,33.9900016784668
70782,370,1,39.39999961853027
62077,6,1,37.5
71446,290,1,71.97999954223633
51257,407,1,88.7699966430664
5180,433,2,402.7900047302246
3188,439,1,6.25
48632,856,1,79.98999786376953
74669,195,1,356.4300003051758
51947,198,1,93.58999824523926
70490,25,1,19.989999771118164
84556,206,1,180
1038,153,2,90.95999908447266
58227,358,1,112.97000312805176
8449,26,1,188.48999977111816
84848,23,1,74.98999977111816
28535,3,1,52.450000762939446
13381,214,1,11.989999771118164
28074,1335,1,143.43000030517578
25369,219,1,36
41519,595,1,99.89000129699707
43228,32,1,21
9053,1094,1,12.989999771118164
39896,268,1,96.46999931335449
16713,467,1,70
9743,1497,1,104.53999996185303
88486,227,1,169
8910,176,1,22.049999237060547
79916,253,1,59.5
97142,1649,1,158.3300018310547
15731,513,1,20
18648,315,1,96.4900016784668
45684,3,2,274.35000228881836
67238,80,1,44.9900016784668
13716,75,1,64.94999694824219
22286,280,2,391.86000061035156
27241,140,2,173.94000148773193
94915,255,1,38
55877,860,1,235
10925,290,1,13
30991,1090,1,138
70570,26,1,122.98999786376952
72193,310,1,33.9900016784668
48489,3,1,32.349998474121094
78293,252,2,224.98000144958496
18940,23,2,349.98999977111816
35505,163,1,49.9900016784668
87198,733,2,200
93441,190,1,9.899999618530272
29760,1067,1,36
70278,608,1,189.97999572753903
56753,127,1,138.57999897003174
80165,160,1,202.1699981689453
1330,472,2,257.25
98559,54,1,34.5
68263,487,1,37.02999877929688
78001,1079,1,21
66099,241,1,14.989999771118164
87888,1262,1,92.55999755859376
97085,924,1,279.64000129699707
50490,405,1,30.579999923706048
11028,141,2,92.95000076293945
7115,858,1,390.2799987792969
80182,953,1,25
29242,97,1,205.9900016784668
91967,400,2,312.88000869750977
86133,228,1,12
95502,180,1,16.989999771118164
27367,818,1,158.70999908447266
94506,115,1,10
4104,397,1,80.54999923706056
39129,100,2,384
92986,608,1,117.5
61851,468,1,69.19999694824219
72734,21,1,286
95456,41,1,88
99415,11,1,95.90999984741211
13089,678,1,171
60832,679,1,349.9799995422363
27845,405,1,82.55000114440918
22272,30,1,68
92445,430,1,8.989999771118164
38250,632,1,36
31758,412,1,49.950000762939446
24851,292,1,20.989999771118164
81702,192,1,36.400001525878906
88194,733,1,39.489999771118164
74772,5,1,25
10510,41,1,149.5
68280,50,1,162
17002,136,1,37.5
66946,7,1,11
49093,915,1,22
15482,196,1,25.5
47032,162,1,75
20397,9,1,34.989999771118164
87653,48,1,273.89999771118164
47619,135,1,33.989999771118164
64931,234,1,178
8990,322,1,36.450000762939446
11569,1125,1,382.95000076293945
80746,1496,1,94.6400032043457
96066,1472,1,161.5300006866455
97540,248,1,73
64367,19,1,388.97999572753906
79687,38,1,8.949999809265137
26325,1718,1,87
80228,561,1,59.900001525878906
29743,658,1,259.989990234375
16939,860,2,129.4900016784668
70796,1771,1,17.5
66468,168,1,15.949999809265137
54065,218,1,99.5
42077,505,1,216.93000411987305
58393,655,1,73.94999694824219
3125,107,1,92.87000370025635
75313,426,1,182.94000053405762
49548,76,1,54.9900016784668
20875,51,2,55.57999992370605
17543,193,1,105.9900016784668
86674,546,1,33.9900016784668
52050,984,1,120
2246,556,1,698
68343,42,2,196.77999877929688
10988,532,1,147.82999992370605
61937,9,1,179.48999786376953
49949,1480,1,53.989999771118164
99956,243,2,190.69999885559082
92923,836,1,40
66869,1836,1,44.989999771118164
71197,193,1,167.98999786376953
2724,218,1,34.9900016784668
24513,187,1,24.979999542236328
48074,570,1,36.52999877929688
45080,102,2,113.58000183105469
38588,155,1,55
43746,220,2,166.44000244140625
25847,442,1,295
86196,301,1,41.94999980926514
19355,314,1,46
79704,1247,1,50.66999816894531
51964,441,1,16.989999771118164
26826,731,1,84
50089,802,1,15.989999771118164
69276,1819,1,40
8973,681,1,18.64999961853028
11137,1787,1,79.98999786376953
45761,178,1,16.97000002861023
18814,922,1,69.98999786376953
41536,43,1,294.97999572753906
14486,9,2,43.189998626708984
59435,2,1,84.82000160217285
67009,217,1,64.80000305175781
36713,702,1,130.29999923706055
37208,1282,1,105
30221,1180,1,235.7400016784668
48615,1020,1,14.8100004196167
87716,239,1,14.399999618530272
80683,679,1,239
11091,14,1,252.77000045776367
63371,4,1,99.5
52010,1530,1,44.9900016784668
99077,151,1,63.410000801086426
85552,311,1,137.5
57961,23,1,24.979999542236328
59561,376,1,22.020000457763672
99830,930,1,75.9399995803833
41230,402,2,184.89999771118164
91174,105,2,216
772,381,1,95
57546,113,1,84.98999786376953
92170,21,1,59.5
26740,338,1,4.989999771118164
84510,955,1,26.989999771118164
90155,161,1,62.06999969482422
65183,208,1,176.62999725341797
86431,1274,1,120
97792,130,2,121.73999977111816
92382,662,1,45.9900016784668
36086,1000,3,287.9699993133545
79123,63,1,148.39999961853027
25266,161,2,101.46999931335449
33922,6,1,421.35999965667725
44742,628,1,25
98599,1123,1,34
14838,408,1,40.08000183105469
55296,977,1,28
1313,86,2,157.9000015258789
77108,505,1,14.989999771118164
63952,146,1,14.869999885559082
61788,44,1,24.949999809265137
87238,370,1,89.5
51360,644,1,59.9900016784668
4167,201,1,145.93999862670898
38791,440,1,26
15897,139,1,39.959999084472656
56103,120,1,69.5
7241,22,1,148.63999938964844
49196,1638,1,12
16069,318,1,34
19982,572,1,72.82000160217285
48678,1607,1,18.950000762939453
57334,177,1,10.43000030517578
80056,35,1,32
57875,66,2,58.05999946594238
27948,668,1,84.94000244140625
45973,604,1,57
28120,270,1,22.89999961853028
77892,626,1,57.5
28489,195,1,75
31907,1670,1,33.9900016784668
39850,20,1,214.27999877929688
35153,841,1,34
65990,588,1,95
66053,1656,1,25
208,250,1,12.989999771118164
8864,269,1,35
56401,714,1,51.950000762939446
74317,135,2,48.9900016784668
85678,176,1,243.9900054931641
90006,524,2,199.13000297546387
81977,114,1,149
94961,1276,1,27
99893,512,1,172.60000038146973
45495,1422,1,315.0200004577637
82283,1,1,39.950000762939446
80119,415,1,29.989999771118164
88532,1230,1,109.8900032043457
77955,529,1,128.9499969482422
47659,602,2,233.97999954223633
32511,1276,1,222.98999977111816
19770,848,1,53.11000061035156
90696,1159,1,164.47999954223633
8801,56,1,25
5014,44,2,125.35000038146973
2309,822,1,74.94999694824217
62956,673,1,39.5
60251,59,1,126.15999984741211
686,377,1,52
80268,831,1,27.5
75940,27,1,34.9900016784668
54692,90,2,276.0500030517578
75250,232,1,59.5
43872,1264,1,25
23557,1201,2,103.98999786376953
66594,160,2,129.94999885559082
56856,162,2,171.4000015258789
8409,35,1,45
36298,385,1,28.979999542236328
25721,290,1,100
30049,1353,1,50
21393,411,1,43.9900016784668
79578,95,1,17.559999465942383
33295,221,1,42
17065,1390,1,147.50000190734863
70922,173,1,12.75
2999,15,1,32.400001525878906
52528,1596,1,81.10000228881836
83906,112,1,75
35608,860,1,149.9499969482422
18296,57,2,341.9800033569336
44805,291,2,142.9900016784668
15050,43,1,73.9900016784668
36149,93,1,64.98999786376953
20460,584,1,31.14999961853028
54002,728,1,54.9900016784668
31821,276,1,108
12886,13,1,429
22083,911,1,18.989999771118164
52379,538,1,330.189998626709
47510,525,1,71
27178,612,1,63.59999847412109
1708,265,2,166.98999977111816
95359,176,1,250
4625,604,1,32.989999771118164
17360,56,1,19.989999771118164
49992,1417,1,78
78356,1403,1,14.989999771118164
20039,138,2,136.97999954223633
83975,5,2,87.44999694824219
38562,1055,2,123.5
51343,881,1,141.94000244140625
21559,4,1,32.9900016784668
24476,622,1,127.5
4410,433,1,18
7496,1193,1,345.1600036621094
85495,355,1,116.38000106811523
37211,3,1,54
41479,540,1,279.5
91091,240,1,148
58459,922,2,74
35860,149,1,64.98999786376953
20085,939,1,14.949999809265137
1539,245,2,124.9900016784668
79538,1197,1,20.950000762939453
57062,359,1,55.9900016784668
24430,412,1,135
42999,9,1,299
35814,1200,1,90.4900016784668
64247,211,2,83.4300012588501
9016,665,1,54
68446,55,1,39.9900016784668
89379,12,1,99
91045,416,1,10.899999618530272
188,781,2,93.5
58290,26,1,79.94999694824217
65575,4,1,123.189998626709
88320,1624,1,83.25
65598,390,1,44.9900016784668
89402,53,1,30.579999923706048
234,284,1,179
12923,189,1,39.9900016784668
76982,1444,1,36.86000061035156
78310,715,1,16.989999771118164
55588,4,1,45.81999969482422
45555,628,2,64.9900016784668
21751,1022,1,49.9900016784668
23079,688,1,155.92999839782715
8532,1141,1,89.61000061035156
45409,578,1,97
3374,1085,1,39.5
24184,1027,1,59.5
61061,41,1,42
4702,101,1,15
65721,222,1,14.699999809265137
88297,778,1,40.720001220703125
94998,317,1,19.989999771118164
86969,400,1,903
59495,682,1,36.9900016784668
65,181,1,34.310001373291016
2936,164,1,14.989999771118164
24576,53,1,118
48718,1379,1,144.48999977111816
13407,108,2,259.98999786376953
68592,3,2,67.9000015258789
90822,17,1,19.950000762939453
52940,484,1,42
31300,657,1,24.989999771118164
61015,343,1,14.989999771118164
91214,285,2,133.45000076293945
96956,341,2,99.9900016784668
59541,25,1,40
10052,198,1,44.790000915527344
74234,4,1,33.47999954223633
75316,1089,1,318.4199981689453
27032,445,1,99.5
84267,172,1,50
82263,974,1,78
26096,1134,1,61.7400016784668
20185,184,1,110.98999786376953
65137,125,1,37.7400016784668
48910,881,1,30
71048,1508,1,9.949999809265137
62973,862,1,72.98999786376953
59979,26,1,179
18519,1715,1,11.56999969482422
48472,263,1,129.99000549316406
93916,883,1,43
15963,1288,1,152
70112,248,1,59.9900016784668
85057,372,1,38
19793,27,1,56.950000762939446
75270,50,1,79.98000144958496
82893,78,1,68.94000053405762
41041,585,1,30.540000915527344
61599,406,1,79
40205,199,1,32.9900016784668
48864,421,1,17.950000762939453
41287,19,1,64.98999786376953
93962,97,2,87.94999885559082
85011,183,1,108.29999732971191
62535,790,1,72
92880,48,1,24.989999771118164
95044,408,1,24.950000762939453
7304,749,1,9.989999771118164
61207,261,1,12.760000228881836
63617,272,1,109.73999977111816
6368,243,1,43.22999954223633
75047,485,1,143.98000144958496
5538,208,2,102.52000045776367
19103,421,1,16.799999237060547
55150,158,1,90.04000091552734
42415,5,2,56.989999771118164
52233,61,1,20
39498,91,1,79
10613,128,1,58.5
80620,642,1,315.9000015258789
92004,622,1,36
80145,762,1,123
31861,144,2,126
66534,674,1,34
14051,25,1,34.650001525878906
63165,243,1,82.44000244140625
57331,809,1,35
40351,3,1,35.9900016784668
72983,39,1,39.9900016784668
81994,61,3,247.89999961853027
78748,432,1,25.200000762939453
9239,315,1,46.989999771118164
84413,324,1,17
88658,495,1,44.9900016784668
15402,39,1,19.93000030517578
41725,1853,1,16.989999771118164
57500,507,1,55.97000026702881
53799,62,1,90.80000019073486
49508,928,2,140.36000061035156
30487,559,1,48.89999961853027
60746,34,1,168
34778,490,1,231.63999938964844
51904,379,1,125.96999931335449
45163,4,1,27.71999931335449
2475,62,2,82.9800033569336
77274,830,2,113.9800033569336
87092,142,1,291.59000396728516
34609,587,1,22
5346,104,1,29.40999984741211
12654,261,1,509.8399963378906
43122,1275,1,64
69090,121,1,74.5
80743,1563,2,336.5299987792969
25389,455,1,24.989999771118164
45286,121,1,8.989999771118164
2667,145,1,150
9408,347,1,37.9900016784668
65844,786,1,25
21874,599,1,19.209999084472656
79269,1219,1,49.5
78064,498,1,58.190001487731934
53301,114,2,67.96999931335449
79146,591,1,36
67195,419,1,36.950000762939446
24038,156,2,68.1500015258789
20669,469,2,64.73999977111816
20792,259,1,32.900001525878906
98622,295,1,17.969999313354492
41164,70,1,9.050000190734863
12777,543,1,99
53899,1858,1,5.829999923706056
80022,152,2,55.95000076293945
35568,18,1,54.9900016784668
86010,541,1,11.989999771118164
53507,38,1,149
94131,114,1,195.9799976348877
13238,54,1,25
70925,15,2,102.97999954223633
59272,67,1,25
34878,21,1,42.97999954223633
58190,1270,1,22.989999771118164
39206,299,1,25
80912,303,1,31.130000114440918
35960,219,1,404.6000003814697
88927,791,1,29.950000762939453
17958,440,1,54
16776,38,1,109.34999847412108
31177,1035,2,668.9100017547607
48987,345,3,236.93000602722168
29511,67,1,159.9900016784668
36252,319,1,14.949999809265137
95605,365,1,79
61722,153,1,42
38416,600,1,64.98999977111816
76229,315,1,95.15999984741211
71901,127,2,35.96000099182129
50261,704,1,60.11000061035156
20998,429,1,361.98999977111816
6491,416,1,121.02999877929688
95313,87,1,24.989999771118164
74755,182,2,325
72591,32,1,98
71509,1013,1,25
39690,163,2,71.98999977111816
37526,157,1,12
38608,68,1,23
8263,621,1,55.9900016784668
62412,24,1,50
60248,181,1,50
7181,441,1,36.9900016784668
32067,229,1,229
40772,374,1,78
93839,274,1,109.05000114440918
29903,455,2,93.6299991607666
95857,395,1,52.9900016784668
33842,190,2,264.11999702453613
46245,109,1,149
63225,198,1,49.900001525878906
45226,538,1,29.89999961853028
62206,139,1,39.5
6428,465,2,162.93999862670898
67493,250,2,212
87676,791,1,221.99000549316406
13567,1169,1,113.5
50444,797,1,79
56109,61,1,76.2300033569336
27722,399,1,46
73421,62,1,93.37999725341797
23786,1392,1,70
55090,9,2,140
62037,770,1,62.950000762939446
13421,548,1,34.9900016784668
67447,607,1,159.99000549316406
6474,100,1,74
29196,844,1,199.48999786376953
93132,812,1,22.5
29405,3,1,27.989999771118164
40835,722,1,29.40999984741211
96358,135,1,89.98999786376953
22266,365,1,44
86202,565,1,16
3703,408,1,81.5
98914,1668,1,64.98999786376953
75110,755,1,9.970000267028809
93086,1754,1,46.98000144958496
29451,1164,1,25
16338,657,1,34.95000076293945
1018,142,1,9.960000038146973
91420,399,1,10.109999656677246
64762,695,1,45
47450,701,1,30.450000762939453
3749,108,1,55
27553,282,1,66
63680,60,1,56
70172,339,1,34
19710,4,1,25
66113,137,1,49.25
81556,276,1,109.98999786376952
2398,203,1,97
48801,290,1,159.4000015258789
9677,910,1,159.99000549316406
84974,908,1,45.950000762939446
43514,284,1,48.95000076293945
15087,1449,1,13.989999771118164
90384,708,1,34.97999954223633
82203,225,2,38.39999961853028
25014,176,1,46
29342,158,1,49.9900016784668
86448,1262,1,110.83000183105469
66219,12,1,143.93999862670898
70049,70,1,69.98999786376953
44579,1012,1,42
61891,1186,1,78.95000076293945
64808,85,1,69.5
51718,312,1,109
47888,147,1,15
43560,257,1,64.94999694824219
94168,1287,2,164.9900016784668
81811,312,1,64.98999786376953
21230,788,1,49.9900016784668
50198,112,1,99.83000183105467
19395,280,1,27.5
23723,755,1,186
43952,4,2,44.95000076293945
26640,196,1,8.949999809265137
1001,1712,1,46.95000076293945
39315,988,1,32.5
28950,351,1,19.989999771118164
1064,701,1,10.489999771118164
39561,235,1,57
22249,754,1,49.9900016784668
83285,322,2,301.5500020980835
3620,311,1,51.97999954223633
39169,329,1,69.98999786376953
67556,491,1,58
5286,361,2,138.9700050354004
64307,264,1,36.75
2037,188,1,70.75
64745,356,2,49.989999771118164
50636,688,2,83.80999946594238
87221,3,1,62.580000877380364
80729,441,2,151.84000396728516
2684,304,1,13.989999771118164
58253,116,1,42.21999931335449
46308,582,1,89
14237,549,2,82.98999977111816
70504,174,2,71.94999980926514
80583,1101,1,78.98000144958496
29388,267,1,118
71586,1,1,14
46700,434,1,19.770000457763672
47782,340,1,41.97999954223633
81665,529,1,29.989999771118164
69422,124,1,38.579999923706055
79501,1382,1,131.94000244140625
20729,434,1,198
23978,3,1,25
44533,88,1,24
37649,95,1,80.65000057220459
58207,622,1,39.950000762939446
9222,501,1,31.079999923706055
40895,518,1,49.9900016784668
35751,24,1,78
30012,15,1,81
55482,970,1,54
88114,659,1,6.5
64138,100,1,245
2621,155,1,129.99000549316406
8764,769,1,38.5
75522,505,2,127.93999767303465
48343,37,2,561.9799919128418
42890,1106,1,33.970001220703125
77420,14,1,71.97000122070312
41871,1692,1,70.28999900817873
45117,290,1,24
95751,24,1,175.41000366210938
7556,204,1,76
28114,191,1,18
82140,886,1,25.75
69783,296,2,38
61390,472,2,148.13999843597412
33258,56,1,130.75
35422,154,1,149.9000015258789
14695,136,1,149.9499969482422
94022,8,1,18.979999542236328
95920,704,1,17.489999771118164
93756,701,1,205
20623,97,1,22.950000762939453
51091,505,2,43.579999923706055
37978,199,1,58
59747,25,1,74.97000122070312
79392,374,1,177.9499969482422
83892,343,1,49
73982,79,1,20.18000030517578
7619,8,1,71.98999786376953
40334,1117,1,248.98000717163086
97523,1,1,44
28761,989,1,32.9900016784668
37025,21,2,113.27000331878662
32697,359,1,32
33195,141,1,16.989999771118164
28369,30,1,25
10928,809,1,179
14758,272,1,106.47000122070312
96504,1110,1,41.39000082015991
40726,30,1,120.3000020980835
41224,710,1,49.9900016784668
19086,30,1,20
11555,476,1,154.5
75977,896,1,54.950000762939446
32568,227,2,290.89000034332275
80995,137,1,104.92999649047852
98307,1394,1,25
72339,68,1,132.93999862670898
71257,1407,1,25
11320,1215,1,162.2199993133545
58273,37,1,33.9900016784668
79584,422,1,15
74174,640,1,35
96833,1686,1,54.9900016784668
75648,1577,1,30
84304,243,1,48
93587,110,1,170
8011,543,1,38
12339,3,1,176.98999786376953
92505,873,1,25
54008,218,1,43.86999988555909
11257,237,1,81.02999877929688
58336,126,1,34.5
13029,241,1,14.970000267028809
54400,110,1,84
94775,173,3,261.5399971008301
58728,94,1,24.979999542236328
92611,138,1,311
36833,3,1,29.989999771118164
60892,293,1,136.89999961853027
30341,21,1,99
55917,33,2,200.57999992370605
33152,12,1,119.98999786376952
34277,1044,1,21.979999542236328
53753,246,3,66.51999950408936
29949,83,3,653.939998626709
27785,414,1,42
77165,1308,1,150
79329,47,1,25
70673,689,2,134.26000022888184
11904,3,1,138.30999565124512
73919,1312,1,169
55525,128,1,34.900001525878906
47951,11,1,96.61999893188477
2,107,1,258.9799995422363
54443,781,1,72.13000106811523
89757,64,1,7.989999771118163
97331,608,1,70.65999794006348
1476,112,1,198.86999893188477
39581,343,2,77.85999870300293
62395,844,1,197.9499969482422
97019,358,2,138.72999954223633
26846,589,1,57
21937,583,1,24.989999771118164
54569,1119,1,249.94000244140625
4957,1324,1,275
37589,306,1,40
60829,821,1,49.5
10553,70,1,27.600000381469727
26205,608,1,124.98999786376952
53882,156,1,125
47453,214,1,27.989999771118164
9156,571,1,23.989999771118164
36710,311,2,150
99057,119,1,138.57999801635742
4078,370,1,148.98999786376953
15462,221,2,174.4499969482422
75771,1014,1,182.98000526428223
96378,260,1,49.950000762939446
3560,210,2,59.76999855041505
85681,29,1,10.5
92943,1281,1,45
9033,230,2,239.99000549316406
4124,988,1,24.989999771118164
28930,578,1,94.48999977111816
38748,1,1,221.45000076293945
8469,1452,1,95
70739,536,1,46
30281,28,1,135.98999977111816
48927,873,1,141.8699970245361
91592,380,1,135
97537,347,1,34
50132,895,1,162
51529,16,2,111.19000053405762
29717,288,1,35.970001220703125
38794,535,2,85.85999870300293
72259,1113,1,22
73418,29,2,279.939998626709
17546,753,1,20.89999961853028
60875,20,1,99
6431,69,1,22.5
50178,714,1,23.989999771118164
93507,123,1,53.329999923706055
28366,1317,1,45
16464,481,1,94.96999979019165
72777,821,1,60
56484,226,1,53.970001220703125
12860,867,2,331.9799976348877
65389,226,1,40
7951,113,1,178
61393,256,1,47
86199,76,2,117.9900016784668
85950,369,1,16.979999542236328
73215,366,1,120
35236,3,1,39.9900016784668
42183,123,1,28.989999771118164
86637,1597,1,158.66000366210938
56876,682,1,135.9900016784668
49050,20,1,37.4099998474121
82641,174,1,210.9499969482422
69657,50,1,152.8400001525879
90905,835,1,63.18999862670898
1004,46,1,68
91154,541,2,61.97999954223633
55605,137,1,200.32000350952148
20981,781,1,172.11000442504883
95983,812,1,47
47530,10,2,199.9700050354004
30719,406,1,99
86591,26,1,49.970001220703125
79644,1486,1,49.9900016784668
14380,606,1,33.349998474121094
13942,186,1,15.899999618530272
90026,739,1,24
66471,115,1,179.15999221801758
90275,1091,1,129.30999755859375
97852,867,1,25
3809,341,2,181.16999816894528
65784,282,1,101.9799976348877
11635,1528,1,24.299999237060547
76899,27,1,149
89588,1162,1,59.5
9471,15,1,36.950000762939446
22893,172,1,25
33716,371,2,66.85999965667725
96816,274,1,9.1899995803833
55356,194,2,135.70000457763672
45618,1012,1,31.950000762939453
13155,39,1,113.9900016784668
97898,155,1,46.450000762939446
66176,1465,1,70.94000148773193
75568,113,1,40
22501,15,1,60
76650,997,1,80.94000244140625
34403,154,2,117.5
45223,1392,1,237.9900016784668
33321,506,1,194.9900016784668
46010,343,1,128.94999980926514
87470,254,1,264.98999977111816
8953,34,3,424.98999977111816
34921,65,2,28.969999313354492
13032,41,2,124.59000015258789
56312,998,1,15
50573,83,1,90
43577,434,1,59.9900016784668
21688,449,1,123.6400032043457
80477,112,1,200
7387,16,1,427.9900016784668
26408,654,1,33.58000183105469
86763,53,1,176.85000038146973
49740,972,1,189.10999965667725
62475,325,1,250.21000480651855
22017,1593,1,37.97999954223633
73295,212,2,116.69999885559082
20102,81,2,257.41000175476074
34592,1759,1,93.5
17938,106,1,14.989999771118164
30673,386,1,32.529998779296875
60560,133,1,49.5
28117,38,1,64
19289,340,1,66.16999816894531
54085,529,1,198
43265,232,1,28.989999771118164
61267,13,1,150
40537,82,1,52.27999877929688
28635,712,3,589.8399982452393
4831,327,1,13.699999809265137
42701,814,1,139.5
74500,489,1,168
71254,508,1,33.5
40709,690,1,104.98999977111816
29889,359,1,120
52611,111,1,65.98999977111816
60434,1020,1,104.22999954223633
25810,604,1,211.43999862670898
18064,313,1,13.989999771118164
30799,134,1,34.95000076293945
7244,562,1,69.94999694824219
6554,11,1,49.5
38104,1020,1,11
15259,86,1,883.8099975585938
18505,318,1,88.95000076293945
15382,31,1,52
27284,40,1,179.92999649047852
59793,236,1,345
26079,590,2,331.7799949645996
17423,428,2,146.85000038146973
29325,820,1,24.989999771118164
18628,400,1,69.98999786376953
70613,7,1,39.9900016784668
41227,1091,1,193.94999694824216
32757,256,1,54
32508,516,1,25
58725,18,1,52
81290,551,1,25
81682,165,1,85.41999816894531
68698,702,1,29.989999771118164
41021,39,2,111.84000015258789
2604,334,1,36.9900016784668
54005,1001,1,32.38999938964844
94666,1206,2,286.0799961090088
88678,3,1,45
32365,330,1,99.5
15588,148,1,79
63351,894,1,13
14898,127,1,45
84599,1029,1,44.9900016784668
75943,1053,1,209.5
96501,236,1,81.98000001907349
20606,739,1,13.06999969482422
46574,454,2,109.51999855041504
12199,859,1,398.5
7871,111,2,149.97000122070312
57394,1516,1,44
9786,231,1,12
23019,1522,1,33.9900016784668
14114,689,1,217.88999938964844
10035,90,1,13.5
27490,83,1,69.47999954223633
23162,1035,1,144.9900016784668
76727,213,1,91.08999633789062
1522,1379,1,57.950000762939446
36146,148,1,19.989999771118164
31283,1031,1,88
29119,9,1,16.5
25326,179,1,10
99890,1526,1,20
91234,332,1,39
1081,1243,1,24.989999771118164
76086,306,1,71.98999786376953
79332,3,1,77
97726,299,1,184.28999710083008
66348,38,1,6.989999771118164
53756,714,1,16
79724,178,1,23.38999938964844
22329,81,2,85.9900016784668
78642,388,1,144
23411,1543,1,137.54000282287598
21247,335,1,136.68999671936035
689,13,1,25
77560,267,1,5.949999809265137
65658,5,1,12
80806,1065,1,29.989999771118164
76478,342,2,135
69986,598,1,169
12591,27,1,59.450000762939446
26657,1444,1,23
96189,123,3,196.5
2870,1218,1,79.98999786376953
71051,118,1,90.98999786376952
50822,25,2,339.4000015258789
13281,755,1,49
33510,808,1,29
26016,322,2,472.98999786376953
93272,13,3,291.62000274658203
94291,466,2,189.72999954223633
22080,697,1,11.25
37400,706,1,309.9799995422363
1897,18,1,12.989999771118164
69153,55,1,75
3889,4,1,198
59667,31,1,21.989999771118164
76979,1044,1,16.010000228881836
51841,1375,1,34.9900016784668
36521,240,1,179
34529,585,1,350.189998626709
46886,41,1,26
92299,696,1,172.5099983215332
63179,3,2,63.39999771118164
77998,576,1,50
13235,37,1,49.950000762939446
40457,1,1,129.55999755859375
50776,894,1,89.98999786376953
45366,326,1,108.54000091552734
10742,3,1,133.95000076293945
60168,24,2,134.10999965667725
79017,505,2,123.21000289916992
34483,105,1,79.9900016784668
77480,676,1,29.989999771118164
99747,146,1,20
11761,1586,1,69
6806,63,1,184.9499969482422
22126,726,1,23.5
39438,776,1,13.989999771118164
61705,712,1,109.95000076293945
46385,411,1,80.45000076293945
94792,195,1,27.989999771118164
67115,1732,1,23.989999771118164
40912,209,1,232.75
38920,357,2,212.95000076293945
84287,780,1,25
73544,455,1,64.98999786376953
45412,645,1,25
65641,1332,1,16.25
50321,1490,1,132.5
33009,401,1,25
11197,824,1,93.7400016784668
30092,309,1,40
93773,477,1,50
34984,547,2,27.519999504089355
65077,480,2,212.36000061035156
32445,11,2,52.50000190734863
56249,753,1,214
47765,34,1,56.38999938964844
49757,490,1,29.950000762939453
91735,732,1,24.5
13736,396,1,129.99000549316406
36381,57,1,198
74423,428,1,46.400001525878906
65595,297,1,125
2916,462,1,194.19999980926514
80915,238,1,54
71005,682,1,224.20999908447266
30971,22,1,52.070000648498535
37540,796,1,269
14818,1645,1,65
80351,95,2,94.8899974822998
4390,337,1,96
92253,809,1,89
52156,396,2,98.3499984741211
44330,105,1,25
40002,520,1,25
82452,80,1,69
77543,1091,1,415.95000076293945
64559,1206,1,132.53999519348142
57314,29,1,54.950000762939446
16607,27,1,349.98001098632807
25701,66,1,240.90000915527344
33527,489,2,172.1699981689453
78516,7,2,258.98999786376953
48220,1315,1,39
20543,444,1,320.8800048828125
50839,269,1,132
18754,694,1,64
65532,152,1,42
85807,1166,1,25
4250,487,1,32.89999961853027
39375,9,1,24.950000762939453
22063,1043,1,65
51277,64,1,71.23999786376953
21562,15,1,19.989999771118164
52359,40,1,143.4800033569336
17735,680,1,179
39956,6,1,48
7261,2,1,206.32000160217285
314,688,1,223.6300048828125
17626,543,1,229.95000076293945
60623,576,1,102.6500015258789
65578,707,1,142.77999877929688
56295,1379,1,78.9000015258789
83972,149,2,233.96999835968018
66660,82,1,36
88300,343,1,41.109999656677246
61250,6,1,56.989999771118164
81370,263,1,61.47999954223633
64058,4,1,13.789999961853027
94354,1553,1,150.29000091552734
37603,156,1,128
77434,70,1,79.98999786376953
18127,868,2,154.14999961853027
36318,447,1,10.989999771118164
7307,391,1,69.5
38482,56,1,49.9900016784668
35439,431,1,64
66614,12,1,143.82000350952148
70942,185,1,46
31990,342,1,214.99000549316406
95734,1599,1,49.9900016784668
78814,243,2,173.9800033569336
80978,443,1,156.73000144958496
97208,694,1,52
79896,374,1,36.970001220703125
74486,794,1,10
80288,407,1,8.390000343322756
2289,1588,1,31.989999771118164
92691,63,2,56.9900016784668
10945,195,1,78
22518,75,3,392.94000244140625
88944,9,1,19.760000228881836
39830,2,1,98.93999671936034
5206,899,1,24
50384,16,1,33
83016,141,1,39.9900016784668
40849,110,1,133.98999977111816
63995,508,1,172.95999956130981
98619,276,2,147.4399995803833
89963,3,1,134.97999954223633
9926,544,2,64.2400016784668
6225,125,1,50.93000030517578
24416,606,1,24.989999771118164
67696,353,1,48
12153,1320,1,115
49694,12,2,226
61768,61,1,422.9900016784668
65014,1234,1,110
44456,540,3,104.43000030517578
37792,245,1,24.989999771118164
55104,1135,1,45.3100004196167
17563,886,1,25
11824,942,1,7.989999771118163
62097,78,1,49.950000762939446
15070,206,1,104.97999954223633
18817,32,1,65
41539,624,2,73.91999816894531
58851,269,1,6.4099998474121085
8907,358,1,24.5
251,125,1,115
4187,347,1,202.42999744415283
7433,644,1,157.9799976348877
36819,134,2,22.849999427795407
43766,1234,1,59.90999984741211
40065,1112,1,513.2500038146973
2478,62,2,101.01000022888184
48721,552,2,160.92000007629395
17798,656,1,22
23208,1442,1,144.9900016784668
47467,779,1,64.80000305175781
63305,86,1,21
37337,706,1,121.97999954223633
1960,695,1,139
45240,1019,1,39.9900016784668
54649,3,1,71.98000144958496
69969,3,1,98.29000091552736
3952,442,1,168.98999786376953
72133,154,1,14.949999809265137
95937,157,1,89.5
22189,16,2,106.69000244140625
8452,30,1,20.5
71961,184,1,12.050000190734863
20025,1575,1,110
39501,104,1,9
25764,43,2,387.2299976348877
58585,1073,1,62.28000068664551
93209,60,1,78
78061,66,1,52
99873,1001,1,40
15336,468,1,92
87407,508,1,528.8099975585938
67931,494,1,23.989999771118164
78751,736,1,20
90653,63,1,226.18000602722168
99999,398,1,49
11698,146,1,167.1699981689453
97772,628,1,79.16999816894531
89116,933,1,177.94000053405762
44911,22,1,32
36255,121,1,99
75207,865,1,24
87799,690,1,83.63999938964844
98164,308,1,81.5
79143,663,2,607.6700038909912
80852,820,1,54.200000762939446
1725,703,1,24
3434,285,1,48.5
83471,994,1,195.47999572753906
68260,21,1,44.209999084472656
1333,207,1,15.100000381469728
94228,168,1,216.23999404907227
59604,80,1,59
88818,275,1,36.9900016784668
5661,1264,1,269
19727,392,1,15.770000457763672
49866,692,1,19.989999771118164
22973,185,1,59.97999954223633
9597,588,1,31.450000762939453
49631,904,1,99
35565,116,1,60
51340,786,1,187.9900016784668
63242,765,1,42.9399995803833
16716,460,1,16.989999771118164
39893,96,1,16
44221,6,1,84.20999908447266
37274,1356,1,88
26909,166,1,81.54999923706055
6351,352,1,73.98999786376953
38356,116,1,22
2807,228,1,250
94918,433,1,10.590000152587892
66786,628,1,25
643,5,1,218.97000122070312
77606,910,1,137.50000190734863
68950,497,1,49.950000762939446
79770,594,1,78
88426,86,1,189
15368,67,1,63.9900016784668
80632,23,1,143.3300018310547
60735,4,1,14.899999618530272
6878,166,1,219.5
32348,495,1,12.979999542236328
36570,4,1,192.4000015258789
84854,416,1,48
48023,1434,1,123.1500015258789
76364,399,1,75.22999954223633
90473,484,1,192.16000366210938
28080,393,1,24.989999771118164
21156,76,1,25.89999961853028
72096,21,1,54.950000762939446
83334,567,1,198
46457,333,1,39.950000762939446
66354,458,1,18
55116,193,1,149.99000549316406
35219,322,1,11
38136,245,1,53.970001220703125
94741,815,1,75
1090,304,1,163.98999977111816
39487,592,1,44.9900016784668
82152,164,1,525
93390,556,1,149.5999984741211
5527,168,1,99
16765,167,1,6.949999809265137
33868,68,1,59.5
56467,286,1,166.11000061035156
2441,514,1,96
50848,344,1,65
43586,684,1,102.71999931335449
97443,375,2,363.3499984741211
52076,318,1,111.4000015258789
66477,1825,1,32.4900016784668
54993,4,1,25
29600,288,1,188.25
94864,499,1,20
39656,1463,1,187.9900016784668
87725,85,1,348
22461,318,1,149.9499969482422
73616,732,1,119
22338,230,1,55
30951,101,1,94.6200008392334
53765,657,1,104.94999980926514
66185,384,2,102.72000026702881
20987,851,1,118.68000030517578
86251,1041,1,46
97566,371,1,129
97735,120,1,35.95000076293945
40884,535,1,26.5
86082,12,2,273.47999572753906
63606,25,1,10
20818,150,1,150
96384,418,1,39.5
30997,86,1,220.94999694824216
96261,29,1,79.5
87433,823,1,244.9900016784668
19636,109,1,198
76318,852,1,81.0399980545044
72219,744,2,60.65000057220458
91701,59,1,79.98999786376953
12374,158,1,25.729999542236328
86543,18,1,17.989999771118164
51017,600,1,32.900001525878906
87479,53,1,61.80000114440919
67997,451,1,69.5
79358,270,1,109.5
51953,986,1,79.94999694824217
6755,697,1,36
29723,4,1,80.48999977111816
15660,1208,1,24.989999771118164
44047,972,1,9.800000190734863
23981,498,1,141
74675,77,1,96
40546,1111,2,402.2900047302246
59676,446,1,55.29999923706056
84562,251,1,25
45229,1347,1,31.96999931335449
65295,509,1,19.989999771118164
15614,66,2,44.97999954223633
49497,125,2,732.1199951171875
66815,652,1,60.94000053405761
38090,517,1,184.47999954223633
17778,16,1,19.989999771118164
71973,1250,1,23.950000762939453
90719,322,2,179.58000564575195
22799,361,1,224.9900016784668
16842,82,3,435.7900047302246
93221,822,1,124.86000061035156
90227,622,1,19.950000762939453
82106,6,1,40.450000762939446
24319,420,1,92.4000015258789
78176,641,1,16
49205,416,1,108
93175,648,1,30
25255,3,1,345.45000076293945
39026,18,1,52.95000076293945
25501,529,1,149
70453,280,1,143.9499969482422
43340,513,1,39.5
35680,800,1,54.450000762939446
78130,459,1,279.95001220703125
27190,129,1,64.98999786376953
94280,480,1,40
7293,1437,1,52.989999771118164
24273,617,1,89.36000061035156
52660,777,1,225.6500015258789
55577,438,1,13
37506,1491,1,14.989999771118164
56882,627,2,81
98502,184,2,81.9900016784668
5942,308,2,89.9800033569336
88186,149,1,34.04999923706055
95631,23,2,216
3071,263,1,11.979999542236328
61671,1374,1,19.989999771118164
89491,72,1,53.989999771118164
49789,337,1,48.650001525878906
29231,638,1,396.9900016784668
29062,1287,1,107.9499969482422
9165,32,1,168.5
93759,655,1,19.989999771118164
59799,579,2,69.61999988555908
67459,44,1,11.600000381469728
48438,382,1,66.98999977111816
19175,486,1,42.9900016784668
78697,25,1,41.83000183105469
61840,162,1,607.1000022888184
90058,255,1,57
154,7,1,118.75
53135,13,1,19.950000762939453
82398,318,1,45.2400016784668
83872,272,1,15
68641,46,1,149
75382,1491,1,109
77131,185,2,186.26000022888184
40592,5,1,90.9900016784668
63898,371,1,25
52829,16,1,91.21000003814697
2026,1242,1,8.949999809265137
64419,160,2,73.95000076293945
42650,1365,1,36.400001525878906
31810,799,1,30
84087,3,2,90.96000099182129
675,317,1,34.9900016784668
95325,1337,1,35.2599983215332
18654,212,1,27.989999771118164
76072,68,1,60
33161,138,1,29.989999771118164
44645,766,1,30.88999938964844
8767,1389,1,207.95000076293945
44522,271,1,64
85146,328,1,29.989999771118164
85269,4,1,29.690000534057617
62547,312,1,6.980000019073486
21923,66,1,79.97000122070312
64711,76,1,76.5
10562,792,1,178
96630,493,1,64.3499984741211
42481,115,1,229
75551,258,1,25.979999542236328
88784,359,2,147.93999862670898
63729,397,1,21.989999771118164
552,530,1,254.9900016784668
83211,1348,1,25
92116,4,1,128.5
34927,38,1,115
12789,464,1,13.989999771118164
8106,77,1,56
45398,300,1,129.61000442504883
25916,6,1,12.479999542236328
446,387,2,270.4700012207031
48730,85,1,64
11223,494,1,22.989999771118164
34037,738,1,78.78999996185303
56175,146,1,158.8400001525879
90350,44,1,34.47999954223633
71850,188,1,37.720001220703125
33055,52,1,32
37383,34,1,29.989999771118164
23566,1631,1,43.7400016784668
8996,199,1,262.45000076293945
55285,98,1,9
5650,26,1,75
35909,526,2,190.99000549316406
13679,451,1,25
50602,475,1,9.15999984741211
35511,364,1,188.3000030517578
78299,25,1,135.88999938964844
44416,867,1,136.93999862670898
91532,23,1,24.989999771118164
71558,308,1,169.9499969482422
13971,1638,1,129.99000549316406
45982,166,3,193.5399990081787
82229,94,1,38.18999862670898
34621,394,2,200.72000122070312
99547,36,1,160.95999908447266
3194,1326,1,38.5
84393,920,1,60
5358,852,1,34.9900016784668
90934,317,1,9.9399995803833
1428,1550,1,39.989999771118164
40131,843,1,59.5
15245,413,1,9.989999771118164
78591,131,1,99.98999786376952
26314,274,1,62.989999771118164
71266,687,1,12.56999969482422
1920,303,1,20
27788,218,2,47.75000190734863
90642,302,2,217.9900016784668
57051,1332,1,113.9800033569336
61379,145,1,72.9900016784668
14263,751,1,92.4000015258789
88478,199,1,22.950000762939453
39012,11,1,112.5
56988,273,1,28
96782,125,1,85
14538,997,1,111.93000221252441
93865,167,2,191.1300015449524
10625,192,1,19.989999771118164
28601,12,1,169
92869,4,1,265.9300022125244
53075,786,1,275.5
37091,1133,1,25
84379,170,1,24.989999771118164
10270,125,1,139.9499969482422
89643,959,1,77.9800033569336
49849,1219,1,229.9900054931641
75319,433,1,31.979999542236328
43234,644,3,203.18000507354736
60214,905,1,9
17764,318,1,69.5
61210,882,1,41.959999084472656
35740,6,1,19.989999771118164
17549,151,1,28
24379,179,1,178.9900016784668
74014,16,2,88.98999977111816
96736,40,2,39.260000228881836
10579,1309,1,53.9900016784668
38797,110,2,204.5299997329712
92823,372,1,379.94000244140625
71097,402,1,99.5
70101,129,1,131.98999786376953
42879,150,1,28.950000762939453
43188,51,1,87.86999893188477
57512,702,1,92
97091,84,2,46.989999771118164
98087,585,1,193
63131,73,2,168.3600025177002
60045,1,1,49.950000762939446
31827,681,1,129.4900016784668
85730,766,1,135.9499969482422
34266,614,1,46
383,128,1,34.9900016784668
84210,1064,1,129
27774,982,1,9.380000114440918
52906,654,1,98
2962,39,1,128.98999977111816
46978,108,1,59.95000076293945
15016,390,2,58.9900016784668
6526,722,1,7.5
11744,1006,1,54.9900016784668
54286,578,1,44.93000030517578
79587,652,1,164.02000045776367
76762,1,1,154
92992,419,1,68
39135,42,1,26.989999771118164
22982,41,1,129.99000549316406
16244,670,1,118
23151,5,1,135
50373,90,1,19.209999084472656
45458,1458,1,9.989999771118164
95571,432,1,36
78236,492,1,137
35571,87,2,245.92999839782715
12849,457,1,39.9900016784668
33038,99,1,9.989999771118164
60383,63,1,55
24210,986,1,153.74000549316406
71744,832,1,115.31000328063965
55514,217,1,48.46999955177307
58986,42,1,25
41236,6,1,19.989999771118164
43357,1622,1,32.130001068115234
23045,10,2,40.989999771118164
37738,168,1,171
73264,838,1,42
5083,489,1,163.9499969482422
70347,278,1,54.950000762939446
48375,422,1,15
15906,106,2,273.88999938964844
64605,175,1,69.98999786376953
76902,1000,1,54.9900016784668
97214,78,1,166.9900016784668
40655,4,1,38.9900016784668
78714,30,2,47.25
58402,482,1,55
85206,85,1,383
96613,661,2,322.87000274658203
37260,564,1,49.9900016784668
8873,358,1,25
59736,794,1,77.94000244140625
323,489,1,29.5
63958,116,2,118.44000244140625
23629,139,1,117.98999786376952
57466,800,1,57.970001220703125
4651,1519,1,11.489999771118164
34990,686,1,78.95000076293945
66079,1068,1,46.959999084472656
25793,27,1,65
52597,424,1,16.780000686645508
37154,506,1,26.51000022888184
51369,909,1,229.94000244140622
47041,510,1,175.9900016784668
98488,124,1,28.43000030517578
67353,675,1,29.989999771118164
76012,433,1,206.99000549316406
73845,1063,1,85
67599,1627,1,70
98734,6,1,547.46999168396
39962,4,1,10.989999771118164
83732,61,1,72.98999977111816
14386,1505,1,106.98999977111816
79650,172,2,79.94000053405762
88847,1024,1,24.89999961853028
88601,27,1,69.98999786376953
12222,309,1,50
99962,741,1,22.989999771118164
81877,539,1,151.4099998474121
36676,78,1,15.949999809265137
67980,147,1,9.5
56407,407,1,11.260000228881836
84794,1074,1,308.9799995422363
3546,609,1,39.5
93450,1016,1,39.5
60320,51,1,50.16999816894531
11206,850,1,67.98999786376953
70991,25,1,88.44000244140625
90012,1564,1,69.94999694824219
89016,683,1,79
60841,707,1,59.950000762939446
27711,421,1,39.989999771118164
97672,1,1,174.42999839782715
82089,1435,1,89.31000137329102
76424,279,1,27.770000457763672
13911,902,1,219
68764,1832,1,160
86480,66,1,43.5
36155,233,1,59.5
43815,374,2,106
28495,143,1,73.9900016784668
17134,210,1,26.5
95677,562,1,93.98999786376952
88538,269,2,139.95000076293945
31764,37,2,371.98000144958496
798,64,1,19.989999771118164
5298,1253,2,218.5300006866455
61319,156,1,34.95000076293945
34681,635,1,194.43999862670898
33928,878,1,20
56576,50,1,19.989999771118164
13954,412,1,65
75903,19,1,199.97999572753903
29494,780,1,55.9900016784668
4024,108,1,54
58093,86,1,89.95000076293945
45873,87,2,113.58999919891357
99899,269,1,19.989999771118164
48037,125,1,18.96999931335449
77177,21,1,103.29000186920166
14080,60,1,118.98999786376952
79172,98,1,37
91933,333,2,120
57924,13,1,72.88999938964845
89228,106,2,357.6600036621094
60629,214,2,277.350004196167
31243,444,1,103.12999725341795
5710,85,2,100.98999977111816
9042,152,1,37.760000228881836
91286,388,1,20
26852,1010,1,73.47000122070312
50911,107,1,36.989999771118164
59567,608,1,34.95000076293945
88369,324,1,126
4714,541,1,18.61000061035156
80709,1461,1,213.55999946594238
83520,1394,1,59.4900016784668
77698,3,1,25
44568,143,1,29.989999771118164
39550,1499,1,82.5
79925,720,3,191
20403,901,1,103
48206,284,1,38.44000053405762
30290,24,1,170
2072,1020,1,83.63999938964844
14601,33,1,78
6941,362,1,12.06999969482422
62315,706,1,354.5200004577637
83457,688,1,56.89999961853027
89706,5,1,225
21940,377,1,118.94000053405762
6294,104,1,265
68458,147,1,90.44000244140625
72786,203,1,98
86268,18,1,49
74907,392,1,138.60000610351562
63589,773,1,39.5
84837,1682,1,39.950000762939446
17655,356,1,109.9900016784668
11853,256,1,114.06999969482422
36739,783,1,9.550000190734863
43772,57,1,25.590000152587887
48100,314,1,94.5
29706,1398,1,8.010000228881836
32411,18,1,94.98999786376952
34575,658,1,63
21050,47,2,98.95000076293945
18345,712,1,79.98999786376953
31352,619,1,38.5
39842,588,1,45.670000076293945
93699,912,1,58.5
64648,1530,1,77.98999786376953
48332,929,1,43.67999982833862
65999,38,1,118
735,969,1,124.5
34910,32,1,25.600000381469727
66663,165,1,532.4799995422363
17074,1067,1,82.30999755859375
50370,902,1,29.950000762939453
99487,1468,1,22.5
2255,734,1,32.619998931884766
67519,1135,1,60
79421,450,1,89.94999694824217
22152,188,1,68.5
70436,455,1,54
61090,439,1,12.090000152587892
29122,230,2,63.989999771118164
72451,21,1,55.9900016784668
781,43,1,25
34864,551,2,66.5
32872,151,1,30
71054,156,1,32.45000076293945
27602,98,1,14.989999771118164
79467,1823,1,50
39009,265,1,63.7400016784668
28953,356,1,7
89600,89,1,99.9800033569336
78239,15,1,19.520000457763672
35451,1090,1,59
70931,228,1,15.68000030517578
36384,176,1,13.229999542236328
2842,14,2,174.47999954223633
48286,1639,1,31.359999656677246
79759,227,1,228
48850,308,1,67.30000305175781
37489,483,3,121.98999786376952
68916,435,1,33
57678,185,1,65
92179,1101,1,78.5
15677,13,1,49.9900016784668
69039,457,1,69.5
71449,795,1,134.98999786376953
22939,308,1,40.83000183105469
34346,381,1,28.989999771118164
53828,1515,1,195
84871,433,2,38.989999771118164
37263,1,1,176.44000053405762
38840,113,1,37.7699990272522
2378,1383,1,269.55999755859375
31014,541,1,25
67001,534,1,69.94999694824219
6231,166,1,44
9563,1030,1,120
69872,193,1,38
20924,50,1,181.88999938964844
26082,593,1,148
73015,1350,2,94
19653,162,2,317.3199863433838
48624,328,1,194.3300018310547
28558,1198,1,91.72000122070312
45707,389,1,87.16999816894531
84917,555,1,37
35969,34,1,125
66955,614,1,51
55594,454,1,93.38999938964844
16015,1396,1,153.88000106811523
1691,2,1,30.88999938964844
8933,1560,1,58.36000061035156
7310,596,1,28
78465,814,1,180
17535,275,1,89
65481,1143,1,230
67058,550,1,175
65143,703,1,265.3499946594238
22693,2,2,87
13201,31,1,12.359999656677246
84376,956,1,94
71392,901,1,21.25
34449,262,1,215.72999954223633
86729,9,1,39.9900016784668
95096,296,1,55
54761,1472,1,36.97999954223633
53533,1268,1,12
53782,11,3,310.4700050354004
19158,209,2,196.9599952697754
73848,68,1,20.5
55697,433,1,12.989999771118164
98731,92,1,144.97999954223633
42713,189,1,57.07000160217285
32534,5,3,92.88999938964844
21173,127,1,59.5
31993,235,2,106.9799976348877
74535,878,1,110.5
43354,773,1,9.989999771118164
88306,484,1,118.5
72912,119,1,64
86683,557,1,40.9900016784668
20632,582,1,41.9900016784668
7459,1778,1,30.989999771118164
56573,1385,1,33.75
47917,376,3,203.48000526428223
98857,1180,1,14.949999809265137
39427,118,2,114.95000076293945
10376,338,1,63.9900016784668
40068,185,1,119.9900016784668
32408,543,1,75
23752,375,1,18.350000381469727
69165,996,1,12.510000228881836
12391,57,1,219.4499969482422
77821,1058,1,19.5
71346,86,1,119
30058,962,1,25
30722,318,1,20
50788,43,1,46.5
59444,185,2,180.42000198364258
13742,15,1,178.7400016784668
43128,17,1,21.989999771118164
1150,173,2,60.289999008178725
6769,231,1,238
30181,4,1,156.98999977111816
38594,4,1,101.33999824523927
15780,1436,1,54
79295,25,1,53.11000061035156
77303,341,1,348.5
62149,326,1,35.9900016784668
36015,557,1,69.5
87708,257,1,89.5
89872,848,1,328.9799995422363
92451,118,1,19.989999771118164
66460,1112,1,25
60134,775,1,69.5
92053,22,1,30.89999961853028
4190,1202,1,436
40609,276,1,65
81233,277,1,96.2400016784668
68767,3,2,81.08000183105469
57114,1009,1,12.899999618530272
59278,176,2,461.989990234375
72677,1374,1,22.299999237060547
99902,5,1,48.950000762939446
90579,72,1,102
25979,692,1,39.97999954223633
83915,1134,1,15.989999771118164
5421,386,1,80.18000030517578
47376,259,2,486.2899971008301
14077,24,1,424.88000106811523
45212,824,1,202.9900054931641
59842,956,2,84.48999977111816
67293,37,1,49.5
82441,1195,1,49.950000762939446
35866,98,2,64.47999954223633
24505,3,1,66
58588,1212,1,36.36000061035156
66752,304,1,36
60752,362,1,230.57999992370605
35325,1381,1,52.77999877929688
71203,106,1,78
38030,1034,1,53
39255,54,3,97.1500015258789
33931,559,1,240.48999977111816
87788,57,1,139.99000549316406
39504,100,2,123.48999977111816
42836,1043,1,326.92999267578125
30599,768,1,21
96693,773,1,30.769999504089355
83317,160,1,13
98010,824,1,54
24256,8,1,123.25
79524,348,1,410.19000148773193
47519,518,1,77.9900016784668
63208,1158,1,110
66540,545,1,24
65850,29,2,458.939998626709
22570,621,1,198
14910,104,2,404
45292,907,1,119.98999786376952
11993,79,2,74.6500015258789
19238,185,1,142.5
10668,1381,1,36.9900016784668
6646,683,2,86.39000034332275
16384,484,1,16.039999961853027
1322,1086,1,31.39999961853028
20712,1231,1,51.75
78050,876,1,240
76135,330,1,69
65066,245,2,115.47000122070312
62902,39,3,242.43999862670898
30934,50,1,99.98999786376952
11209,504,1,33.150001525878906
54489,111,1,78
56653,78,1,20
95219,94,1,450.6800003051758
54638,3,1,11
89262,129,1,109.98999786376952
1030,676,1,131
41113,878,1,18.6200008392334
19573,257,1,98.95000076293945
85083,26,1,156.61000061035156
73430,34,1,245.98999786376953
87247,18,2,99.76999855041504
64774,969,1,59.400001525878906
99149,2,1,44.60000038146973
42985,699,1,82.63999938964844
83609,803,1,22.950000762939453
87937,3,2,147.95000076293945
86314,230,1,38
52182,603,2,548.3399963378906
85773,1189,1,27.450000762939453
77068,456,1,48.970001220703125
45581,940,1,9.260000228881836
48498,221,1,75.11000061035155
33178,127,1,34.9900016784668
36095,1005,1,25
51415,1155,1,156.9600009918213
68704,674,2,169.88999938964844
84024,737,1,47.9900016784668
66829,37,1,17.84000015258789
28246,299,1,77.98999977111816
16885,83,1,79.5
9915,1099,1,121.31999969482422
47456,1294,1,192.89999389648438
89998,955,1,44
71761,252,1,72
58863,562,1,47
26208,399,1,78
42069,1093,1,26
81107,495,2,86.98999977111816
30167,304,1,13
8441,175,1,32
96427,356,1,17.950000762939453
14847,225,1,81.2300033569336
59381,923,1,89.5
19802,1061,1,167
31163,13,1,19.979999542236328
11452,33,1,190
38179,892,1,29.989999771118164
75133,76,1,147.19000053405762
54904,1329,1,50.989999771118164
76716,844,1,45
66311,125,1,21.989999771118164
4960,195,1,44.450000762939446
83546,728,1,25
98920,453,1,49.5
94051,1123,1,213.76999950408936
8518,307,1,348
22295,331,1,26.979999542236328
62298,168,1,78.04999685287476
33656,85,1,275.9799995422363
61442,252,1,46.950000762939446
27728,253,2,64.97000122070312
34220,555,1,34.310001373291016
88415,681,2,203.68999862670898
43048,424,1,49
7585,531,1,78.95999908447266
28833,250,1,40
45063,8,1,31.049999237060547
39653,1191,1,322.90000009536743
13513,588,1,27.989999771118164
62375,896,1,23.950000762939453
62916,695,1,99.98999786376952
10439,547,1,54.5
33702,1377,1,26.950000762939453
99776,22,1,198
80543,118,1,52
51077,235,1,36.9900016784668
92531,1200,1,25
55405,68,1,137.9000015258789
45919,56,1,338
67167,1648,1,185.92999649047852
70702,477,1,137.93999862670896
59341,258,2,119.5
79155,1399,1,155.9900016784668
28309,65,2,115.98999977111816
34558,731,2,72.80999946594238
56284,495,1,69.66999816894531
51956,401,1,158
69182,633,1,33.97999954223633
97901,785,1,12.989999771118164
96905,195,1,21.89999961853028
36573,317,1,43.03999996185303
47934,134,1,8.789999961853027
89935,1136,1,65.11000156402588
59922,314,1,30
52889,51,1,16.950000762939453
75611,496,1,146.9499969482422
15371,572,1,38
19942,115,2,102.18000030517578
13450,900,1,141.98999977111816
67307,955,2,193.9000015258789
14784,1914,1,26.89999961853028
67645,173,1,73.5999984741211
69228,396,1,19.989999771118164
82212,752,1,18
32683,229,1,48.89000129699707
80048,294,1,16.989999771118164
28,39,1,130
58800,211,1,78
49603,249,1,58
47980,1561,1,6.940000057220459
88893,500,1,450
82063,4,1,154.37000274658203
44044,348,1,6.949999809265137
26732,898,1,28.989999771118164
37552,107,1,395
98239,18,1,28.989999771118164
68930,368,1,108
51618,221,1,39.989999771118164
615,293,1,78
41731,211,1,110
7107,65,2,80.94999694824219
36321,851,1,11.670000076293944
34157,1763,1,19.989999771118164
19009,1766,1,136.89999961853027
18468,18,1,19.989999771118164
29829,861,1,50.24999809265137
34698,276,1,8.979999542236328
11435,13,1,103.43999671936034
51830,948,1,196.89999771118164
48913,1339,1,25
52826,1586,1,135.88999938964844
86454,40,2,312.4600009918213
6629,702,1,29.989999771118164
19221,291,1,36
61505,47,1,30
11561,897,1,14.949999809265137
38242,350,1,139
88352,157,1,85.41999816894531
79006,1235,1,18.989999771118164
58448,1,3,225.1799964904785
56527,4,1,13.989999771118164
25149,3,1,119
55531,183,1,11.409999847412108
41465,154,1,11.899999618530272
4591,1176,1,32
78010,1325,1,255
32809,704,2,87.95000123977661
82753,1060,1,924.25
69119,310,1,88
92099,421,1,128.8900032043457
70373,278,1,459
68123,510,1,45.2400016784668
93095,118,1,110.96999931335449
37200,325,1,35
84439,320,1,62.88999938964844
54057,1109,1,119
79484,638,1,19.979999542236328
27187,544,1,250.94000053405762
63732,266,1,381.5500011444092
13788,3,3,62.65999984741211
75305,1,1,34.30000019073486
15952,105,1,21.950000762939453
83961,129,2,113.28000068664551
3211,858,1,64.98999786376953
20695,976,1,415.32000732421875
3360,192,1,154.48999786376953
24459,98,1,13
50599,452,1,428.5
48435,509,1,132.0800018310547
39779,1522,1,92.06999969482422
96553,38,1,86
26623,183,1,48
44648,91,1,52
9162,1382,1,15.989999771118164
9334,738,1,126.93999862670897
5939,29,2,173.07999801635742
8103,1778,1,103
17300,653,1,89
2152,622,1,33.9900016784668
17841,1246,1,58.9900016784668
11349,312,1,44.9900016784668
94867,25,1,550
37678,1025,1,10.5
58322,12,1,159.20000076293945
39089,154,1,59.5
64665,493,1,122.59999847412108
24090,1071,1,25
20758,769,1,279.9900016784668
21385,63,1,116.81999969482422
37074,380,1,269.9499969482422
5069,8,1,39.9900016784668
29414,153,1,25.950000762939453
33742,11,1,168.97999572753906
19762,98,1,29
67370,422,1,64
93158,434,2,386.4600028991699
92162,56,1,81.94999694824217
85913,438,1,50
80174,100,1,48.970001220703125
65355,458,1,114.74999856948853
52371,1137,1,35
66351,351,1,17
46961,1547,1,19.88999938964844
73925,228,1,28.950000762939453
77257,1025,1,16.5
94569,85,1,58.9900016784668
98960,563,1,49.9900016784668
58926,100,1,16.979999542236328
75242,530,1,89
98505,435,2,324.88000106811523
87599,101,1,44
83271,100,1,342.76000022888184
47024,1178,1,227.15999794006348
64877,224,1,54
78943,166,1,8.630000114440918
10871,1232,1,46
64728,270,2,564.8199996948242
21691,631,2,360.5599937438965
8707,933,1,136.95000076293945
71220,21,1,104.61000061035156
23612,436,1,60
13035,291,1,446.7899978160858
26019,1235,1,88.4000015258789
45644,100,3,282.6000003814697
36988,431,1,64
49972,197,1,36.950000762939446
29955,622,1,13
8856,1285,1,9.699999809265137
32119,258,1,189
3838,875,1,15
17904,1257,1,98.08000183105467
6002,480,1,39.950000762939446
10330,1,1,22
1674,779,1,59.25
8166,444,1,113.94000244140625
2607,55,1,34.95000076293945
5312,96,1,8.800000190734863
4771,73,1,74.5
18949,3,1,46
96948,75,2,64.9099988937378
3297,909,1,59.96000099182129
16032,403,1,19.989999771118164
1969,154,1,79.94999694824217
61399,226,1,31.989999771118164
45747,64,1,92.9800033569336
28767,1347,1,40.989999771118164
75700,273,1,14.399999618530272
66995,1055,1,24.5
7565,439,1,42
10436,725,1,79.93000030517578
68538,495,1,54.71000003814697
52886,495,1,14.989999771118164
20254,225,1,42
72829,1270,1,124.31999969482422
82647,353,1,44
82839,592,1,9.109999656677246
35883,27,1,139.99000549316406
6168,108,1,25
16078,243,1,18
83998,907,1,13.100000381469728
4840,204,1,135
50207,29,1,8.979999542236328
572,13,2,112.5
40151,746,1,54.9900016784668
34409,504,1,12
449,525,1,32
88435,801,2,276.01000213623047
65836,1266,1,34.9900016784668
23171,266,1,22
1777,3,1,11.989999771118164
98107,584,1,49
40343,15,2,277.95000076293945
18780,267,1,169
54406,146,1,129.74000549316406
84044,1047,1,56.97999954223633
23025,214,1,17.950000762939453
99773,634,1,59
21697,545,1,63
62919,330,1,92.98999977111816
98422,13,1,42
10313,188,1,166.88999938964844
55757,2,1,25.5
33158,313,1,85
95428,833,1,39.9900016784668
61591,271,2,129.93999862670898
42945,538,1,913
6360,261,1,70
88389,278,1,51.9900016784668
31561,72,1,86
9085,401,1,149.5
98153,606,1,44.950000762939446
77005,17,2,159.68999862670898
96902,445,1,119.97999954223633
32889,3,1,20.950000762939453
97071,25,1,10.989999771118164
64439,29,1,12.989999771118164
41717,19,1,89
30479,9,1,68
10390,513,1,73.84000015258789
21505,7,1,114.4900016784668
54137,24,1,149
85564,30,1,191.32999801635742
42899,1054,1,29.989999771118164
50330,719,2,239.98999786376953
63065,3,1,274.98999977111816
80045,554,1,74.33999633789062
32935,1073,1,131.44999694824216
67310,1533,1,159.92000198364258
54575,412,1,19.89999961853028
5876,699,1,8.270000457763672
64001,368,1,49.02999877929688
56839,1080,1,13.5
79653,306,1,44
71532,690,1,250.95000076293945
29082,813,1,65
58843,5,1,396.9000015258789
44734,511,1,59.9900016784668
94346,559,1,16
44542,51,1,105
22902,1117,2,89
94154,119,1,103.9900016784668
45624,946,1,95
27562,136,1,12.989999771118164
72514,74,1,30.950000762939453
78525,70,1,89.93000030517578
56885,639,1,328.59000396728516
6314,190,1,157
23294,151,2,110.71000289916994
89640,1114,1,54
16347,250,1,25
51266,156,1,19.989999771118164
88558,114,1,199
66918,467,1,47.97999954223633
72660,817,1,44.950000762939446
73988,601,1,49.5
62481,431,2,64.9900016784668
15863,2,1,49
93862,26,1,44.9900016784668
47582,311,1,42
46254,23,1,101.13000106811523
4694,272,1,99.98999786376952
26334,673,1,79
83729,877,1,139.99000549316406
48810,214,1,51.989999771118164
13307,511,1,134.5
15909,851,1,60
39713,153,1,115
90078,1,2,110.97999954223633
25650,61,1,68
24568,190,1,32.9900016784668
3566,521,1,17.989999771118164
59879,458,1,139.9499969482422
91552,1400,2,201.4899959564209
91306,497,1,378
69912,357,1,36.9900016784668
56739,57,1,75
72391,628,1,60.9900016784668
97861,556,1,29.40999984741211
30771,96,1,31.979999542236328
48226,1069,1,26.51000022888184
31246,309,1,23.989999771118164
97340,1479,1,12
86477,677,1,49.9900016784668
77987,566,1,58
38408,654,1,119.98999786376953
5278,1088,1,19.989999771118164
11395,103,1,46.68999862670898
93639,236,1,45.89000034332275
60440,668,1,12.510000228881836
63686,861,1,25
29895,847,1,196.65000534057617
94990,201,1,167.48999977111816
17821,294,1,132.8499984741211
92073,1340,1,312.9799995422363
86002,1254,1,28
96464,429,1,29
2859,59,1,49.5
9523,513,1,125.47000122070312
39069,13,1,89.94999694824217
39192,1422,1,32
35491,25,1,19.84999942779541
34017,83,1,89.9799976348877
49248,1067,1,88.58999919891357
98030,1152,1,437
11203,173,1,199.97000122070312
81880,428,1,106.97000312805176
42507,520,1,55
75216,202,1,36.6899995803833
51804,166,1,235.6200008392334
76782,552,1,280.97999000549316
31953,303,2,149.9499969482422
55265,206,2,226
1485,7,1,36
84436,431,1,176.95000076293945
34117,490,1,50.950000762939446
68077,195,1,19.40999984741211
8647,234,1,34.970001220703125
60632,379,1,64.94999694824219
83231,75,1,120
55365,268,1,13.380000114440918
63188,751,2,211.93999671936035
99235,40,1,193.13999938964844
87161,70,2,174.98000144958496
43881,63,1,107.75
19487,599,1,38
79169,237,1,49.369998931884766
40466,14,1,40
6752,1679,1,360.98999786376953
66434,1405,1,150
20569,575,2,268.43999671936035
89325,74,1,117.25
75923,1334,1,19.989999771118164
32643,64,1,27.600000381469727
65129,391,1,45
45186,696,1,60.9900016784668
21259,104,1,55
99335,573,1,50
41940,319,1,59.9900016784668
74057,78,1,394.540002822876
79132,310,1,149.56999969482422
43583,211,2,156.01999855041504
94784,5,1,12.989999771118164
34678,546,2,226.27999877929688
47413,329,1,59.9900016784668
38508,642,1,34.9900016784668
21551,60,1,42
83354,1142,2,232.53000259399414
31369,1462,1,28
47021,1593,1,144.51000213623047
36244,201,1,8
13430,307,1,138.69999980926514
77864,81,1,10.5
2567,169,1,49.5
68661,1044,1,19.920000076293945
52288,156,1,113
36636,384,1,69
53699,333,1,30
69351,204,1,26.5
77174,973,1,26.299999237060547
61522,167,1,82.22000122070312
27731,135,1,15.949999809265137
52225,82,1,17.899999618530273
31040,124,1,33.989999771118164
57008,1524,1,119
34286,154,1,204.44000244140625
89517,542,1,69
22335,1520,1,94.4600019454956
35368,153,1,12
48495,983,1,25
11956,902,2,124.90999603271483
73473,107,1,135.4799976348877
37924,41,1,192.97999954223633
33596,936,1,64
15786,6,1,19.989999771118164
71309,870,1,9.350000381469728
60738,200,1,76.48999786376953
14014,367,1,20
69743,406,1,16.75
90393,981,1,35
39490,1274,1,14.630000114440918
43775,545,1,347
48103,1071,1,9.989999771118164
71907,225,1,56.59999847412109
58966,888,1,89
4917,489,1,34.9900016784668
5999,349,1,119.98999977111816
57200,672,1,5.989999771118164
6689,250,1,295
38116,441,1,60.02999877929688
80314,232,2,161.98999977111816
56510,4,1,48
37034,383,1,200.99000072479248
3443,3,1,25
83560,984,1,84
47834,633,1,20
15534,68,1,55.93999862670898
97778,184,2,196.9800033569336
2467,971,1,75
90616,331,1,23
57984,899,1,72.5
44917,280,2,87.48999977111816
30854,658,1,88
91850,96,1,97.27999973297119
41027,407,1,25.950000762939453
7067,1468,1,8.970000267028809
97469,355,1,43.6899995803833
89311,48,1,11.989999771118164
49185,363,2,119.97999954223633
98797,527,1,47.950000762939446
33865,321,1,65
76530,928,1,53.950000762939446
55113,314,1,42
37801,300,1,153.8499984741211
93341,70,1,15.079999923706056
76361,299,2,73.98000144958496
79447,700,1,446
91681,667,1,43.9900016784668
98943,107,2,47.30000114440918
72139,1378,1,55
22195,1300,1,32.9900016784668
41173,95,1,25
47665,520,1,78
42501,20,1,82
15033,234,1,19.989999771118164
60755,4,1,9.59000015258789
32328,303,1,288.98999786376953
46437,739,1,36
56132,669,1,44.77999877929688
10811,36,1,29.950000762939453
53593,929,1,21.989999771118164
62421,1323,1,39.9900016784668
18305,509,1,62.529998779296875
95053,578,1,50.5
29789,17,1,25
44963,70,3,317.32999992370605
90161,148,1,79.95000076293945
83669,251,1,1053
66357,3,1,67.95000076293945
29643,4,1,46.950000762939446
90407,307,1,27.590000152587887
62275,641,1,110
5670,378,1,46
6921,250,1,19
12162,391,1,97.95000076293945
57529,203,1,21.200000762939453
50891,4,2,167.9499969482422
88933,545,1,24.89999961853028
95007,1005,1,28
27087,59,1,56.63999938964844
13951,19,1,169
68140,770,1,42.4900016784668
74887,3,1,9
96527,220,1,26.989999771118164
54658,1742,1,48
9623,65,1,89.9800033569336
33410,751,1,149
40357,138,1,19.5
52511,65,1,112.66999816894531
96135,4,1,9.65999984741211
50390,58,1,14.5
31890,637,2,232.9800033569336
83838,795,1,59
32391,379,1,114.27999877929688
82853,98,2,304.4099998474121
10642,52,2,268.9799995422363
57967,883,1,216.8000030517578
68000,648,1,54.5
36327,343,1,61
63672,627,1,16.950000762939453
98628,1116,1,89.98999786376953
68332,925,1,95
92886,541,1,154
74386,819,1,78
69222,3,2,412.0999870300293
64064,529,2,107.9800033569336
42424,1797,1,117.80999946594237
87868,88,1,185
74778,127,2,113.95000076293945
32783,7,2,268
27668,797,1,59
24170,10,1,102.9800033569336
66620,253,1,21.989999771118164
11143,1450,1,76
22842,1067,1,52.94000053405761
90768,15,1,49.950000762939446
39275,88,1,39.380001068115234
29334,110,1,89.98999786376953
70602,1612,1,15.470000267028809
22650,155,3,542.8800086975098
86832,957,1,169.99000549316406
21568,250,1,25
87914,204,1,37
1010,271,1,41.9900016784668
5338,435,1,129.74000549316406
93470,56,3,118.45000171661376
94798,300,2,230.89999961853027
49354,159,2,82.98000144958496
71830,212,1,4.840000152587891
65584,985,1,213.35000228881836
67748,241,1,475
88060,143,1,314.85000228881836
42862,318,1,41
48272,984,1,77.98999786376953
45026,66,1,53
51664,633,2,883.7000026702881
22779,37,1,84.88000106811523
44525,181,1,519.5
73696,103,1,15.520000457763672
15926,824,1,15
93971,12,3,101.46000099182129
47728,76,1,31.229999542236328
12723,950,1,104.98999977111816
30416,396,2,456.4699935913086
12225,769,1,43.9900016784668
94469,226,1,59.950000762939446
77157,664,1,98
80858,906,1,36
47038,487,1,94.85999870300293
9168,336,1,41.290000915527344
52448,1250,1,47
512,952,1,296
38883,121,2,117.9799976348877
88495,33,1,44.9900016784668
12915,563,1,326.1699905395508
57117,128,1,51.950000762939446
44811,84,1,31.989999771118164
37864,113,1,29.849999427795417
83775,517,1,26.88999938964844
1531,34,1,38.84000015258789
60131,71,1,55
41110,1089,1,115
40420,1451,1,75
75969,335,1,190.95000076293945
43337,144,1,758
17867,605,1,24
19533,267,1,77.95000076293945
45999,967,1,196.94999694824216
78631,534,1,89.77999877929686
69975,3,1,58.65999984741211
67247,16,2,107.93000411987305
19172,100,1,212
7313,1018,1,39.59999847412109
90553,572,1,89
1860,240,2,79.98999977111816
71747,52,1,36.9900016784668
97715,2,1,59.880001068115234
66749,450,1,28
41279,257,1,38
51283,3,2,72.94000244140625
10167,156,1,449
87997,122,1,271.8999967575073
28561,580,1,44.1899995803833
53447,1452,1,24.989999771118164
72531,94,2,24.489999771118164
88687,688,1,54.950000762939446
16095,27,1,54.9900016784668
22587,7,1,379
29251,269,1,63.59999847412109
20615,14,1,137.5
68223,554,1,25
49417,656,1,25.989999771118164
71057,380,1,152.9800033569336
42255,743,2,124
92697,499,1,104.89000129699707
82630,91,1,95.13000202178955
39338,576,1,19.979999542236328
386,758,1,14.9399995803833
99444,17,1,46
46583,193,1,22.950000762939453
13370,1206,1,133.93000030517578
60884,78,1,54.5
96633,1196,1,60.8700008392334
67831,537,1,62.950000762939446
85143,617,1,79.44000053405762
41863,83,1,19.840000152587887
74366,674,1,14.989999771118164
99836,628,1,340.25
89471,351,1,32.9900016784668
63503,369,1,91.98999977111816
70665,172,1,68
78196,188,1,125
86162,111,1,88
39636,299,1,104
42882,623,1,40.880001068115234
65604,75,1,19.989999771118164
38554,18,1,18.559999465942383
7333,134,1,40.720001220703125
44356,387,2,208.19999980926514
99550,186,1,11.520000457763672
17306,694,1,10.949999809265137
41565,624,1,233.77999877929688
21007,66,1,14
38946,324,1,79
60586,389,1,28.579999923706048
17114,539,2,78.28999710083006
96696,189,3,187.98999977111816
194,419,1,11.779999732971191
81940,1145,1,74.94999694824217
83606,12,1,139.98000526428223
79278,111,1,84.48000144958496
84104,119,1,94.97000122070312
64130,22,1,32.9900016784668
79086,230,2,417.1599998474121
37970,405,2,35.44000053405762
61774,68,1,79.45000076293945
60692,81,2,23.369999885559082
53118,39,1,75
81250,245,1,35
55674,10,1,79.98999786376953
12394,83,1,150.9900016784668
10230,749,1,81.56999969482422
13476,9,1,18
40526,926,1,15
9148,27,1,99.65000247955322
3629,504,1,12
48996,944,1,41
86537,719,1,49.5
6546,694,1,155
39178,448,1,39.9900016784668
44087,337,1,28.09999942779541
53905,499,1,178
75153,490,1,39.97999954223633
57509,1186,1,104.98999786376952
97967,392,1,49
73161,894,1,79.95000076293945
32703,754,1,10.489999771118164
18402,73,1,22.989999771118164
17243,131,1,69.45000076293945
71764,610,1,14.399999618530272
68847,1274,2,106.5999984741211
87416,517,1,41
51034,1620,1,109.06999969482422
96401,1149,1,72
73115,828,1,42
117,976,1,49.440001487731934
66168,982,1,60
29786,729,1,8.989999771118164
55471,30,3,313.5399990081787
22839,1397,2,230.61000061035156
50516,575,1,28.8799991607666
27794,639,1,53.9900016784668
83025,99,1,17.950000762939453
91538,164,1,39.989999771118164
58906,40,1,50
36092,267,1,87.05999660491943
26274,1642,1,49.889999389648445
15531,471,1,34.97999954223633
58983,91,1,132.25
37658,599,1,25.969999313354492
12975,258,2,87.47999954223633
39650,78,2,53.989999771118164
48478,494,1,25
90928,236,1,32.4900016784668
92889,284,1,125
45484,49,1,129
72282,4,1,22.989999771118164
69411,45,1,18.989999771118164
83102,10,1,149.97999572753906
3506,610,1,49.989999771118164
46958,613,1,28.799999237060547
58860,187,1,14
82146,22,1,15.899999618530272
26915,86,1,25
14890,6,1,237
37612,653,1,52
46440,4,2,25.9399995803833
58342,944,1,59.9900016784668
15013,3,1,19.989999771118164
2988,19,1,41.9900016784668
90974,68,1,38
41093,236,1,58
62982,5,1,322.35000228881836
67642,82,1,25
59378,102,1,78.75
23875,1164,1,104.45000076293945
83981,1180,1,62.94000244140625
81313,239,1,83.5
92494,1841,1,62
28312,265,1,118
5590,5,1,16.989999771118164
40214,574,1,49.950000762939446
15328,622,1,284
12411,67,1,38.700000762939446
76988,38,2,164.97999954223633
23921,263,1,909.9899997711182
39573,25,1,71.30999755859375
59344,3,1,14.130000114440918
88890,709,1,63.33000183105469
49311,537,1,88
98923,174,1,4.949999809265137
7064,162,1,170.8899998664856
74635,1611,1,175
45169,404,1,368
85455,588,1,8.289999961853027
50831,204,1,44.31999969482422
40011,722,1,48
51080,41,1,68.52999877929688
74884,790,1,140.95000076293945
63815,414,1,95.98999786376952
22793,394,1,16.219999313354492
11973,156,1,36.9900016784668
8979,218,1,29.059999465942383
66417,271,1,125
64253,488,1,112.5
29832,114,1,49.5
42959,963,1,94.94999694824219
7502,141,1,57.98000144958496
86583,334,1,279.8899898529053
44041,311,1,55.9900016784668
30224,673,1,109
19404,615,1,67.9900016784668
75763,669,1,37.34999847412109
9666,427,1,34.9900016784668
32388,1,1,36.359999656677246
66371,1474,1,45
18763,900,1,36
65289,79,1,25
69806,64,2,86
31103,212,1,79.98999786376953
63735,618,1,94.5
43838,68,1,18.799999237060547
16613,500,1,33.95000076293945
28186,844,1,55
52162,522,1,109.6100025177002
60818,1010,1,56.44000244140625
71372,41,1,34.97999954223633
52351,242,1,315
3237,661,1,198.8500061035156
86975,224,1,78.7699966430664
86145,612,1,93.35000228881836
22590,883,1,9.989999771118164
57214,186,1,59.76000213623047
27545,1286,1,64.94000053405762
11893,317,1,169.5
97483,47,1,22.5
62859,289,2,417
71515,76,2,80.98999977111816
67765,247,1,11.989999771118164
83417,839,1,79.98999977111816
509,402,1,84.45000076293945
50124,510,1,59.17000198364258
48793,207,2,180.97999954223633
70682,156,1,44.9900016784668
55863,118,1,44.9900016784668
14575,726,1,30
21239,1059,2,226.97999572753906
56430,341,1,189.98999786376953
96132,80,3,226.44000625610352
42487,523,1,209.9900054931641
65086,374,1,79.5
53184,263,1,39
77111,340,1,29.989999771118164
54389,505,1,58
47725,590,1,78
91054,127,2,41.989999771118164
31936,378,3,218.46000003814697
88372,1018,1,170
55740,45,1,39.9900016784668
90536,98,2,138.9699993133545
99192,662,1,119.9499969482422
13367,961,1,39.9900016784668
81708,237,1,19.989999771118164
17446,14,1,27.950000762939453
6626,120,1,69
45312,1280,1,379
91930,925,1,89
83274,475,1,171
25836,1,1,125
1983,317,1,55
36656,411,1,21
45876,617,1,89
22072,40,1,25
25318,158,1,79.98999786376953
49122,325,1,118
50596,42,1,12.210000038146973
35448,1810,1,98
26792,623,1,24
39006,429,1,44
74555,391,2,34.989999771118164
30101,882,1,84.9900016784668
43085,2,1,257.98999977111816
8710,189,1,36.950000762939446
78634,261,1,258.82000160217285
78883,409,1,219.5
66042,1084,1,9.989999771118164
22086,72,1,154.98999786376953
95803,73,1,52
51349,158,1,37.5
14057,133,1,72.48999977111816
92010,174,1,143.86000442504883
1073,1052,1,48
48289,1102,1,78
73928,273,1,39
69929,234,1,74
43961,497,1,25
85581,600,1,20.950000762939453
69600,55,1,198
60944,441,1,42.9900016784668
60695,291,2,43.5
95319,2,1,26.989999771118164
22321,16,1,57.9900016784668
60254,1063,1,40.02000045776367
51598,664,1,68.94999694824219
87931,794,1,36.75
39696,7,1,34.97999954223633
72205,117,1,189
81943,26,1,175.9099998474121
73238,283,2,58.06999969482422
66291,364,1,20
92259,691,1,29.40999984741211
52680,1239,1,178
7379,455,1,158
7628,1067,1,94
16284,458,1,23.989999771118164
42252,755,1,66
50908,22,1,49.959999084472656
86457,1443,1,36.950000762939446
52431,3,1,58
65415,1087,1,22.489999771118164
41611,5,1,56
26463,625,1,60.610000133514404
8020,124,1,66.94999980926514
9935,1000,1,85.65999984741211
12099,65,2,199.98000717163086
11017,995,1,98
40340,78,1,58
7708,190,1,31.989999771118164
98110,161,1,22
55660,432,1,133.4900016784668
35431,11,1,44.38999938964844
19092,931,2,60
94174,512,1,44.9900016784668
36404,329,1,25
901,80,1,75
24047,830,3,266.7700004577637
3772,40,1,10.409999847412108
99129,1091,1,112.5
8727,427,1,35.599998474121094
7754,86,1,46.4900016784668
91163,22,1,374.99000549316406
9746,993,2,383.98999786376953
15156,120,1,29.989999771118164
43397,411,1,63.950000762939446
21130,301,1,54.9900016784668
41860,86,1,87.9900016784668
48807,805,1,42.97999954223633
31495,78,1,115.77999877929688
71074,55,1,57.93000030517578
93702,314,1,22.989999771118164
17618,643,1,29.989999771118164
92700,320,1,119.98000144958496
84874,186,1,69.48000144958496
24502,228,2,74.35000038146973
71452,146,1,179.99000549316406
72454,192,1,17.75
7190,43,2,97.55000019073486
80938,329,1,18.809999465942383
54140,656,1,49.5
74446,674,1,59
88764,679,1,65
78946,605,1,79.97000122070312
13682,612,1,43.920000076293945
89766,259,1,15.18000030517578
63626,75,1,76.98999786376953
32892,15,1,30.200000762939453
72926,550,1,67.98999786376953
77426,851,1,89.98999786376953
65524,27,1,105.83999633789062
88246,1495,1,24.979999542236328
62106,10,1,25
93656,1410,1,222.9900016784668
67516,51,1,144
46268,796,1,25
28956,83,1,30
78900,72,1,7.679999828338623
90802,199,2,548.3800029754639
40858,1167,1,135.94000244140625
24611,304,1,126.5
28939,906,1,14.600000381469728
49749,188,1,124
59235,161,1,65.4000015258789
71389,273,1,80
96776,808,2,137.9799976348877
46251,168,1,99.98999786376952
76547,443,1,86.98999786376953
98674,558,1,89
85690,52,1,9.40999984741211
50187,160,1,20.43000030517578
75528,1059,1,99.98999786376952
45232,170,1,135.94000244140625
97655,46,1,38.9900016784668
18574,163,1,80
7691,364,2,181.3199987411499
3363,75,1,258.960000038147
27622,3,1,55.74999999999999
15720,608,1,286.92000007629395
15265,1298,1,52.989999771118164
2281,192,1,33.9900016784668
83291,1597,1,98
71137,7,1,32
48667,319,1,34
58153,140,1,38.680000305175774
94111,52,1,11.56999969482422
68581,890,1,55.9900016784668
14137,562,1,112.9900016784668
92385,559,2,89.95999908447266
85893,136,1,134.98999977111816
65587,35,1,54.9900016784668
57761,972,1,195.0399990081787
46205,164,2,450.9799995422363
13745,1494,1,140
72517,40,2,139.98999977111816
83337,157,1,19.989999771118164
41877,593,1,3.990000009536743
16991,558,1,116.52000045776367
94157,841,1,97
7253,612,1,73.62999725341797
89829,882,1,145.3000030517578
79009,147,1,24.5
35385,778,1,14.399999618530272
40795,1371,1,308.9800033569336
761,1311,1,213.9900016784668
88747,546,2,87.97000122070312
27419,516,1,29.989999771118164
99175,792,1,18
67453,545,1,25
50141,814,1,89.9800033569336
52305,71,2,69.97000122070312
23091,14,1,136.45000076293945
22009,824,1,91.44999694824216
56633,18,1,15.600000381469728
62043,559,1,36
24439,777,1,15.720000267028809
85956,1385,1,50
77300,151,1,25
15783,31,1,247.9900016784668
59988,484,1,24
94612,31,2,428.9800052642822
80217,89,2,235
36012,46,1,158
53324,897,1,683.5100002288818
40732,410,1,38.450000762939446
47396,86,1,8.989999771118164
13055,134,1,98
56052,865,1,25
30084,309,1,92.90000152587889
4399,24,2,119.92000198364258
11063,157,1,25
20738,2,1,169
43460,1070,1,239.9900054931641
38050,1092,1,274.290002822876
10828,668,1,49.9900016784668
26148,67,1,99.98999786376952
12082,309,1,152.98999977111816
34114,587,1,50
16802,173,1,17.950000762939453
56570,223,1,29.96999931335449
15454,1065,1,205
97858,1198,1,4.579999923706056
91366,5,1,65
47914,219,1,10.109999656677246
82710,232,2,70.6899995803833
50078,280,1,84.77999877929688
32766,3,1,50
37486,499,2,239.4499969482422
698,350,1,27.89999961853028
84608,107,1,240.69999885559082
44150,29,1,65
50642,101,1,36
78774,115,2,488.83000564575195
11518,627,1,57
70118,489,1,64.5
60506,883,1,67
84482,295,1,250
95302,344,1,360.98999977111816
77818,716,1,29.989999771118164
59424,129,1,13
57260,721,1,64.48000144958496
68080,579,1,99.98999786376952
85392,1605,1,27.989999771118164
42112,477,1,45
45358,138,2,27
86474,438,1,90
82381,235,2,127.71000099182129
20864,9,2,171.9900016784668
86709,469,1,44.9900016784668
635,428,1,222.2199993133545
46832,98,1,34.75
25584,4,1,64.94999694824219
8899,216,1,36
34867,180,1,33.06999969482422
8272,16,1,203.3100004196167
8,296,1,24.690000534057617
12929,511,1,13
8601,1,1,129.4399995803833
92119,323,1,371.98999977111816
81299,699,1,14.8100004196167
12537,44,1,150
51097,41,1,15.989999771118164
20801,10,1,68
61917,112,2,126.68000030517578
57589,1411,1,32
9981,236,2,402.9799995422363
18637,103,1,17.989999771118164
59361,353,2,332.0200004577637
60443,87,3,165.30999755859372
83165,3,1,8.979999542236328
69099,486,1,53
57197,482,1,135.04000282287598
52869,326,2,62.540000915527344
74509,34,1,37.5
81001,683,1,34.310001373291016
46377,372,1,239.53000736236572
79919,690,1,17.049999237060547
79527,87,1,25
64379,588,1,247
80609,141,2,390.20000076293945
91429,1380,1,318
78445,566,1,216.35000228881836
86019,2,1,96.29000186920166
57887,494,1,107.16000366210938
82773,194,1,129.99000549316406
75199,439,1,90
74117,1483,1,36.989999771118164
81691,158,2,46.3799991607666
48000,16,1,50
93367,228,1,49.9900016784668
28103,505,2,42.989999771118164
53573,514,2,243.50000190734863
36593,16,1,34
19613,187,1,18.989999771118164
11123,306,1,78
74821,602,1,1037.9499969482422
23881,180,2,195.93999862670898
1282,140,2,80.88000011444092
97635,242,1,302.13000106811523
83311,251,1,79
40861,158,1,44.989999771118164
66331,843,1,58.060001373291016
13825,982,1,15
67682,42,2,402.4799995422363
79089,502,1,133.97999954223633
2587,758,1,48
96069,320,1,14
40815,1326,1,42.950000762939446
18216,426,1,59.5
83357,571,1,154.04999923706055
89099,24,1,12.890000343322754
1113,289,1,18.96999931335449
29454,1119,1,58
94718,1106,1,9.989999771118164
6855,162,2,348.7700080871582
35073,13,1,42
77738,39,1,40
12474,577,1,481.7200040817261
23835,1074,1,37.7400016784668
87625,123,1,80.70999908447266
64811,19,1,116.70000076293945
65149,86,1,157
87702,14,1,17.5
84708,1131,1,37.900001525878906
63583,4,1,242.18999862670898
29623,212,1,169
72288,742,1,22.989999771118164
97420,995,1,12.800000190734863
97758,3,1,37.2599983215332
63460,19,1,59
18139,3,1,25
43609,1302,1,129.95000076293945
94887,12,2,581.9499969482422
62278,459,1,128
51040,47,1,199
87579,451,2,137.48999786376953
85000,3,1,417.97999572753906
42212,1263,1,69
19736,233,1,55
87410,274,1,202
86351,25,1,25
9726,89,1,41.79999923706056
97466,1029,1,25.329999923706048
32202,310,1,89.5
63629,850,1,45.86000061035156
20841,1537,1,55
54801,4,1,36
74867,116,1,13.489999771118164
86105,918,1,173.1200008392334
5627,142,1,39.9900016784668
22607,16,1,18
82298,973,1,419
2295,1490,1,34
59484,512,1,54.9900016784668
31097,393,1,20.950000762939453
8544,450,1,168.06000137329102
34014,1284,1,96.95000171661377
26875,494,1,59
6563,306,1,24
52345,131,1,19.5
78030,723,1,43.97999954223633
32248,1374,1,60
55216,3,1,13
40738,842,1,44.9900016784668
16988,242,1,16
31312,227,2,204.1699981689453
45375,156,1,43.310001373291016
76510,808,2,127.94000053405762
90573,451,1,29.989999771118164
2341,53,1,30.950000762939453
56198,186,1,99.98999977111816
26921,524,1,25
77984,736,1,1042.9900016784668
66623,773,2,306.45000076293945
17970,976,1,62.36000061035156
49643,488,1,95.4900016784668
29331,117,1,48.7400016784668
83234,332,1,169
94595,34,1,49.9900016784668
40692,1278,1,54.950000762939446
81714,8,3,124.94000053405762
95777,15,2,57.43000030517578
36424,6,1,89
56736,742,1,178
36762,39,1,49.5
89391,10,2,102.88000297546387
26291,350,1,14.989999771118164
37990,616,1,371.57000732421875
49105,901,1,48.950000762939446
58302,135,2,59.97999954223633
69079,171,1,39.9900016784668
13994,1322,2,123.16999816894531
58946,159,1,64
47877,33,1,61.2400016784668
93321,51,1,14.989999771118164
5089,515,1,219.57000350952148
90911,662,1,79.98999786376953
35534,406,2,208.43999767303467
37944,57,1,46.400001525878906
69371,129,2,283.9500026702881
92093,133,1,329.989990234375
15468,29,1,18
69125,1079,1,53
58010,121,1,51.789999008178725
37698,1276,1,33
3861,130,1,10.6899995803833
96699,218,1,24.950000762939453
81545,15,2,151.86000061035156
48415,179,1,54.850000381469734
78628,1023,1,13.199999809265137
24771,74,2,333.9000015258789
68312,2,1,78
98004,32,3,263.9199981689453
54724,15,2,104.95000076293945
6440,440,1,352
61173,74,1,65
86643,634,1,55
63214,497,1,13.789999961853027
64519,187,1,45.58999824523926
34137,658,1,168
5919,59,2,48.8799991607666
25816,1520,1,141.32999801635742
67436,89,1,10
87994,48,1,22.5
3523,310,1,15.989999771118164
85767,633,1,306.8099994659424
38528,1450,1,12.989999771118164
63045,1282,1,25
94472,328,1,119.98999786376952
55385,253,1,39.9900016784668
21425,592,1,75
62647,321,1,54.9900016784668
36009,110,2,51.66000175476074
85461,33,2,194.99000549316406
93951,105,1,39.950000762939446
55906,21,1,13
34658,226,2,388.6900062561035
18846,789,2,296.98999977111816
68618,537,1,306.58999824523926
83772,319,1,208.98999977111816
43271,124,1,19.449999809265137
97881,339,1,25
10662,304,3,141.1099967956543
30728,36,3,91.40000057220459
39802,1026,1,161.93000030517578
85169,1053,2,108.83000183105469
30038,480,1,15.989999771118164
12013,686,1,85
50104,1560,1,29.950000762939453
9849,227,2,71.48999977111816
63998,10,1,16
84064,264,1,71.98999786376953
88515,34,1,10
41276,592,1,124
38757,665,1,199.9499969482422
8959,29,1,74.98999786376953
34429,1506,1,40.9900016784668
53911,39,2,64.9900016784668
62816,65,2,274.25000381469727
10370,361,1,9.3100004196167
92614,973,1,33.880001068115234
22192,163,1,8.760000228881836
87041,1094,1,88
74698,56,1,49.9900016784668
71366,63,2,219.72000122070312
45896,81,1,24.8799991607666
37867,148,1,25
55677,336,1,10.659999847412108
30207,19,1,7
49228,853,1,19.989999771118164
19075,6,1,26.96999931335449
65272,240,1,65.04999923706056
11415,244,1,59.5
90158,334,1,74.83000183105469
68604,60,1,13.039999961853027
68910,550,1,17.989999771118164
21302,28,1,18
72242,1593,1,129
83603,320,1,12.75
92308,188,1,302.5
38651,80,1,19.989999771118164
20257,400,1,8.77999973297119
50410,369,1,75
13871,97,1,44.9900016784668
11707,526,1,95
54495,823,1,24.89999961853028
3294,152,1,42.5
37283,54,1,42.880001068115234
48644,23,1,45.989999771118164
15637,84,1,55.97999954223633
17801,608,1,33.59000015258789
4674,103,1,52
27396,1117,1,33.30000019073486
68020,388,1,16.399999618530273
83019,417,1,89.97999954223633
24542,730,2,161.48999977111816
44608,1782,1,8.630000114440918
13181,1685,1,25
6148,297,1,89.5
60297,607,1,30
71658,593,1,32
58133,129,1,220
35411,19,1,53.94000053405762
74300,258,1,46.950000762939446
3463,732,1,135
23360,146,1,41.9900016784668
64150,967,1,10
85707,440,1,234.97000122070312
88624,1619,1,29.989999771118164
31850,601,1,22
28933,858,1,36.950000762939446
4459,355,2,392.939998626709
67376,183,1,155.60000038146973
11598,711,1,13.729999542236328
82481,236,1,39.950000762939446
36072,207,1,24.989999771118164
41691,10,1,170
44207,281,1,144.74000549316406
20489,14,1,163.94999980926514
10078,530,1,324.99000549316406
21485,199,1,103.5
9082,511,1,54.4900016784668
75511,269,1,25
88409,157,1,175
58717,1076,1,90.3000030517578
79779,182,2,239.98999786376953
53098,229,2,234.8799991607666
75820,662,1,75.72999954223633
10433,378,1,47.9900016784668
31681,8,2,211.4300022125244
58485,32,1,179
82959,304,1,74.98999786376953
62985,867,1,105.96999740600586
60068,296,1,18
85538,365,1,39.9900016784668
51578,1309,1,71.25
35594,366,1,287.9800033569336
38820,501,1,39.9900016784668
84233,496,1,20
45435,1,1,69.98999786376953
27459,541,1,18.75
18969,338,1,8
30330,41,1,36.950000762939446
96928,1292,1,11.989999771118164
45650,108,1,19.989999771118164
86918,25,1,101.47000122070312
21654,202,1,69.5
46955,1620,1,159.99000549316406
75680,159,1,15.270000457763672
48876,108,1,12.989999771118164
24233,336,1,29.5
45481,443,1,126.94000053405762
68203,354,1,19.989999771118164
23128,125,1,8.989999771118164
95548,642,1,109
84187,431,1,74.5
12872,11,1,29.5
84124,7,1,60.9900016784668
41674,701,1,303.99000549316406
70061,302,1,61.97999954223633
28856,4,1,209.94999694824216
51409,633,1,30
79796,818,1,292
55737,49,1,125
54326,45,1,52.47999954223633
17094,158,1,67.98999977111816
76985,393,1,119.5
4737,253,1,39.5
26045,190,1,128
11936,503,1,79.5
48183,896,1,50
84018,432,1,36.97999954223633
31203,3,1,16.989999771118164
47293,317,1,152.47999954223633
37300,9,2,98.58999633789062
84170,958,1,15
70015,156,1,38
53035,651,1,6
69019,1106,1,25
34704,1530,1,39.9900016784668
62922,69,1,139.9499969482422
91263,245,1,129.48999786376953
85644,155,1,56.580000162124634
82312,1624,1,31.489999771118164
90267,498,1,33.95000076293945
75574,1435,1,279.9800033569336
58594,755,1,26.989999771118164
41090,1314,1,88.52000045776367
81376,276,1,33
9128,203,1,83.94000053405762
13456,83,1,52
27519,977,1,11.989999771118164
3217,29,1,175
83540,1327,1,165.94999694824216
54910,1061,1,119.96999931335449
1053,1697,1,227
26185,263,1,20
1989,2,1,56
69909,596,1,136.58999633789062
47433,321,1,23.049999237060547
74237,7,1,46.43999862670898
44439,2,1,45
12076,508,2,434.43999004364014
29729,108,1,29.989999771118164
16158,200,1,120.97999763488768
95485,28,2,406.94000244140625
91157,950,1,78.92999839782715
34552,382,1,81
68681,717,1,73.60000038146973
73699,4,1,133
6271,200,2,395.3999996185303
71535,688,1,8.949999809265137
89929,3,1,54
13304,1264,1,171.95000076293945
60174,371,1,24.950000762939453
77632,436,1,60
36178,426,3,49
131,220,1,58.5
57901,230,1,12
82375,918,1,47
3048,672,1,75
64044,6,1,142.9900016784668
93473,77,2,69.98999977111816
38574,843,1,10.979999542236328
58116,624,1,103.88999938964845
71014,83,2,73.5
20074,105,2,223.9900016784668
63354,658,1,163.9600067138672
9497,529,1,14.989999771118164
39879,507,1,169
10187,4,1,25
21548,593,1,39.9900016784668
49766,1114,2,109.94000148773193
46065,135,1,78.01999855041504
17847,1502,1,59.9900016784668
36868,784,1,35
13888,49,2,395.15000343322754
22544,844,1,250.06999969482422
11183,77,1,29.989999771118164
69477,70,1,102.9799976348877
60649,73,1,28
5796,574,1,179
82069,1020,1,74
12182,1261,1,120
47771,873,1,42
61296,382,1,8.27999973297119
60606,162,2,225.98999977111816
19905,3,1,119
15162,952,2,82.34999990463257
46712,49,1,33.9900016784668
23818,646,2,221.0299997329712
55368,197,1,89
98648,903,1,25
37884,78,1,270
46540,207,1,137.64000129699707
36653,194,1,14.399999618530272
27997,265,3,127.98999977111816
34120,3,2,335.48999786376953
18800,91,1,64
2570,433,1,17.149999618530273
87456,999,1,109.98999786376952
29271,1365,1,308.6599998474121
30682,434,2,338.32999992370605
35010,1181,1,58.459999084472656
62401,1051,1,152.39999961853027
36931,1516,1,44.9900016784668
66729,499,2,106.36000061035156
37927,10,2,491.600004196167
5212,1057,1,150
1880,16,1,95.9900016784668
83128,39,1,52.9900016784668
69540,339,1,183.95999908447266
75989,598,2,122.97999954223633
2401,1269,1,99.98999786376952
96006,865,1,98.8199996948242
9434,32,1,41.9900016784668
99338,202,1,32.5099983215332
62507,266,1,41
80317,48,1,49.9900016784668
84645,1,1,171.92999649047852
17910,866,2,131.5999984741211
73178,929,1,67.48999977111816
91572,1175,2,54.989999771118164
68850,1,1,78
65518,46,1,13.5
69846,378,1,34.9900016784668
49288,6,1,29.89999961853028
26566,791,1,113.90000152587892
56258,1026,1,34.97999954223633
23712,357,1,69.98999786376953
16679,240,1,29.989999771118164
20011,1455,1,31.989999771118164
990,253,1,44.9900016784668
28040,107,1,99.98999786376952
27044,880,1,78
67619,605,1,56.5
32019,2,1,64.94999694824219
34183,589,1,262.5
81791,9,1,22.950000762939453
85876,485,2,109.4900016784668
55325,184,2,156.43000411987305
57489,276,2,41.47999954223633
92368,412,1,23.5
94532,687,1,65.4000015258789
63981,1253,1,53.97999954223633
90204,143,1,22
77463,119,1,54.9900016784668
62464,320,1,273.9199981689453
68956,11,1,269.3499984741211
83065,276,1,28
61923,303,1,189.7400016784668
6686,19,1,75.94999694824217
53267,824,1,63.98000144958496
80901,384,1,58.97999954223633
70430,88,1,117.93999671936034
16573,538,1,11.010000228881836
99985,291,1,38
72594,11,1,109.91999816894531
47708,1771,1,11.989999771118164
41216,9,1,8
28624,25,1,10
37821,55,1,12.989999771118164
47018,896,1,17.989999771118164
58379,838,1,216.98999786376953
20609,307,2,303.4800052642822
12119,5,1,14
80300,27,1,492.25999641418457
18617,865,1,240.93999862670898
15700,156,1,39.97999954223633
80964,23,1,12.989999771118164
23526,260,1,16.670000076293945
32016,743,1,44.9900016784668
69557,4,1,18
67542,357,1,57
42736,256,1,119.98999786376952
53218,81,1,54.9900016784668
17051,1050,1,390.3000068664551
93676,1,1,96
34031,3,1,49.950000762939446
25541,893,1,99
33367,395,1,43.9900016784668
21488,517,1,199.95000076293945
18571,524,1,42
34887,15,1,39.9900016784668
758,648,1,51.950000762939446
39819,1134,1,36.38999938964844
240,872,1,289.49000549316406
56135,1084,1,56
2232,981,1,139.86000061035156
40337,66,1,46
38345,326,3,357.92000102996826
49829,643,1,178.98999786376953
46248,118,1,49.9900016784668
48827,16,1,12.5
38422,1161,1,122.97999954223633
91615,190,1,47.510000228881836
3798,104,1,50
78903,793,1,27.210000038146973
25000,86,1,29
71077,694,1,90.01000213623048
5813,176,1,31.449999809265137
13639,85,1,11.989999771118164
14518,276,1,44.9900016784668
16510,376,1,25
47814,447,1,60
3752,270,1,167.5900011062622
38299,40,1,58.459999084472656
58196,120,1,34.9900016784668
26397,746,1,50
80841,740,1,120.94999694824217
35474,302,1,29.520000457763672
1760,125,1,158
80254,427,2,79.44999980926514
91661,711,1,62
27061,290,1,39.9900016784668
37466,114,1,20.950000762939453
70121,409,1,77.9900016784668
81482,137,2,159.67999649047852
59670,195,1,15.899999618530272
90310,68,1,76.30000305175781
16218,35,2,106.72000122070312
36825,773,2,262.35000228881836
14226,1755,1,114.5
36948,1320,1,40.400001525878906
94701,1243,2,335
88452,27,1,239.81000900268555
72136,366,1,255.93999862670898
67204,650,1,19.989999771118164
93135,103,2,246.94000053405762
87811,149,1,12.550000190734863
27871,626,1,286
22547,20,2,46.94000053405762
50685,1198,1,73.1500015258789
29391,776,1,29.950000762939453
32972,925,1,119.9499969482422
57609,202,1,964.4500007629395
39278,797,1,145.919997215271
25249,464,1,55
363,461,1,104.4900016784668
24708,229,1,77.0999984741211
33954,17,1,86.23000144958496
78857,260,1,348.30000019073486
52159,172,1,34.9900016784668
97111,331,1,39.950000762939446
30270,196,1,198
52746,58,1,302.7800054550171
63566,445,1,77.81000137329102
97698,357,1,33.609999656677246
65730,728,1,64.98999977111816
84768,507,1,28.989999771118164
9022,577,1,95
22006,479,1,8.489999771118164
10645,6,1,54.989999771118164
86932,80,1,179
8143,537,1,129.9499969482422
75909,79,1,146.98000526428223
75571,792,1,41.9900016784668
62587,1498,1,24
87270,268,1,59.5
30957,1334,1,238.92999649047852
21073,1131,2,167.4900016784668
54615,97,1,158
54369,98,1,12
18909,84,2,77.88000106811523
63520,598,1,85.23999786376953
21565,1375,1,200
52700,1302,1,55.940001487731934
74930,199,1,35
64107,751,1,66.9900016784668
33075,60,1,60
96716,1136,1,46
98339,5,2,56.97999954223633
10353,477,1,147.97999954223633
21714,127,1,11.010000228881836
96175,4,1,313.9299964904785
20091,538,1,14.989999771118164
42272,13,1,159.97999954223633
73453,505,1,52
74240,1127,1,145
42813,479,1,68.5999984741211
69972,98,1,50
15451,973,1,188
16115,349,1,25
20194,1334,1,64.96999931335449
28684,652,1,13.789999961853027
21024,325,1,76.95999908447266
48724,553,1,35.59000015258789
28043,4,2,89.93000030517578
20383,1,1,34.9900016784668
36699,141,1,100.77999877929689
31744,340,1,189
18156,95,1,119
1173,516,1,76.5
26812,508,1,36.97999954223633
10496,468,1,15.18000030517578
38714,444,1,104.98999786376953
33782,486,1,158.76000022888184
13224,124,1,20.989999771118164
36487,1530,1,92.5
1863,310,1,34.9900016784668
52803,230,1,58
17466,125,1,240.98999786376953
90038,60,2,56.85000038146972
48750,1146,1,33
92030,248,1,102
46586,548,1,49.5
44671,432,1,95.98999786376952
29517,146,1,39.5099983215332
38173,875,1,239.98999786376953
5962,39,1,54
4213,964,1,10.989999771118164
59421,1093,1,197.6200065612793
14641,227,2,212
77280,210,1,76.28999900817873
48601,1363,1,9.989999771118164
36822,798,1,79.98999786376953
65919,1220,1,74.25
59962,14,1,29.989999771118164
27502,656,1,135
25338,1773,1,34.97999954223633
68790,149,1,44.119998931884766
83082,1143,1,11.989999771118164
60775,261,1,238.06000423431396
38053,180,1,39.5
48458,235,2,110.4900016784668
80669,1429,1,135
89082,1013,1,51
57947,931,1,208
49291,249,1,268.98999977111816
50473,293,1,69.98000144958496
91097,194,1,550.9900016784668
67957,1451,1,98
93384,451,2,61.829999923706055
79195,127,1,40
59301,649,2,138.94000244140625
56596,249,1,40.72999954223633
61293,1132,1,53.95000076293945
93261,69,1,97
12062,53,1,49.950000762939446
17615,544,1,35
71472,1504,1,54.5
34180,96,2,155.98999977111816
78385,242,1,89.98999786376953
58488,496,1,81.2699966430664
36195,851,1,159.2199993133545
44900,3,1,53.89999961853028
8604,1271,1,128.43999862670898
96301,784,1,199.56999969482422
53556,1595,1,70.98000144958496
23652,890,1,25
15992,757,1,19.989999771118164
57194,791,1,189.68000030517578
34323,49,2,61.61000061035156
2404,405,1,185
22962,166,1,117.4900016784668
60987,191,1,257.4099988937378
52574,530,1,23.530000686645508
65315,391,1,100
9294,134,1,35.790000915527344
99939,1562,1,158
43918,378,1,47
84542,1444,1,161.25
41754,628,1,41.36999988555908
56902,280,1,85
9145,840,1,23.89999961853028
93596,82,1,241.97999954223633
67081,1398,1,9.600000381469728
76278,443,1,30.979999542236328
95760,190,1,70
51933,1129,1,60.75
35654,4,1,89.98999786376953
20506,217,1,11.699999809265137
95070,1224,1,174.17000102996826
63443,21,1,31.989999771118164
53115,521,1,5.199999809265137
86165,930,1,73
55279,341,1,15.279999732971191
86414,274,1,340.9799995422363
34721,22,1,42.1599998474121
75345,234,1,89.98999786376953
55969,102,1,84
63002,1754,1,162.98999786376953
44067,1,1,76.98999786376953
73822,432,1,62
82527,854,1,89
78150,68,1,69.5
96052,1437,1,36.9900016784668
76527,196,1,59.900001525878906
84691,1332,1,23.5
68727,589,1,314
72640,883,1,40
64814,945,1,15
8040,110,1,209
24356,912,1,169
10957,428,1,191.98999977111816
16862,404,1,59.5
53407,842,1,86.45000076293945
15866,527,1,24.950000762939453
32205,497,1,9.329999923706056
3108,502,1,44.89000129699707
40031,359,1,24.989999771118164
33201,283,1,65.93000030517578
74655,65,2,171.5
83145,390,1,124.59999847412108
9938,343,1,119.17000198364258
44562,731,1,34.9399995803833
89975,422,1,182.9900016784668
53453,45,1,18.350000381469727
59358,230,1,319.989990234375
25235,347,1,24.61000061035156
77171,5,1,28.40999984741211
92491,446,1,40
73682,226,1,380
30144,148,1,109
91017,94,2,1011.6999969482422
37114,365,1,34
76693,76,2,77.45000076293945
87058,90,1,64.13999938964844
52434,389,2,169.9900016784668
32159,584,1,294
25753,90,1,8.6899995803833
57844,51,1,124.94999885559082
74160,362,1,70.45000076293945
37592,320,1,447.4100036621094
47001,179,1,49.5
36258,15,1,131.99000549316406
40509,24,2,201.15999794006348
40171,826,1,46
2968,720,1,78.75
96945,107,1,50
76739,807,1,14.840000152587892
72239,399,1,62
72780,312,1,39.400001525878906
4983,352,1,168.58999633789062
66288,209,1,36.9900016784668
61757,94,1,49.93999862670898
35717,981,1,158.9499969482422
37638,893,1,121.48999977111816
66852,1,1,42
89497,1156,1,107.44000244140625
12431,772,1,156.48999977111816
22882,11,1,65
8378,195,1,36.9900016784668
84705,42,1,198
18860,590,1,92.89000129699707
68389,1453,1,106
5046,688,1,43
86626,164,1,113
75219,80,1,24.989999771118164
71721,844,1,42.9900016784668
33765,60,1,39.950000762939446
82464,170,1,89.98999786376953
55986,3,2,129.4900016784668
2129,431,1,316.6000061035156
76215,107,2,322.0600004196167
87622,1093,1,35
20781,697,1,15.949999809265137
1110,257,1,96.98999786376953
4442,159,1,13.5
53390,688,1,23
80151,1354,1,62
23377,173,1,109.48999786376953
114,100,1,72.85000038146971
58345,21,1,87.05000305175781
89637,1104,1,12.649999618530272
48953,748,2,129.4900016784668
19739,3,1,149
35640,142,1,109
90908,730,1,42.93999862670898
63858,763,1,20.950000762939453
39968,4,1,196
85003,310,1,8.989999771118164
64854,781,1,39.880001068115234
86580,333,1,224.61000061035156
20735,661,1,27.020000457763672
37051,305,1,37.5
47542,493,1,80
26294,207,1,69.94999694824219
40987,309,1,193.9499969482422
58299,380,2,122
65332,124,1,184.98999977111816
49016,39,1,186.52000045776367
30622,1284,1,19.989999771118164
81562,136,1,29.5
32245,80,1,30.889999389648445
52348,1313,1,11.949999809265137
43606,229,1,59.9900016784668
37655,320,1,164.9499969482422
52497,522,1,25
62736,323,1,64
39175,270,1,28.799999237060547
91449,1172,1,50.459999084472656
45667,6,2,50.16000175476074
97360,229,1,144.36000061035156
99862,1345,1,49.9900016784668
50333,85,1,6.489999771118164
77735,209,2,154.19999980926514
73745,412,1,189.9499969482422
82604,508,1,36.9900016784668
76112,673,1,23.989999771118164
82942,126,1,25.479999542236328
66915,88,1,259.69000244140625
1651,1353,1,42.9900016784668
71784,18,1,49
60423,223,1,9.050000190734863
89434,1162,1,16
10848,1042,1,39.9900016784668
13991,318,1,28
54864,757,1,25
50536,24,1,59.95000076293945
7499,239,2,86.7400016784668
34306,144,1,39.9900016784668
23878,1244,1,268.98999786376953
35780,289,1,39.950000762939446
13058,507,1,99
10894,1444,1,253.64999294281006
8621,977,1,70
10542,85,1,34.5
64399,163,1,59.44000053405761
73055,71,1,48.9900016784668
66225,1266,1,24
72059,176,1,303
68146,278,1,39.950000762939446
85647,397,1,35
28873,12,1,13.869999885559082
53038,76,1,54.680000305175774
66437,104,2,143.9499969482422
57781,133,1,79.98999786376953
91080,1114,1,37.2599983215332
65441,1,1,228
83420,114,1,23.989999771118164
88163,1531,1,99.96000289916992
61694,1279,1,13
31790,81,1,22.96999931335449
87685,602,1,39.900001525878906
95345,1238,2,49.950000762939446
86148,571,1,580.9700012207031
70828,74,1,22
63709,869,1,36.880001068115234
94091,161,1,43.97999954223633
89394,1034,1,161
80025,1626,1,154.48999977111816
88681,1026,1,179.98999786376953
49102,139,1,13.81999969482422
37741,1057,1,539.9399948120117
90390,1126,1,29.950000762939453
48106,194,1,126
39756,765,2,65.4900016784668
94781,9,1,197.7299976348877
1219,861,1,26.989999771118164
92617,1479,1,73.81000137329102
57240,196,1,131.45000076293945
55076,375,1,243.0300064086914
48584,1866,1,20
89700,70,1,515.629997253418
33264,159,1,59.93000030517578
57091,45,1,67.94000053405762
18680,621,1,92
65747,1223,1,126
9311,190,1,58.98000144958496
35302,384,1,102.93999767303467
24482,823,1,50
11890,1094,1,76.97000122070312
5398,200,2,307.9300022125244
23251,184,1,60
5461,378,1,142.8000030517578
9789,814,3,135.48999977111816
18445,166,1,169.98999786376953
14117,480,1,133.98999786376953
13121,36,1,13.739999771118164
72302,105,2,252.4900016784668
90539,1231,1,40
21777,177,1,12
84290,485,1,29
17449,823,1,20.5
8793,324,1,13.93000030517578
59318,989,1,235
87207,83,1,78
67974,744,1,40
43025,748,1,57.989999771118164
63042,1342,1,144.9600009918213
47353,960,1,145.52999877929688
39693,748,1,202.98999786376953
44021,173,1,14.840000152587892
45730,1,1,34.95000076293945
51681,1447,1,34.5
54386,1317,1,74.95000076293945
38070,1532,1,59.9900016784668
51054,160,1,36
94240,94,1,11.050000190734863
81256,1734,1,115
31727,630,1,9.899999618530272
23071,730,1,31.979999542236328
27399,239,1,27
86995,110,1,28
75846,51,1,25
76928,233,1,31.5
74011,92,1,199.6600036621093
82667,438,1,46.950000762939446
59945,1256,1,27.96999931335449
97572,611,1,44.400001525878906
43715,746,1,32.5
98568,207,1,93.02000141143799
47957,960,1,119
21989,401,1,127.95000076293945
85521,245,2,266.93999671936035
69205,1323,1,87.5
88226,1183,1,278
81193,104,1,94.94999694824216
45942,64,1,36.5
82189,11,1,112.95999908447266
61631,242,1,13.989999771118164
91927,488,1,367.35000228881836
50270,99,1,59
52975,970,1,46.04999923706056
57303,222,1,48
72992,118,1,12
2215,521,1,276.92999839782715
51,147,1,19
49580,1493,1,66.20999908447266
98113,570,1,135
95949,168,1,327.5
93785,562,1,37.5
38760,800,1,24.989999771118164
6151,824,1,111.62000131607056
21840,829,1,137
3987,382,1,49.5
10479,1,1,52.96999931335449
19135,805,1,128
1823,77,2,145.5
51595,582,1,99.98999786376952
16971,1018,1,130
15348,320,1,80.75
18986,501,2,144.4800033569336
16822,465,1,45.58000183105469
13576,56,1,126
2756,1324,1,23
23314,990,1,81.9000015258789
1525,50,1,85.98999786376953
380,342,1,73.02999877929686
27439,66,1,28
85541,732,1,182.93000602722168
82624,474,1,90.98999786376952
72806,805,1,112.48999977111816
52909,362,1,903
37257,15,1,54
77028,4,1,54.720001220703125
84190,89,1,25
57177,852,1,16.950000762939453
81319,112,1,47
48687,153,1,55.800002098083496
44396,6,1,46.5
78425,574,1,39.5
55780,163,2,71.09999942779541
98322,249,1,207.5
79753,2,1,52.9900016784668
47121,986,1,179.9499969482422
34386,2,1,69
62773,158,1,171.52999877929688
82816,5,1,19.950000762939453
28790,37,1,13.489999771118164
68369,263,1,88.70999813079834
51389,216,1,158
84021,337,1,103
75554,354,1,141.06000137329102
62819,52,1,110
30187,97,1,48
61568,246,1,95
42922,1499,1,69.94999694824219
17452,163,1,92.85000228881836
51435,133,2,263.8400001525879
78233,304,1,57.950000762939446
54429,69,1,8.949999809265137
21674,192,1,9.949999809265137
72952,599,1,22
40320,142,1,25
75677,413,2,412.4300022125244
99481,1606,1,258.32999897003174
84336,213,1,68.98999786376953
54114,744,1,9.1899995803833
86746,971,1,16.950000762939453
20323,428,1,32.9900016784668
52786,156,1,9.989999771118164
10413,272,1,82.98999786376953
53032,129,1,311.5200004577637
9062,1155,1,49.9900016784668
64416,289,2,273.3299980163574
88097,116,1,49.9900016784668
64170,650,1,67.47000122070312
74326,292,1,236.29999923706055
26188,550,1,51.9900016784668
83875,441,1,201.96999740600586
4548,700,1,52.810001373291016
96610,726,1,35
43168,10,1,29.989999771118164
55903,209,1,66.67000007629395
61737,225,1,74.94000053405762
17283,595,1,59.950000762939446
87184,691,1,2.990000009536743
55511,119,1,297.3000030517578
60171,101,1,23.96999931335449
70204,1127,1,67.6800012588501
4940,573,1,30.090000152587887
38531,578,1,407.8400001525879
91014,640,2,133.94000053405762
39859,1606,1,34
41379,855,1,37
44296,661,1,74.7300033569336
40297,89,1,219
78671,1897,1,225.5800018310547
26234,204,1,43.68999862670898
57031,609,1,102.5
48956,511,1,44.77999877929688
18657,746,1,129.9900016784668
11933,482,1,25.459999084472656
44688,3,3,179.1399965286255
62627,6,1,69.5
21966,388,1,160
61545,173,2,187.98999977111816
78279,345,1,159.9499969482422
2982,111,1,181.5500030517578
82939,81,1,51.02999877929688
77197,556,1,52.450000762939446
81465,38,1,38.77000045776367
89540,1101,1,119.98999786376952
24276,477,1,80
45916,750,1,53.9900016784668
37011,736,1,52.9900016784668
58989,577,1,44
23440,2,1,45
92534,411,1,49.9900016784668
47482,1536,1,170
6022,806,1,106.68999958038329
89932,99,3,84.95000076293945
80237,1322,1,167.47999954223633
68292,172,1,104.98999977111816
3028,61,1,25
35783,697,1,68.55999755859375
17137,4,1,40.9900016784668
66128,3,1,34
37303,87,1,125
93570,510,2,205.98999786376953
91406,614,2,64.98999977111816
36221,288,1,263.939998626709
38385,659,1,65.98999786376953
58697,44,1,50
81419,334,1,64.1500015258789
25796,300,1,25.989999771118164
16009,241,2,122.84000015258789
70158,295,1,67.96999931335449
79945,119,1,308
37403,96,1,30
59633,30,1,44.38999938964844
78863,1,1,50.75
51996,33,2,126.08000183105469
80383,414,1,14
31269,999,1,48
29182,79,1,226.90999794006348
64731,76,1,114.4900016784668
4233,38,1,79
89348,17,1,79
85979,10,1,104.5
1508,37,1,39.880001068115234
51120,21,1,41.9900016784668
45378,575,1,40
22235,1550,1,22.5
68100,59,1,72
54867,357,1,55.29999923706056
63855,43,1,59.89999961853027
29872,323,1,72.37000274658203
83062,346,1,97.5
46729,63,1,12
7150,914,1,55.9900016784668
27831,31,2,374.9199905395508
59135,78,1,133.93999862670898
3904,42,1,134
79361,7,1,34.9900016784668
5109,87,1,11
76115,62,1,25
818,227,1,17.989999771118164
8126,1246,1,272.80000019073486
66726,532,1,35.989999771118164
87874,43,1,178
40758,273,1,79
34094,799,1,750
16639,1343,1,25
42607,251,1,22
75116,42,2,218.9799976348877
40443,219,1,13
45478,1278,1,129.9499969482422
17844,286,1,48.650001525878906
19318,713,1,30
22564,343,1,12.989999771118164
53868,1357,1,49.450000762939446
94492,1267,1,11.100000381469728
50622,78,1,39.9900016784668
83254,61,1,107.94999694824217
95966,293,1,79.98999786376953
111,81,2,24.929999351501465
30579,160,1,30
65252,228,1,83
55342,302,1,65.94000053405762
87974,163,2,194.4000015258789
99212,206,1,5.980000019073486
30848,3,1,52
9208,6,1,72.97000122070312
35176,425,1,269.5
66895,57,1,99.98999786376952
29603,960,1,171.97999954223633
16370,283,1,65
45255,76,1,419.9799995422363
54160,1001,1,34
55073,33,1,54
63978,1063,2,211.9900016784668
53662,365,1,218.6200065612793
75800,33,1,24.950000762939453
21090,121,1,142.93999671936035
76321,16,1,45
50353,447,1,49
23709,1639,1,14.989999771118164
97961,859,1,165
87645,767,1,49.950000762939446
71601,814,1,29.5
81588,1035,1,122.98999977111816
11664,357,1,105.20000076293945
24399,1058,1,10.989999771118164
96158,4,1,49.97999954223633
79238,196,1,271.95000076293945
8355,338,1,36.7599983215332
15302,75,1,134.9900016784668
97632,132,2,97.4399995803833
70533,402,1,88.40999984741211
10974,24,1,273.98999977111816
92849,156,2,147.83999633789062
29995,60,1,59.9900016784668
69643,532,1,105.9900016784668
5209,12,1,64.94999694824219
56908,315,3,317.9799995422363
76384,154,2,92.9900016784668
89119,525,1,57.950000762939446
67479,783,1,754.939998626709
7373,306,1,242.9499969482422
71409,233,1,64.94999694824219
90891,300,1,51.29999923706055
69245,699,1,69.98999786376953
5315,1021,1,35.9900016784668
78940,437,1,10.579999923706056
88727,771,1,223.5
59464,806,1,29.989999771118164
2653,127,1,58
73573,311,1,46
91575,42,2,73.48999977111816
13330,38,2,182.98999786376953
11166,33,1,55.59999847412109
12248,648,1,97.94999694824216
49869,641,1,345
37134,95,1,39
28229,673,1,49.9900016784668
92265,997,2,51.5
67871,1060,1,212
68953,810,1,88
14804,21,1,49.950000762939446
81794,1101,1,97.78000259399414
4127,92,1,19.989999771118164
52079,1205,1,15.989999771118164
44894,10,1,59.5
27914,385,2,108.87999725341797
90639,559,1,12.340000152587892
35076,572,1,44.400001525878906
77526,409,1,28
8418,131,1,12.100000381469728
59527,1019,1,5.829999923706056
4173,733,1,12
31140,460,1,168
58053,350,1,124.04000091552734
17031,386,1,159
45086,259,1,9.989999771118164
19616,554,1,14
77718,369,1,119.9900016784668
23523,1267,1,21.200000762939453
43420,233,1,320
12139,858,1,95
73782,125,1,44.5
39484,17,1,96.36999893188477
5647,236,1,29.989999771118164
72116,797,1,38
25166,890,1,54.5
80274,300,1,42.5
44771,341,1,215
88910,163,1,25
83500,892,2,189.5
27064,72,1,25.059999465942383
98820,27,1,14.989999771118164
56278,337,1,230.8899965286255
5816,312,1,25
89056,147,1,92.4000015258789
60924,21,1,39.950000762939446
72162,273,1,169
77572,34,1,42.5
44940,500,1,69.5
90138,593,1,122.97000503540039
98966,175,1,17.989999771118164
25358,239,1,136.97999954223633
42670,261,1,81.15999984741211
17781,252,1,34.9900016784668
63480,84,1,50
83045,707,1,152
99029,1142,1,52.950000762939446
78219,1100,1,160
22441,8,1,14.5
4110,224,1,97.3000030517578
42232,287,1,19.93000030517578
22049,154,1,261.4900016784668
60669,1350,1,170
46560,488,1,53.33000183105469
90576,843,1,35
66019,31,1,213.98999977111816
755,5,3,233.64999675750732
35391,59,1,18.989999771118164
60609,281,1,32.45000076293945
68936,33,1,59
3672,74,1,78.98000144958496
86640,92,1,26.489999771118164
16593,475,1,25
4064,1075,1,66
65000,980,1,8.869999885559082
63918,194,2,111.4900016784668
96218,43,1,48.04999923706056
42278,607,1,205
21857,201,1,160
43752,216,1,124
42169,431,1,14
35677,539,1,65.83999633789062
35285,18,1,159.97000122070312
36613,1009,1,154.86999988555908
28996,1165,1,40.02000045776367
61751,120,1,8.989999771118164
79255,122,2,85.56000137329102
2338,664,1,56.94999980926514
55451,44,1,99.98999786376952
1256,1313,1,49.53999996185303
62189,141,1,97.94999694824216
76699,485,1,54.95000076293945
85601,143,1,34.9900016784668
18173,386,1,374
13845,176,1,75.94999694824217
12763,632,1,23.170000076293945
94446,740,1,27.979999542236328
18866,99,1,48.810001373291016
41087,216,1,132
93948,1300,1,55
44834,794,1,32.9900016784668
65561,194,2,546.4899997711182
76636,107,1,247.9900016784668
73719,1294,1,105.88000011444092
91031,1647,1,24.989999771118164
77134,7,1,51.59999847412109
36367,682,1,99
13221,307,1,169.98000144958496
72700,61,1,89.98999786376953
8501,164,3,384.47999572753906
25813,543,1,59.9900016784668
60108,656,1,28.5
31223,56,1,170
19839,31,2,111.57999897003175
40114,1239,1,11.989999771118164
30204,605,1,235
7482,598,1,235.89999389648438
29749,534,1,332.48999786376953
71492,1354,1,938
73390,429,1,38
39922,821,1,124.1500015258789
71226,338,1,74.72000122070312
99358,375,1,495
48578,218,1,79
71724,74,1,88
97692,1097,1,99
69952,1031,1,79.5
1362,1210,1,19.989999771118164
78110,275,1,79.98999786376953
9975,4,1,12.989999771118164
58634,180,1,43.489999771118164
91266,1610,1,239.9100036621093
85272,590,1,24
31392,188,1,27.989999771118164
87828,85,2,179.63000106811523
58442,817,1,352.98999977111816
82418,150,1,107.5999984741211
61860,232,1,90
89992,102,1,61.58000183105469
57360,79,1,117.29999923706055
63334,1005,1,180.8500061035156
40612,328,2,160.9900016784668
13390,190,1,20.96999931335449
10144,682,1,251.5900058746338
92474,558,1,44.9900016784668
94638,390,1,60
78800,381,1,100
6208,13,1,69.98999977111816
54243,497,1,39.950000762939446
10536,1,1,241.98999977111816
50413,365,1,142
67227,1059,1,99
11057,1328,1,86.07999992370605
75491,2,1,34.9900016784668
86354,786,1,39.9900016784668
53224,341,1,39.9900016784668
93301,61,1,35.4900016784668
7227,716,1,28.96999931335449
88475,379,1,134
52534,38,2,299.5
24731,392,1,25
27977,5,1,70
89663,325,1,58.33000183105469
6337,91,1,17
53616,421,1,30.93000030517578
30894,970,1,40
10665,143,1,34
3091,64,1,70
92909,54,1,23.989999771118164
31286,259,1,155.3700008392334
9646,3,1,130.72999954223633
31913,1186,1,125.98000144958496
10728,792,1,26.5
24339,265,1,19
68309,345,1,102.9799976348877
45003,185,1,59.5
51495,292,1,169.5
53161,587,1,19.96999931335449
70971,717,1,27.450000762939453
76965,676,1,42
87891,346,1,95.9900016784668
70081,20,1,73.98000144958496
64087,845,1,15
98213,174,1,52.75
1817,52,1,110
90055,1173,1,127.28999710083006
68415,260,1,39
74409,517,1,24.299999237060547
70579,73,1,18
6145,605,1,12.989999771118164
4671,1035,1,54.950000762939446
343,983,1,7.010000228881836
3589,103,1,22.5
21983,184,1,19
10081,300,1,92.48999786376953
1425,290,1,111.22000503540039
7525,60,1,90.90999984741211
46477,41,2,76.23000144958496
3197,119,1,22
4279,726,1,39.9900016784668
22673,95,1,25
45395,88,1,367.5
49723,27,1,69.94999694824219
20509,177,1,54.450000762939446
25919,73,1,94.67999982833862
6443,1,1,14.899999618530272
47559,1195,2,81.05000305175781
29165,33,1,30
44313,394,1,119
32680,727,1,114.93999862670897
2965,66,2,45.989999771118164
40506,286,1,79
48,344,2,362.98000144958496
95027,318,1,24
76696,304,1,179.91999626159668
24213,128,1,44
92348,70,1,12.979999542236328
41193,548,1,77.95000076293945
58837,150,1,132.45999908447266
49019,23,1,79.5
35551,1348,1,64.94999694824219
99982,146,1,71.69000244140625
68183,1246,1,44.9900016784668
55448,92,1,13.989999771118164
50539,1311,1,198.96999740600586
22816,104,1,39.9900016784668
78734,1067,1,96.9900016784668
56799,190,1,35
34077,1058,1,125
99341,1562,1,103.9499969482422
94386,613,1,99.98999786376952
99464,19,1,29.760000228881836
51057,450,1,21.989999771118164
13470,901,1,64
11478,238,1,13.350000381469728
66709,362,1,187.9799976348877
6523,846,1,80.29000282287598
49852,962,1,134
54807,518,1,69.5
78216,4,2,286.2700004577637
69388,235,1,36.9900016784668
80131,524,1,16.3799991607666
67396,963,1,22.989999771118164
60921,15,2,935.5
24336,296,2,52.940001487731934
12311,9,1,16.079999923706055
68747,893,1,44.58000183105469
69749,123,1,27.989999771118164
80772,182,1,14.970000267028809
3483,303,1,188.9900054931641
79567,254,1,12.090000152587892
46148,3,1,10
71741,271,1,111.94000244140625
37117,1440,1,204.29000091552734
82169,355,1,30
49537,140,1,22.5
4170,61,1,16.5
70267,687,2,189.68999481201172
13831,787,2,42
58365,710,1,60
36802,228,1,79.95000076293945
27725,1230,1,131.9799976348877
37635,777,1,19.989999771118164
48973,81,2,94.66999816894531
14472,39,1,191.44000053405762
38153,1137,1,203.86000061035156
46981,827,1,56.9900016784668
70785,918,1,203.45999908447266
99859,226,1,307
9125,187,2,73.68999862670898
38591,302,1,38.880001068115234
16702,1605,1,28
66314,1116,1,119
81528,331,2,145.48999977111816
48017,373,1,22.989999771118164
72823,108,1,148.48999977111816
13393,16,1,12.989999771118164
64997,9,1,82.38999938964844
73702,594,1,6.949999809265137
58050,884,1,79.98999786376953
74343,15,1,76
93822,45,1,129.48999786376953
60280,263,1,28.75
7997,369,1,119.98999786376952
81920,1387,1,19.989999771118164
44628,607,1,26.979999542236328
38637,307,1,609.4400062561035
34641,104,1,121.83000183105469
35282,265,1,71.4000015258789
85558,57,1,114.96999931335449
10396,444,1,385.6000061035156
59885,79,2,226.64999675750732
72869,20,2,743
45020,857,2,66.95000076293945
17343,25,1,22
30327,61,1,19.600000381469727
39424,1523,1,4.739999771118164
93868,873,2,269.7799987792969
18863,468,1,18.799999237060547
33762,824,1,34.9900016784668
77778,30,1,171.02000045776367
7356,107,1,39.950000762939446
63915,40,1,273.55000019073486
12514,269,1,75
20340,451,1,89.98999786376953
88598,757,1,228
53974,25,1,49.030001640319824
18176,129,1,56.97999954223633
31160,1066,1,45
41634,381,1,64
10994,263,1,28
9912,765,1,88.98999786376953
64748,660,1,24.979999542236328
53928,234,1,28.979999542236328
10599,822,1,31.06999969482421
57237,442,2,52.53000068664551
92786,87,2,264.2799997329712
73387,9,1,46.1200008392334
70470,1650,1,72.8499984741211
3214,69,1,14.989999771118164
84960,16,1,49.5
47419,49,1,97.5
64874,68,2,122.06999969482422
21545,187,2,99.57999897003174
89680,586,1,127.51000213623048
96344,81,1,124.28999710083008
38906,516,1,14.720000267028809
63712,47,1,25
37197,389,1,89.9900016784668
45853,1385,1,124
84081,402,2,160.5299997329712
91077,384,1,107.16000366210938
8169,306,1,16.56999969482422
46543,95,1,189
68432,1298,1,175
72179,548,2,568.9500007629395
45192,262,1,175.9499969482422
72697,724,1,144
72746,13,2,41.09000015258789
84771,206,1,9.949999809265137
88349,404,1,9.859999656677246
29417,1034,1,18
45335,50,1,14.6899995803833
61485,57,1,56
67224,985,1,23.619999885559082
56404,1205,1,189.9900054931641
70141,297,1,19.989999771118164
4047,56,1,77.83999633789062
83297,879,1,160.23999977111816
85289,77,1,169.9499969482422
47107,393,1,25
57755,3,1,150
59919,16,2,72.42999839782715
66583,48,1,143.49000549316406
81731,193,1,52
26500,189,1,26.75
49099,505,1,66.63000106811523
80569,3,2,174.98999786376953
35156,1314,1,205.98999977111816
2006,106,1,60
25169,488,1,44.950000762939446
24087,306,1,25
35989,166,1,32
55322,118,3,200.17000198364258
62318,134,1,72.8499984741211
59650,79,1,35.27000045776367
49334,539,1,191.45000076293945
49583,559,1,213.93999671936032
37761,936,1,25
24777,1578,1,429
20698,500,1,26.979999542236328
2212,291,1,84
75302,207,1,19.489999771118164
92471,705,1,119.98999786376952
46025,370,1,39.9900016784668
25418,117,1,24
93633,1597,1,36
98508,434,2,893.4000015258789
89305,748,1,135.9000015258789
47058,1227,1,28
12434,39,1,34.9900016784668
41711,1361,1,25
63194,420,2,48.8799991607666
6005,102,1,62.680000305175774
88913,244,1,99.98999786376953
80898,496,1,48.54999923706055
74861,284,1,226.67999839782715
49975,2,1,16.989999771118164
48893,171,1,34
77652,1061,1,32.5
90636,1473,1,107.96000289916992
36991,128,1,26.96999931335449
71615,84,1,109.28999710083008
28335,420,1,208.5
68996,441,1,59
46274,140,1,59.5
67914,1086,1,209.94000625610352
89554,955,1,189
63400,1022,1,110.16000080108643
50416,1540,1,78.98999977111816
52580,28,2,72.9900016784668
74220,424,1,180
88770,977,1,65.5
61628,536,2,99.34999942779541
52972,535,1,23
95262,1009,1,44
50808,758,1,26.5
17658,1215,1,28.489999771118164
30642,324,2,219.4499969482422
7920,169,1,49.5
31724,317,1,54
21986,614,1,55
54446,10,1,113.98999786376953
44708,534,1,57
42544,140,1,18
9002,153,1,39.88999938964844
9394,362,1,117.5
23460,346,2,52.989999771118164
22378,192,2,320.9700012207031
10476,1381,2,113.9799976348877
11558,261,1,61.900001525878906
7230,52,1,188.9900054931641
41336,265,1,179
51747,539,1,25.5
6712,224,1,227
71976,815,1,42.04999923706056
56656,693,1,38
36427,262,1,22
57675,415,1,25
82813,520,3,182.87000274658203
35408,906,1,14
85352,82,1,149
90307,112,1,79
42355,326,1,169
75866,1647,1,125
74847,1564,1,164
86749,29,2,309.4900016784668
38465,9,1,19.950000762939453
41382,50,1,174.45000076293945
5833,1185,1,65
8750,1121,1,48.75
69437,810,1,39
43875,1669,1,137.5
42856,91,1,383
2822,1343,1,178
8232,62,1,60
32491,28,1,359
13705,16,1,11.119999885559082
63649,580,1,11.470000267028809
48329,641,1,56
49663,115,1,50.940001487731934
7213,1436,1,45.220001220703125
91781,56,1,25.989999771118164
4313,4,1,24.979999542236328
45773,759,1,23.989999771118164
34953,478,1,89.98999786376953
88223,232,1,32.9900016784668
53599,565,1,8.800000190734863
63085,756,1,31.950000762939453
58193,105,1,50
25561,125,1,30
28979,1207,1,13.199999809265137
67021,279,1,244.48999786376953
73513,906,1,198.87999725341797
39799,1917,1,30.68000030517578
99653,271,1,59.97999954223633
72431,149,1,49.5
56201,1531,1,15.75
78923,45,1,30
89743,668,1,164.9900016784668
72949,151,1,44.950000762939446
5693,1361,2,96.62000179290771
67539,136,1,264.29999923706055
84851,389,1,41.9900016784668
28415,925,1,109.34999847412108
46809,148,1,157.8900032043457
76367,97,1,29.989999771118164
17595,1019,1,119.15000343322752
61047,21,1,34.9900016784668
12623,321,1,42
47247,221,1,82.14000034332275
25607,980,1,25
83377,289,1,12.899999618530272
86686,883,1,61.989999771118164
99670,572,1,118.81999969482422
61548,593,2,32.260000228881836
82358,908,1,42
9268,800,1,28
13596,228,1,149.9499969482422
47874,274,1,19.989999771118164
35972,230,1,95
20589,385,1,25.590000152587887
1740,6,1,201
13642,3,1,41.79999923706056
14724,1336,2,139.48999786376953
53676,401,1,188.4900016784668
8687,457,1,63
19052,110,2,267.76999735832214
25999,474,1,86.11000061035155
77386,1268,2,179.93999862670898
73058,863,1,37.9900016784668
18614,1092,1,240
63964,349,3,382.6800022125244
87768,261,1,48.489999771118164
8186,682,1,129
86434,164,2,773.4399948120117
73450,675,1,13.109999656677246
49208,332,1,9.949999809265137
84914,261,1,124.59000396728516
71930,444,1,94.98999786376952
53536,685,1,302.9799995422363
82750,4,1,155.93000030517578
65438,276,1,64
22550,590,1,55
39862,3,2,63.5
69076,353,2,141.5
62584,1219,1,22.06999969482421
21468,766,1,29.989999771118164
97552,947,1,54.950000762939446
45272,131,1,199.97999572753903
56092,408,1,135
89869,363,1,155
98525,739,1,45
28352,834,1,659.9899978637695
78296,468,1,30
43672,762,1,21.989999771118164
72557,328,1,65
53347,241,2,137.98000144958496
93805,242,2,115.6699981689453
70659,68,1,50.880001068115234
48392,773,1,38.489999771118164
29371,633,1,92
20715,1122,3,169.17999839782715
13768,1840,1,26.989999771118164
21734,401,1,36.9900016784668
4422,310,1,49.9900016784668
27144,626,1,40
10161,353,1,38.43999862670898
5896,1,1,204.5
9142,3,1,39.97999954223633
14552,154,1,59.9900016784668
22753,13,1,15
31409,451,1,24.989999771118164
28853,18,1,46
75803,437,1,22.46999931335449
77967,3,1,13.949999809265137
18033,202,2,47.889999389648445
86623,1281,1,151.97999954223633
26689,67,1,29.950000762939453
20197,881,1,14.5
54821,35,2,40.59000015258789
9377,452,1,230.45000076293945
88395,333,1,29.8799991607666
90559,145,2,218.5
32617,37,1,254.9000015258789
67413,455,1,35
41273,844,1,14.989999771118164
43437,430,1,25
32789,35,1,173.35000228881836
76069,7,1,32
65249,704,1,25
65939,244,1,119.94000053405762
33307,163,2,167.98000144958496
53865,1307,1,17.049999237060547
97317,569,1,36
64685,316,1,144
74595,1680,1,29.979999542236328
15995,141,2,316.4599952697754
26815,371,1,14.949999809265137
59275,1281,1,183.98999786376953
35471,209,1,40.84000015258789
36553,118,1,45.9900016784668
62693,765,1,38
77277,99,1,116.97999954223633
57801,1165,1,247.42999839782715
65375,540,1,71
99089,448,1,36.75
71867,742,1,26.989999771118164
85933,1567,1,68.94999694824219
81777,498,1,45.96000003814697
40489,97,2,231.14999389648438
91343,66,1,9.989999771118164
56719,497,1,92.98999977111816
59965,89,1,50
98007,103,1,44
84788,351,1,20.969999313354492
76132,15,1,16.780000686645508
54492,58,1,79
32852,1188,1,104.56999969482422
50164,692,1,166.10999965667725
18943,1008,1,144.27000427246094
59212,109,1,30.989999771118164
33244,911,1,33.58000183105469
54884,143,2,144.9900016784668
20260,102,1,79.94999694824217
24588,1264,1,36
31535,107,1,17
29308,861,1,39.5
28226,1505,1,81.9000015258789
6586,2,1,104
36882,114,1,55
10914,568,1,169.98999977111816
37964,627,1,145
12388,669,1,19.989999771118164
2650,3,1,37.7599983215332
40426,34,1,9.579999923706056
64230,652,2,44.45000076293945
62066,102,2,47.94000053405762
79378,384,1,22
77214,264,1,125
49082,309,1,33
38654,636,1,515.9399967193604
55966,545,1,11.970000267028809
19178,33,1,53.9900016784668
94824,1336,1,13.539999961853027
82922,38,1,37
80068,24,1,473.95000076293945
88724,52,1,156.5900001525879
99544,16,3,313.27999687194824
70330,819,1,98
67084,199,2,174.8800048828125
84396,42,1,59.5
56264,1183,1,161.4099998474121
72494,326,1,67.98999786376953
87642,3,1,98.5
82232,138,1,14.140000343322754
68166,249,1,36.989999771118164
73576,470,1,68
97380,863,2,103.93999862670898
60592,333,2,332.54000091552734
74658,1309,1,84
94134,354,1,177.14999961853027
62756,1559,1,29.989999771118164
69248,257,2,538.600004196167
75059,147,1,48.97999954223633
21202,970,1,60.989999771118164
55162,935,1,65
29692,95,1,44.97999954223633
45367,46,1,54.950000762939446
25424,309,1,55
70837,1214,1,172.64999771118164
79327,6,1,109.69999980926514
39748,144,1,33.97999954223633
22553,47,2,447.8899898529053
73708,523,1,151.5
46718,1253,1,25
29738,1142,1,30
9841,419,1,62
60781,763,1,430.94999980926514
63867,574,1,22
19851,175,2,356.90000343322754
53811,637,2,29
48192,518,2,59.9900016784668
36831,7,1,167.7899990081787
65049,7,1,141.95000076293945
8490,486,1,40
79496,440,1,130
83718,293,1,119
26944,167,1,48.950000762939446
92208,198,1,164.95000076293945
72311,444,1,182
58248,521,1,199.94999694824216
80724,103,1,78
7047,1293,1,128
94787,577,1,477.3900146484375
49758,229,1,8.989999771118164
4391,991,1,45
49420,180,1,217.19000053405762
28510,53,1,36.34000015258789
84946,484,1,89.98999977111816
28295,317,1,25
93559,117,1,149.9499969482422
28172,794,1,55.5
62470,88,1,97.19999694824216
42281,930,1,40.950000762939446
53642,106,1,29.989999771118164
95079,486,2,258.9699954986572
61119,34,1,81.75
15752,329,1,19.989999771118164
29815,300,1,33
49712,833,2,89.9800033569336
18331,989,1,208.6000061035156
28218,816,1,40
93728,395,1,195
73539,272,1,25
39579,5,1,36
96138,1054,1,24.989999771118164
84777,75,1,50.66999816894531
19513,418,1,48
62178,291,1,23
73662,396,1,28
63575,593,1,77.97000122070312
32686,61,2,34.450000047683716
69563,1058,1,55.760000228881836
15706,325,1,54.950000762939446
9718,165,1,16.84000015258789
27113,444,2,237.6899929046631
23781,232,1,79.95000076293945
35188,1160,1,60.56999969482422
84823,363,1,25
30920,414,1,30
56390,392,1,7.269999980926514
48361,3,1,33.68000030517578
8782,519,1,19.979999542236328
76702,565,1,105.77999877929688
66277,347,2,219.9499969482422
69609,223,1,189
57956,339,1,135
21079,17,1,63
54870,7,1,25
29984,569,1,114.11000061035156
4099,29,1,34
74000,507,1,35
36954,1220,1,34.95000076293945
8736,12,1,71.4000015258789
16642,1587,1,23.989999771118164
80386,589,1,55
75228,14,1,52.260000228881836
78222,1432,1,24
43847,967,1,111.98999977111816
36662,481,2,300.99000549316406
59138,995,1,166
22307,435,2,213.98999786376953
76456,536,1,138.98999977111816
31504,838,1,130
25301,841,1,18.329999923706048
75520,532,1,100
10256,405,1,254.9300079345703
3761,378,1,34.9900016784668
1597,185,1,89.45000076293945
97996,261,1,12.989999771118164
89583,1058,1,26.989999771118164
12666,75,1,45
35142,63,1,318.57000732421875
67797,63,1,50.459999084472656
56436,239,1,25
54272,1131,1,22
34206,388,1,146.5
22599,693,1,34
13894,116,1,20.89999961853028
30107,241,1,79.98999786376953
50004,632,2,34.97999954223633
83964,322,1,27.989999771118164
40684,69,2,536.4900016784668
78391,590,1,98.07000350952148
17870,369,1,25
2241,1096,1,45.950000762939446
92975,278,1,198
85530,702,1,52.59000015258789
10731,190,1,472.88999938964844
37246,53,1,29.40999984741211
44906,46,1,19.989999771118164
6509,42,2,54.97999954223633
64113,181,1,300
27757,165,1,10
91103,313,2,135.75
27880,678,1,9.949999809265137
87402,72,1,243.94999694824216
37077,865,1,52.98000144958496
17564,290,1,53
79742,558,2,143.97999954223633
16519,270,1,47.06999969482422
39118,1116,1,678.5500030517578
8859,4,1,53
57143,323,1,169.9499969482422
27282,215,2,69.95000076293945
83303,120,1,215.7400016784668
50173,126,2,119
61242,345,1,53.970001220703125
40515,628,1,146.44000244140625
37936,71,1,48.27000045776367
73124,1202,1,36.950000762939446
40117,742,1,95.9800033569336
8198,76,3,175.70000004768372
3163,22,1,25.229999542236328
48607,261,1,3.990000009536743
30797,196,3,151.88000297546387
14524,242,1,234
74767,774,1,68
15998,66,1,9.170000076293944
31979,132,1,28.5
9257,455,1,32.900001525878906
85836,1387,1,19.979999542236328
94664,1642,1,50
40807,430,1,120
39825,57,1,70
71252,279,1,25
59891,684,1,59.450000762939446
82490,263,1,255.56000137329102
62055,1631,1,162.5
7906,1755,1,115.48999786376952
14816,345,1,11.989999771118164
41866,1360,1,25
82613,1113,1,50.880001068115234
55085,957,2,115.90999984741211
89460,24,1,334.1300048828125
48836,805,1,24.950000762939453
44508,369,1,781.9400005340576
77223,4,1,59.450000762939446
26698,783,1,208
8567,28,2,134.4499969482422
23260,62,1,287.6400146484375
68212,750,2,245.69000339508057
93682,965,1,156.60000610351562
50402,642,1,55
87694,606,1,130.94000053405762
56851,408,1,95.26000118255615
65862,392,1,8.84000015258789
91916,20,1,59.989999771118164
30399,441,1,20.75
46964,946,2,55.99000000953674
78683,96,1,48.90999984741211
24242,1153,1,68.31999969482422
2012,24,1,14.989999771118164
62945,23,1,114.98999786376952
20910,13,1,68.37999725341797
91226,1443,1,39.9900016784668
11023,415,1,87.43000030517578
14355,1135,1,40.130001068115234
2994,51,1,52.200000762939446
36585,56,1,19.989999771118164
96599,13,2,126.4900016784668
55975,22,1,40
40286,270,1,79.94999694824217
51647,519,1,34.95000076293945
35019,33,2,375.98999977111816
644,156,1,163.68999862670898
60489,1168,1,124.95000076293945
86712,590,1,67.9400005340576
21786,109,2,132.5399990081787
88876,142,2,166.06000137329102
75643,424,1,52
20512,1357,1,39.950000762939446
67628,494,1,79
65464,172,2,265.48999977111816
79573,437,1,199
90442,19,1,11.899999618530272
54103,412,1,50.77000141143799
11315,302,1,59.97999954223633
81737,270,1,325
9151,366,1,45
91332,431,1,98.93999862670898
936,936,1,34.95000076293945
68610,47,3,657.4700050354004
55869,159,2,232.9900016784668
89168,472,1,44.630001068115234
57541,272,1,23.989999771118164
64282,382,1,69
33147,6,1,95.98999786376952
21494,1669,1,55.2599983215332
55377,1545,1,34
81445,4,2,92.93000030517578
47362,777,1,34.9900016784668
25132,383,1,150.63999938964844
11607,113,1,88.84000015258789
71312,723,3,127.72999954223633
17455,136,1,378
13542,328,2,339.75
33439,96,2,174.48999977111816
57249,888,1,54
23598,1144,1,308.1600036621094
54687,4,1,16.790000915527344
89858,120,2,124.79999732971191
95477,1524,1,18.989999771118164
74538,1405,1,34.95000076293945
80157,14,2,98.31000137329102
24594,227,1,26.340000152587887
2181,725,1,218.1400032043457
5098,600,1,198
3177,297,2,117.98999786376953
19161,981,1,25
28816,1393,1,37.950000762939446
88338,1268,1,39.9900016784668
24425,426,1,27.989999771118164
6572,262,1,7.989999771118163
27511,181,2,76.38000106811523
89812,85,1,300.8000030517578
67090,2,1,84.94999694824217
46151,299,1,109
66094,10,1,55.889999389648445
8796,420,1,4.579999923706056
95617,51,2,107.94000053405762
20203,635,1,158
39181,958,1,49.5
41451,86,1,8.989999771118164
94266,1389,1,37.950000762939446
68796,51,1,94.98999786376952
53150,52,1,24.989999771118164
98225,401,1,77.98999977111816
66921,292,1,116.80999755859375
88169,1604,1,68
25072,1165,1,110
47548,2,1,78
54455,245,1,163.9799976348877
70270,1039,1,44.5
85759,365,2,43.27999973297119
96997,18,2,86.75
81677,120,1,157.98999977111816
8842,822,1,303.9000005722046
16413,29,1,38.119998931884766
26177,979,1,19.989999771118164
64342,580,1,49.9900016784668
37538,60,1,11.949999809265137
52981,4,1,63.989999771118164
80203,159,1,43.950000762939446
3824,608,1,49.9900016784668
91564,664,1,39.9900016784668
7783,130,1,11.039999961853027
3578,152,1,35
67737,1161,1,45.950000762939446
64405,154,1,108.98999786376952
10548,186,1,119.44000244140625
14770,3,1,29.989999771118164
68673,752,1,24.989999771118164
47531,28,2,36.890000343322754
85653,696,1,9.949999809265137
89981,618,1,10.989999771118164
55560,81,1,79.94999694824217
44199,138,1,60
78514,1084,1,311.8500061035156
89921,1,1,42
53628,724,2,255
25653,404,1,71.2599983215332
767,1079,1,49.5
37644,14,1,65
50296,732,1,59.25
8673,186,1,147.1300048828125
94249,277,1,59.5
17687,252,1,15
72955,31,1,41.25
45905,96,2,197.11999893188477
50233,29,1,79.94999694824217
87279,3,1,89.4900016784668
6326,146,1,37.290000915527344
32380,172,1,58
17933,716,1,113.98999977111816
14292,723,1,217.50000190734863
79556,603,1,89.9800033569336
17286,595,1,155.60000038146973
7800,248,1,29.989999771118164
67153,9,1,83.97000122070312
91455,108,1,99.94999694824216
99868,7,1,54.97000026702881
46011,18,1,14
23535,1192,1,78.48999977111816
49005,689,1,14.6899995803833
25699,931,1,46.68999862670898
71481,151,1,25.950000762939453
10794,55,1,142.98999786376953
67259,612,2,308
97598,526,1,19.950000762939453
58308,485,1,49.9900016784668
18514,66,1,11.369999885559082
4989,338,1,48.290000915527344
85899,233,1,53.950000762939446
93665,759,1,16.969999313354492
59782,673,1,132.10999870300293
80094,294,1,70
50880,20,1,124.32999801635742
91501,1086,1,171
26237,1434,1,171.9499969482422
21909,227,2,187.42999839782715
94896,341,1,202.95000076293945
49649,790,1,34.970001220703125
9320,1499,1,174.95999908447266
18271,65,2,118.98999977111816
13648,6,1,329
43157,832,1,8
13127,231,1,44
87711,1576,1,89
95371,679,1,24.979999542236328
33854,51,1,163.02999877929688
17040,238,1,103.97999954223633
27926,112,3,75.96999931335449
78866,867,1,39.9900016784668
42035,64,1,47.9900016784668
34375,718,1,64
12606,862,1,23.979999542236328
22493,358,1,127.4099988937378
88753,562,1,25
91670,1213,1,46
53871,923,1,27.940000534057617
2762,100,1,10.989999771118164
68195,15,1,25
31458,607,1,29.989999771118164
66463,774,2,124.5
77824,1161,1,13.75
51401,954,1,140
92148,890,1,89.98999786376953
75119,568,1,112.57999992370605
43741,285,1,126.2699966430664
10900,819,1,247
12437,340,1,44.5
89443,298,1,52.630001068115234
13296,452,1,32.9900016784668
38766,432,1,10.5
19788,472,2,234.88000011444092
95202,1306,1,25.89999961853028
99287,313,1,38
96061,426,1,37.97999954223633
62593,596,1,204.94999694824216
93897,639,1,21.950000762939453
50648,420,2,63.900001525878906
4514,199,1,8.77999973297119
25241,1197,1,49.9900016784668
96582,532,1,56.829999923706055
33897,538,1,14
79098,677,1,126.93999862670898
86695,516,2,174.93999671936035
46489,855,1,61.989999771118164
69211,82,1,144.5
98056,190,1,44.9900016784668
77867,39,1,65
42682,1437,1,27.989999771118164
90290,924,1,19.5
64820,15,1,178
47010,373,1,90.88000106811523
13880,1718,1,63.989999771118164
97535,283,1,17.989999771118164
45089,10,1,93.31999969482422
66337,864,1,42.9900016784668
18102,284,1,41.96999931335449
57681,1789,1,84.65999984741211
26758,357,1,103.94999694824217
25762,43,1,30
47900,483,1,148.98999977111816
89506,57,1,271
8258,54,2,89.89000129699707
81846,680,1,39
50711,609,1,29.989999771118164
54043,210,1,59.5
90980,1017,1,158
72586,123,1,36
96845,532,1,69.94999694824219
44368,194,1,71.98999977111816
71959,267,1,29.989999771118164
1076,805,1,34.45000076293945
79619,92,1,12.989999771118164
53565,109,1,287
9732,1124,1,23
93791,1024,1,439.5300006866455
98119,24,1,18.989999771118164
33685,31,2,107.9800033569336
25284,8,1,202.3999977111816
48590,830,1,40.619998931884766
70728,667,1,73.93000030517578
10379,281,1,155.9700050354004
33791,440,1,29.40999984741211
4036,64,1,15.159999847412108
40824,128,1,42
20850,489,1,90.79000091552734
13817,849,1,903
11653,385,1,4.380000114440918
38119,730,1,6.929999828338623
42988,1139,1,26.290000915527344
18145,4,1,72
82430,3,1,12.220000267028809
53459,130,1,54.180000305175774
91086,1506,1,12.970000267028809
62115,428,1,97.95000076293945
88922,7,1,189.48999977111816
23904,1824,1,59.5
5510,41,1,26.989999771118164
32901,861,1,208
58477,36,1,11.670000076293944
83904,713,1,3.900000095367432
74707,317,1,29.950000762939453
63346,509,1,32.97999954223633
92560,23,1,29.950000762939453
13708,1241,1,83
67565,70,2,44.94999980926514
59075,176,1,70
57083,129,2,246.4499969482422
61992,32,1,261.44000244140625
51249,258,1,139.99000549316406
34269,798,1,18
50585,751,1,25
66878,757,1,72.48999786376953
86821,104,1,32.88999938964844
81202,326,1,58
49234,68,1,91.1500015258789
55517,12,1,29
32918,290,1,261.15999603271484
37873,658,1,80
14587,13,1,111.06999969482422
93745,602,1,49.9900016784668
16579,198,1,39.5
64863,333,2,284.73999977111816
42141,336,1,156.8700008392334
95998,331,1,107.5
59121,773,1,29.989999771118164
91730,245,1,34.97999954223633
86775,1116,1,29.989999771118164
21511,583,1,58
10150,423,2,174.45000457763672
24946,33,1,13.989999771118164
76888,36,1,898
68398,1743,1,250
34438,358,1,187.9900016784668
76811,293,1,109
88295,357,1,13.25
87631,268,1,38.61000061035156
65404,467,1,59.9900016784668
36353,247,1,105.55999755859374
57601,56,1,139.47999954223633
98059,335,1,329.98000144958496
10196,392,1,124.90999984741211
47150,116,1,83.66999816894531
13190,166,1,44.9900016784668
12188,1728,1,326.88999938964844
65032,112,2,408.88999938964844
34315,598,1,49.5
2347,39,1,84.97000026702881
67442,626,1,531.5
45799,1308,1,43.5
45630,81,1,23.989999771118164
57037,319,1,51
88172,24,1,49.9900016784668
10488,111,1,65
43784,111,1,66
67047,1060,1,127
66383,39,1,38
13021,1450,1,119.98999786376952
78285,743,1,25
12234,998,1,46.959999084472656
48670,235,1,14.989999771118164
19204,5,1,55.94000053405762
7797,338,1,318.05999183654785
94309,405,2,61.09000205993652
61013,598,1,129.99000549316406
29045,38,1,247.95000076293945
75706,345,1,8.989999771118164
88690,212,2,112.05999946594238
98577,168,1,14.56999969482422
50293,86,1,138.5
8676,833,2,308.4400005340576
42218,206,2,238.53000259399414
25407,2,2,287.63000106811523
25902,236,1,6.5
56542,1093,1,41.950000762939446
91166,925,1,37.5
58557,863,1,18
86234,730,1,48.09999847412109
36768,296,1,219.5
84714,1112,2,141
30857,377,1,40
82799,277,1,67.94999694824219
48175,424,1,24.989999771118164
31106,68,1,53.950000762939446
20037,417,1,13.989999771118164
81720,1131,1,169.99000549316406
49652,534,1,243.94999694824216
69964,96,1,198
6323,362,3,153.07999992370605
83735,907,1,102.58000183105467
63466,741,1,44.989999771118164
4700,281,1,36
71438,43,1,218.5
8089,293,1,56.38999938964844
61946,37,1,29
39224,1224,1,49.59000015258789
61700,10,1,89.9800033569336
73602,788,1,36.9900016784668
30565,820,1,15.989999771118164
83240,1758,1,100.3799991607666
18517,13,1,26.989999771118164
38829,133,1,49.950000762939446
27468,3,1,10
50190,130,1,169.99000549316406
61551,101,1,22
26927,1561,1,39.2400016784668
17730,924,1,117.9900016784668
29091,999,1,15.75
40993,397,1,53.47999954223633
51813,344,1,93.56999969482422
65158,10,2,95.3700008392334
34684,908,1,169
70897,110,1,86.29999923706055
43910,1017,2,325.4600067138672
77870,21,2,49.45000076293945
2075,775,1,191
83489,443,2,159.5
13436,420,1,59
75829,284,2,101.98999786376953
24889,1592,1,99.94999694824216
37412,53,1,11.279999732971191
78511,1310,1,184.26000022888184
87757,234,1,20
55789,641,1,55.4099998474121
97077,1434,1,36.130001068115234
4113,914,1,44.9900016784668
95062,747,1,197
11962,309,1,28.5
67983,3,1,98
22782,3,1,13.949999809265137
87216,916,1,392.51000213623047
31859,483,1,48.29999923706056
31195,634,1,25
96536,50,1,34.5
14126,739,1,40.6299991607666
3329,222,1,40
63804,807,2,40
11819,1519,1,98
66632,254,1,36.9900016784668
14690,104,1,86
23180,216,2,38
8032,1519,1,24.989999771118164
46609,743,1,118
43220,115,1,58.9099998474121
32151,347,3,456.35001277923584
54040,652,1,78.75
45384,1279,1,65
25487,8,1,142.77000045776367
23323,1160,1,101.45000076293945
31318,28,1,57.36000061035156
183,771,1,195
53399,394,2,117.31999778747557
91810,572,1,206.89999771118164
12652,40,1,23
23472,491,1,60
24013,540,1,136.94000244140625
21972,494,1,161.25
57186,389,1,56
12111,93,1,32.489999771118164
33333,47,1,16.989999771118164
44694,67,1,355.9699897766113
91269,1088,1,63
10070,784,1,29.989999771118164
48481,23,1,25
53164,1253,1,69.98999786376953
40180,244,1,20.5
97369,368,1,354.1999969482422
50757,676,1,98
75978,168,2,271
22121,250,1,75
65401,556,1,44.5
59662,65,1,38
77993,467,1,109.88999938964844
92022,909,1,11.989999771118164
51398,360,1,25
74661,224,1,39.9900016784668
86649,1008,1,29
56957,826,1,234.99000549316406
95909,871,1,12.760000228881836
99241,613,1,268.50000381469727
89566,94,1,12.989999771118164
19622,328,1,197.48999786376953
49924,109,1,208.38999938964844
47760,483,2,85
26363,64,1,25
30691,125,1,54.77999973297119
51939,197,1,66.5
63300,726,1,20
90399,580,1,189.94000625610352
74120,732,1,32
26512,828,1,32.880001068115234
59954,445,2,51.4399995803833
3100,171,1,11.9399995803833
70774,45,2,43.95000076293945
93496,3,1,63.75
16917,163,2,48.98000144958496
95660,456,1,129
6097,195,1,282.48999786376953
50708,145,1,130.49999809265137
72938,239,1,39.9900016784668
39639,91,1,18
42052,225,1,60.91999816894531
62118,1019,1,41.9900016784668
37724,83,1,160.98999977111816
27986,262,1,65.96000003814697
20804,537,2,268.9199962615967
6738,83,1,63.45000076293945
27837,982,1,133.00000190734863
74953,8,1,155.94999980926514
8902,869,1,48.97999954223633
50067,261,1,47.950000762939446
38706,790,1,82.12000274658203
49526,504,1,169
74412,520,1,475
16476,1130,1,23
53336,25,4,455.87999534606934
65739,928,1,104.98999786376953
9961,291,2,37.260000228881836
49423,1003,1,21.950000762939453
55328,223,1,39.5
25258,664,1,81.77999877929686
72663,1279,1,72
70671,969,1,169
86987,679,1,22
97352,574,1,52
22719,470,1,54.9900016784668
30213,188,1,43.220001220703125
29217,105,1,76.95999908447266
48404,681,1,110
16768,938,1,12
57867,905,1,583.9799919128418
51461,32,1,208.9799976348877
89002,225,1,10.989999771118164
76104,598,1,103
40054,82,1,68
60784,171,1,78.78000259399414
55852,3,1,21.950000762939453
54856,9,1,10
39536,69,2,166.0800018310547
45487,67,1,43.310001373291016
6449,758,1,263
2490,911,1,49.5
73705,635,1,172
7445,12,1,94.06999683380126
75062,278,1,14
40100,238,3,311.3800001144409
31610,1440,1,23.229999542236328
94953,7,1,148.94000625610352
77054,885,1,18.989999771118164
81554,1417,1,43.950000762939446
78975,118,2,484.70000076293945
74724,110,1,49.5
29689,461,1,246
77641,51,1,187.7400054931641
18288,113,1,49.9900016784668
42453,1113,1,178
3870,205,1,25
10362,9,3,83.64000129699707
14352,732,1,288.5
92915,591,1,89.98999786376953
9506,1386,1,77.98000144958496
65693,728,1,23.989999771118164
96310,926,1,59.9900016784668
46366,45,1,98.5
57727,1708,1,109.97000122070312
93433,139,1,15.470000267028809
69314,336,1,142.22000122070312
47840,181,1,49.9900016784668
36078,66,3,195.9300012588501
23721,8,1,89
73204,1026,1,8
25596,18,1,51.190001487731934
15231,1580,1,55
63363,150,1,126
18328,404,2,32.15999984741211
33067,27,2,293.45000076293945
7013,494,1,119
70608,1029,1,19.40999984741211
67691,1555,1,70.25
45965,589,1,84
95494,21,1,32.599998474121094
25298,82,1,55.86000061035156
23675,772,1,57.5
54315,406,1,10.989999771118164
37999,384,1,199
66217,224,1,10.920000076293944
79201,1063,1,9.989999771118164
74246,132,1,128
12314,15,1,60
77578,125,1,23.15999984741211
412,171,1,227.98999786376953
33671,347,1,135.78999710083008
78574,1246,1,29.989999771118164
23784,31,1,13.989999771118164
22201,831,1,164.95000076293945
93957,844,1,53.0099983215332
90963,578,1,204.9900016784668
83137,160,1,159.95000076293945
28112,283,1,18.559999465942383
28693,125,1,45
34604,1198,1,21.96999931335449
35185,268,1,59.5
69566,1025,1,25
82550,536,1,59
71730,362,1,59
20186,604,1,108
19848,397,1,12.899999618530272
60369,864,2,143.9799976348877
46303,1325,1,62.89000129699707
80927,156,1,223
98929,955,1,184.02000045776367
74043,509,1,176.5
92437,977,1,113.02999877929688
1886,118,1,71.98999977111816
38431,17,1,17.950000762939453
92288,27,1,129
47087,23,1,25
67339,255,1,169
94020,548,2,76.5999984741211
45072,607,1,39.9900016784668
29586,228,1,135
83655,672,1,48
18225,402,1,197
93330,7,1,350.6100044250487
12251,851,1,69.5
15168,363,1,32
66108,530,2,179.98999977111816
64116,207,1,134.3400001525879
44382,164,1,109
65112,496,1,25.459999084472656
27070,494,1,108
11255,263,1,75
6512,184,2,52.790000915527344
22828,140,1,260.98999977111816
81428,62,1,169.97999572753906
3595,1058,1,44.950000762939446
27571,354,1,42
57452,463,1,33.71999931335449
10777,390,2,326.5099983215332
5822,22,1,44.9900016784668
31507,868,1,168.86000061035156
2576,85,1,187.0699987411499
43864,945,1,45
23134,500,1,17.5
37458,1171,1,45
83443,1122,1,25.5
61717,1082,1,73.98999977111816
11773,123,1,148.5
32503,977,1,45
18437,205,1,19.979999542236328
14478,443,1,37.950000762939446
79390,38,1,25.89999961853028
37764,5,1,86
20452,152,1,24.950000762939453
23369,1098,1,78.75
94538,734,1,29.989999771118164
81969,316,1,113.8000030517578
68813,43,1,21.989999771118164
84133,289,2,85.97999954223633
85882,218,1,44.930000305175774
61929,137,1,39.9900016784668
1368,72,1,40
55437,257,1,81.9900016784668
79954,256,1,94.97999954223633
5155,42,1,253.15999794006348
99407,371,1,101.9900016784668
83177,288,1,25.979999542236328
98474,1001,1,56.63999938964844
95769,130,1,178
88736,464,1,59.9900016784668
86572,281,1,26
61239,40,1,79.94999694824217
63160,474,1,66
64571,465,1,236.83999633789065
6386,131,1,34.06999969482422
17959,543,1,6.590000152587891
81491,55,2,171.39999771118164
89520,29,1,51.869998931884766
90147,1206,1,30
76536,97,2,67.4900016784668
80864,364,1,39.950000762939446
36894,684,1,49
32566,147,1,22
49878,75,1,86.97999954223633
75932,490,1,12.800000190734863
22075,1453,1,169.98999786376953
17747,1093,1,88
20664,441,1,59.900001525878906
41222,498,1,49.5
59616,141,1,29
71604,141,2,223.98999977111816
9091,305,1,31.25
80260,63,1,54
87834,698,1,69
57538,5,1,131.99000549316406
50897,85,2,157.20000076293945
24929,36,2,62.94999980926514
36290,199,1,24.989999771118164
18978,1029,1,89.48999977111816
8072,1189,1,30.850000381469727
47651,708,1,56.630001068115234
34667,60,1,64
16273,81,1,59.950000762939446
3744,3,1,241.89999866485596
41700,133,1,417
38995,526,1,73.98999786376953
28630,155,1,224.92999839782715
74309,279,1,251.5500030517578
69981,3,1,75.11000061035155
91378,3,3,105.25000381469727
19284,297,2,251.98999977111816
87293,348,2,114.92000007629395
37521,81,1,39
17120,441,1,84.98999977111816
97721,93,3,454.47000312805176
72294,1118,1,47.9900016784668
95557,243,1,77.86000156402588
70130,14,1,213.9900016784668
82181,23,1,8.989999771118164
41763,6,1,86.98999977111816
99865,3,2,218.95000076293945
9131,316,1,67.94999694824219
85802,729,1,49.950000762939446
21866,1766,1,101
54498,1532,1,163.5
53170,186,1,57.86000061035156
78663,280,2,161.98999786376953
48902,278,1,259.9800052642822
6237,216,1,25
16270,1405,1,51.810001373291016
23217,458,1,79
85756,1039,1,131.58999633789062
64362,49,1,14.989999771118164
70104,192,2,79
2184,989,1,32.9900016784668
14750,1775,1,32.7599983215332
96994,1315,1,20.13999938964844
36167,5,2,93.97000122070312
68799,1578,1,64.94999694824219
20515,358,2,52.9900016784668
41786,203,1,21.950000762939453
74418,1362,1,77.39000129699707
48733,639,1,175.9900016784668
8962,450,1,88
54329,857,1,31.989999771118164
60240,85,1,18.590000152587887
5055,3,1,32.5
61491,268,1,75
74226,3,1,16
30525,82,1,27.210000038146973
37687,1638,1,25
84405,913,1,18
26303,31,1,20.989999771118164
40289,351,1,38.5
85610,151,1,75
16147,365,2,140.4799976348877
81411,500,1,331.3000030517578
19141,146,1,4.329999923706056
94223,389,1,7
27654,372,1,121
50299,70,1,70
84259,53,1,58.9900016784668
94392,1031,1,22
6406,130,1,21.950000762939453
62842,1337,1,99
85441,13,1,112.95000004768372
40243,863,1,172
50153,145,1,34.9900016784668
15955,92,1,36.7400016784668
59081,16,1,28.989999771118164
96871,134,1,32.400001525878906
31607,1170,1,70
3220,4,1,147.1300048828125
23532,728,1,8.869999885559082
52855,335,1,65.98000144958496
97309,825,1,140.5300006866455
23094,950,1,19.40999984741211
59035,3,1,24.989999771118164
36313,409,1,64.98999786376953
25988,821,1,12.989999771118164
23578,9,2,107.95000076293945
81265,1021,1,24.25
71186,831,1,43.950000762939446
54375,157,1,120.02999877929688
37641,685,1,33.9399995803833
24660,385,1,62.94000172615051
86838,10,1,105
47628,1341,1,215
20392,949,1,29.950000762939453
74541,1160,1,64
85656,6,1,242.00000381469727
3658,90,1,195.9900054931641
58889,956,1,57.950000762939446
10359,4,1,81.34000015258789
58643,49,1,19.989999771118164
25052,1162,1,337.98999977111816
65590,164,1,102.78000259399414
97263,1436,1,141.19000244140625
14873,1072,1,698
45762,188,2,45.4900016784668
88212,1344,1,39.9900016784668
67402,182,1,6.25
2138,258,1,35
84720,654,1,34.939998626708984
64408,869,1,65
33519,5,1,53.489999771118164
20784,1093,1,22
11879,38,1,29.450000762939453
24614,2,1,10
78809,46,1,210
86048,221,1,37.7400016784668
810,1406,1,39.9900016784668
98783,299,1,279.989990234375
22350,9,2,159.93999862670896
44826,179,2,103
64800,219,1,158.9499969482422
372,62,2,95.9900016784668
98391,1094,1,98
22012,988,1,36.9900016784668
54767,169,2,188.89000511169434
33127,62,1,29.989999771118164
57369,1284,1,74.65999984741211
764,295,1,175.72999954223633
33565,220,1,29.850000381469727
44388,1783,1,56
99911,469,1,97.72999954223633
20830,1076,1,95.2400016784668
89832,406,1,60
67110,223,1,55.13999938964844
43306,18,1,93.73999977111816
68584,751,1,27.6899995803833
77535,215,1,40.489999771118164
23386,778,1,99.98999786376952
13353,581,1,69.98999786376953
88650,185,1,96.89999961853027
74810,96,1,117.52999877929686
36605,147,1,69.94999694824219
88043,638,1,160.46999740600586
26526,3,1,23.989999771118164
28613,1543,1,55
59158,1302,1,25
62075,706,1,91.3499984741211
15878,109,1,41.959999084472656
95205,362,1,55.380001068115234
77727,610,1,40
34209,356,1,178.98999977111816
76874,186,2,54.95000076293945
53562,377,2,142.25
98975,531,1,143.49000549316406
52019,604,2,30.949999809265137
35039,900,1,110.5
60724,146,1,131.9499969482422
1577,161,1,226.4900016784668
86194,686,1,168
19579,50,2,84.05000019073486
25742,128,1,134.9900016784668
93831,1686,1,84.9900016784668
10090,278,1,22.989999771118164
42722,570,1,34
80406,71,1,10.75
75500,1034,1,643.9899978637695
1248,261,1,28.5
40827,1054,1,54.9900016784668
18228,992,1,121.48999786376952
59848,222,1,119
44196,107,1,50
44073,28,1,359.98999977111816
52586,243,2,123.93999862670897
18703,425,1,46
38600,2,1,269.80999755859375
59327,537,1,165
83131,1254,1,82.94999694824217
63970,1699,1,21.989999771118164
39951,423,3,221.86000061035156
41156,431,2,347.4300003051758
72583,1574,1,17.989999771118164
86569,735,1,170.99000549316406
15188,33,1,185
5493,525,1,25
76513,4,1,49.5
6675,305,1,32
17913,388,1,25.5
91836,783,1,195.49000358581543
29987,138,1,91.97000122070312
51235,110,2,73.98999977111816
39161,149,1,58
94515,495,1,24.989999771118164
70588,435,1,25
96679,1749,1,508
71793,353,2,149.68000030517578
72752,311,1,64.5
93310,66,1,79
15357,618,1,40
5201,1337,1,9.989999771118164
38079,701,1,4.739999771118164
13714,541,3,116.84000205993652
73144,460,2,201.9499969482422
35354,2,1,57.630001068115234
26947,177,1,210
52417,567,1,34.40999984741211
69835,253,3,378.1199941635132
85487,452,2,194.9699993133545
14604,311,1,49.5
18434,820,1,15
68945,15,1,22.540000915527344
94584,978,1,286.4500026702881
77850,6,1,42
97830,141,1,51
30648,656,1,61.56999969482421
93502,1709,1,7.039999961853027
6091,835,1,185.4699993133545
67877,465,1,12
27339,112,1,191
64631,804,1,180
21351,93,1,37.450000762939446
20269,5,1,29.950000762939453
42991,486,1,130
4617,220,1,9.109999656677246
73336,1763,1,54.900001525878906
57684,571,1,59
17023,1397,1,101.94999980926514
56410,679,1,29.989999771118164
52088,351,1,198.90999794006348
13130,290,1,33
32606,341,1,83.71000099182129
73728,275,1,24.989999771118164
97532,623,1,29.989999771118164
13522,152,1,126.98999786376953
56808,128,1,260
30840,527,1,63.94999980926514
33004,413,1,135
66589,656,1,47.48999977111816
97432,54,2,152
22135,1199,1,45
99098,892,1,136
52380,151,1,44
11756,1070,1,36.5
65115,70,1,155.98999786376953
55626,162,2,44.10000038146973
10674,142,1,15
32314,558,1,25
80904,22,2,228.97999954223633
88527,495,1,119
54936,25,1,94
87445,545,1,129.99000549316406
77658,157,1,374.9299907684326
14312,1109,1,397.45001220703125
33296,1192,1,18
15394,989,1,22.989999771118164
12148,621,1,53.9900016784668
21368,187,2,169.5
50751,507,1,74.9800033569336
22387,507,1,89
32752,112,1,179
15440,425,1,175.95000076293945
65052,177,1,129.99000549316406
55019,357,1,43.9900016784668
87651,266,1,18.989999771118164
48072,140,1,133.58999824523926
7282,273,1,48
39914,690,1,89.5
97684,144,1,157
73519,228,2,61.75
41219,721,1,188.3000030517578
71026,16,1,36.9900016784668
76436,794,1,37.9900016784668
43804,763,1,25
39413,662,1,30
82410,819,1,35
12523,348,1,14.989999771118164
29835,1210,1,258
22888,379,1,310.94000244140625
43681,236,1,245
29695,77,1,45.9900016784668
62327,164,1,18.5
86131,1362,1,110
8132,4,2,294.99000549316406
25444,510,1,83
59642,268,1,95
74747,776,1,25
56771,344,1,16.989999771118164
49609,308,2,112.06000137329102
16977,265,1,15.989999771118164
4196,173,1,74
14421,1556,2,39.97999954223633
4511,1513,1,61.43999862670898
53545,1285,1,44.9900016784668
42161,73,1,49.9900016784668
9529,593,1,78.95999813079834
97515,237,1,16.989999771118164
58391,129,1,60
3037,37,1,120.4000015258789
82195,71,1,159.99000549316406
92105,191,1,12.470000267028809
59719,587,1,76.39999961853027
9775,413,1,89.98999786376953
36997,1497,1,54.9900016784668
10857,1128,1,365
87605,1057,2,319.9900016784668
91023,1545,1,325
79808,11,1,88.74999809265137
64737,38,2,179.98999786376953
85049,12,1,22
89294,387,1,43.71999931335449
34441,475,1,12.979999542236328
2390,595,1,34.900001525878906
31215,94,1,31.839999675750732
98139,18,1,176.81999969482422
89188,124,1,53.27000045776367
34395,97,2,87.97999954223633
41969,74,1,183.93000030517578
66858,103,2,362.47999572753906
44886,207,1,39.950000762939446
17083,66,1,129
67940,93,1,227.5
11673,179,1,156.4300022125244
16064,737,1,9.0600004196167
46692,6,1,15.989999771118164
63217,749,1,14.789999961853027
28298,402,1,34.9900016784668
77973,384,1,50
83884,187,2,62.96000099182129
4302,374,1,20.989999771118164
25112,1046,1,277.71999740600586
92042,753,1,162.4900016784668
18620,494,1,489.0500011444092
88106,256,1,19.989999771118164
1202,657,2,75.07999992370605
70794,1228,1,15
86440,468,1,62
24076,181,1,27.590000152587887
46552,416,1,44.9900016784668
70356,51,1,35.27000045776367
66274,2,1,43.950000762939446
96665,3,1,28
85504,946,1,45.88000011444092
41142,50,1,64.39999961853027
40060,693,1,37.95000076293945
41388,254,1,103.84000015258789
19748,486,1,224.94000053405762
95583,1075,1,139.9499969482422
42616,617,1,79.94999694824217
20140,25,1,35.95000076293945
66420,246,1,8.979999542236328
25304,51,2,40.46999931335449
43698,212,1,278.2200050354004
26632,585,1,22.989999771118164
26386,392,1,165.3400001525879
84296,501,1,56.94000244140625
58328,153,1,49.9900016784668
12131,39,1,20.38999938964844
82802,647,1,36
32858,7,2,161
58826,71,1,67.47000122070312
82493,571,2,81.97999954223633
54392,1120,1,43.989999771118164
11610,58,1,27.950000762939453
87522,420,1,272
37578,1100,2,189.55000162124634
18059,25,1,172
82991,31,1,18
74335,532,1,64.94999694824219
99805,815,1,25
36390,446,1,114.98999977111816
7505,3,1,77.94000244140625
75354,643,1,59.900001525878906
46469,7,1,361.4900016784668
19247,268,1,32.97999954223633
97386,50,1,11.989999771118164
8195,405,1,24
67717,496,2,347.6900100708008
57807,1018,1,58.35000038146973
90439,230,1,89
8885,159,1,26.340000152587887
7219,218,1,14.989999771118164
57999,727,2,195.61000061035156
32689,113,1,234.45000076293945
555,214,1,37
28467,13,1,49.9900016784668
14813,84,1,129
79905,202,1,39.9900016784668
47445,1039,1,29.989999771118164
54435,35,1,14.949999809265137
30133,245,1,44.950000762939446
96602,422,2,184.5
44717,454,1,28.979999542236328
36061,13,1,18.89999961853028
42553,428,1,29.8799991607666
94661,423,1,19.989999771118164
49217,1364,1,97.93000030517578
98597,84,1,18.989999771118164
37833,318,1,124
62719,50,1,23.989999771118164
6529,247,2,197.4900016784668
11939,122,2,68.93000030517578
72629,152,1,89.5
80031,872,1,41.9900016784668
83277,549,1,84.29000091552734
26366,893,1,89.98999786376953
38852,328,1,81.48999977111816
6137,607,2,63.57000160217285
35414,612,1,18
9446,240,2,46.4900016784668
56556,81,1,40
31713,372,1,25
23057,467,1,86
91192,173,1,23
17604,92,1,239.9900054931641
99848,209,1,33.9900016784668
13276,1196,1,84.45000076293945
24551,29,1,62
44697,3,1,25
67027,732,2,322.25000190734863
99158,286,1,12
52961,326,2,86.77999877929688
9340,21,1,19.989999771118164
78600,689,1,44.989999771118164
71355,36,1,300
35308,688,1,78.59000015258789
68862,17,1,64.94999694824219
65945,184,1,49.950000762939446
74272,117,1,48.69000053405762
49715,134,1,55
87193,525,1,68.94999694824219
70336,1169,1,57.209999084472656
48696,577,1,19.950000762939453
95222,623,1,20
73582,640,1,54.44000005722046
69881,277,1,42.950000762939446
56270,954,1,39.9900016784668
91521,226,1,35.989999771118164
92603,348,1,27.950000762939453
72892,1461,1,149.5
95457,25,1,159
83214,165,1,94.3600025177002
33940,712,1,398
55082,807,1,59
93293,2,1,59.5
61574,719,1,79.94999694824217
55580,250,1,11.989999771118164
7866,41,1,89
59802,192,2,66.4900016784668
10030,1265,1,176.61999797821045
35998,402,1,160.64999961853027
10528,33,3,114.9900016784668
38660,1448,1,11.380000114440918
95414,4,3,187.9699993133545
7674,154,1,20.96999931335449
13084,313,2,259.9900016784668
17412,479,1,25.989999771118164
97578,237,1,98.75
9838,38,1,158
81740,4,1,49.44000053405762
60100,390,1,21
95806,349,1,34
54690,90,1,30
96888,721,2,104
76330,1429,1,110
74166,1302,1,39.9900016784668
1637,251,2,369.060001373291
52838,366,1,14.949999809265137
62656,317,1,25.989999771118164
98205,357,1,78
77644,722,1,87.98999786376953
20206,72,1,70.52000141143799
42095,198,1,36
31590,1066,1,136.12999725341797
950,132,1,21.950000762939453
30711,529,1,69.98000144958496
23764,904,1,39.9900016784668
71169,772,2,69.55999946594238
46363,270,1,107.68000030517578
33582,19,1,38.5
74040,3,2,81.5
58388,94,1,23
15938,806,1,149.9499969482422
44133,675,2,210
69772,412,1,82
20160,6,1,181.95999765396118
11501,71,1,69.5
30070,1077,1,138.94000053405762
27153,28,1,28.950000762939453
92417,1116,1,69.78999996185303
67780,137,1,25
58434,907,1,117.98999786376953
36499,474,1,59.9900016784668
65381,724,1,148
13900,82,2,451.4200038909912
20847,1152,1,179
76078,585,1,10
46532,944,1,25
64176,142,2,148.9900016784668
10814,119,1,221
3867,527,1,109.87000274658205
67734,92,1,698
478,1120,1,129
24282,428,1,35
47837,47,1,68
10296,62,1,129
58265,917,2,217.60000228881836
35666,75,1,54.9900016784668
10983,1184,1,161.48000144958496
46486,484,1,227.5
78116,119,1,145.13999938964844
69085,659,1,51.89000129699707
88341,33,2,102.97999954223633
1514,284,2,99.95999908447266
33064,993,1,58
55709,7,1,31.950000762939453
432,449,1,37.950000762939446
89500,162,1,220.6000051498413
44966,266,1,38.400001525878906
99410,304,1,33.06999969482422
12334,254,1,23.229999542236328
77598,325,1,101.46000075340271
54876,861,1,87.9900016784668
79513,4,1,34.5
99679,806,1,10
88859,723,1,59.97999954223633
12898,716,1,106
21726,437,2,473.41999435424805
45530,91,1,38
68252,443,1,25
35620,996,1,169.97000122070312
35935,352,1,20
11378,344,1,15
23200,336,1,79.5
98531,25,1,52.5
84468,446,1,59.5
6469,117,1,284.8999938964844
41531,17,1,14
14936,127,1,36
14733,433,1,127.55999755859376
62341,1087,1,104.9900016784668
85155,176,2,58.730000734329224
49357,1279,1,42.97999954223633
53874,7,2,100.46000003814697
5341,447,1,112.84000015258789
43051,115,2,76.9300012588501
71687,348,1,57
37063,34,2,74.57999992370605
33313,161,1,25
97890,514,1,12.5600004196167
58311,530,1,205.58999824523926
24720,508,1,34.9900016784668
94206,869,1,36
72566,116,1,178.9900016784668
5636,1578,1,27.020000457763672
10545,609,1,124.5
83386,550,1,193.98999977111816
75122,647,1,120
18809,385,1,69.48999977111816
42613,40,1,34.9900016784668
37455,453,1,48
7989,34,3,80.94999980926514
51318,198,1,63.22999954223633
31793,888,1,162.88999938964844
18417,13,1,49.9900016784668
62779,39,1,12.850000381469728
61305,831,1,83.8100004196167
84027,11,2,176.88000106811523
9025,153,1,34
7943,278,1,42
66652,41,1,30
57996,1293,1,28
41846,484,1,72
67814,17,1,59
70731,46,1,142.8000030517578
55079,1085,1,109
90628,911,1,32
558,453,1,28
66011,1348,1,12.989999771118164
20598,150,2,77.5
25553,261,2,165.44999885559082
51521,737,1,18.479999542236328
36748,246,2,234.97999954223633
45404,120,1,368
91979,559,1,39.950000762939446
56788,30,1,39.180000305175774
72769,250,1,40
63784,393,1,17.489999771118164
36891,46,2,389.44000244140625
51710,1288,1,259.9900016784668
75686,23,1,123
65776,118,1,19.600000381469727
84342,166,1,198
12818,21,2,129.97000122070312
54438,44,1,99.94999694824216
94017,262,1,16.790000915527344
4162,1196,1,26.950000762939453
6154,33,1,132.5999984741211
23515,64,1,39.9900016784668
35417,255,1,28.979999542236328
77160,200,2,182.36000156402588
26884,628,1,54
35540,406,1,175.5
68049,446,1,19.989999771118164
85816,313,1,86.25
2908,748,1,70
21288,1289,1,64
45092,686,1,79.98999977111816
80641,431,1,26.90999984741211
78554,112,1,9.319999694824215
69898,1061,1,414.5
58829,241,1,103.9499969482422
64568,332,1,14.979999542236328
78726,616,1,68
8696,92,2,87.49000120162964
88733,221,1,107
92102,177,1,68.28000068664551
66134,139,1,49.79999923706056
85344,2,1,148.5
98079,1,1,91.3499984741211
99161,483,1,19.989999771118164
14498,153,1,25.989999771118164
64096,77,1,39.9900016784668
87900,129,1,26.989999771118164
99974,119,2,293.98999977111816
65178,135,1,21.989999771118164
44010,362,1,21
56994,90,1,184.48999786376953
81551,843,1,123.88000106811523
18291,617,1,59.9900016784668
65507,686,2,172.29999828338623
68175,1103,1,86.75
39539,411,2,189.1599998474121
76831,1081,1,15.239999771118164
34584,1064,1,200
52523,332,1,25
25928,186,1,24.989999771118164
12944,164,1,314.9800033569336
21600,702,1,175
99490,195,1,57.140000343322754
34976,419,3,274.8400077819824
87588,775,1,3.1700000762939453
64866,1323,1,19.989999771118164
29317,37,1,65
3598,547,1,112.5
26071,434,1,147.64000129699707
25238,1084,1,49.950000762939446
83260,521,1,15
18683,563,1,148
8945,247,1,49.9900016784668
78242,679,1,31
47319,1464,1,34.900001525878906
73914,1129,1,70.48999977111816
86898,98,1,43.9900016784668
21929,1,1,38
87980,405,1,15.989999771118164
19373,1462,1,43.9900016784668
6987,170,1,130.97999954223633
62261,174,1,49.5
51441,443,1,22.989999771118164
73081,694,1,107.25
86065,266,1,197.81999969482422
92606,267,1,10
40621,509,1,4.989999771118164
38457,564,1,51.950000762939446
17807,651,1,341.5999984741211
86114,255,1,15.970000267028809
74853,1139,1,78.98999977111816
62951,945,1,398
86755,892,1,429
94329,703,1,45.650001525878906
61869,717,1,110
64033,665,1,25
95411,205,1,54.950000762939446
59705,309,1,86.94000244140625
84199,338,1,12.899999618530272
91773,787,1,32.9900016784668
79871,592,1,158
82035,900,1,14.590000152587892
96101,537,1,17.5
23953,674,2,221
28862,858,1,159.99000549316406
58577,37,1,89.98999786376953
63486,622,1,178
5716,610,1,65
25945,121,1,37.130001068115234
53668,904,1,31.869999885559082
40246,41,1,48.4900016784668
4743,793,1,138
24926,274,1,27
39367,969,1,35.630001068115234
67044,354,1,49.5
57558,366,1,109.94999694824217
56539,199,1,36.9900016784668
28484,1264,1,11.859999656677246
5762,156,1,12
89689,1225,1,120
60475,64,1,114.98999786376952
84734,935,1,14.130000114440918
19138,64,2,156.43999481201172
55520,300,1,48.11000061035156
66904,63,1,59
82882,149,2,284.5
51584,270,1,30
23452,552,1,29.950000762939453
56084,17,1,36
93625,138,1,35
59078,688,1,898
5198,1002,1,15
20518,364,1,79.94000244140625
45656,209,1,145
55142,147,1,441.9900016784668
84780,35,1,35.040000915527344
69460,1106,1,9.68000030517578
22510,667,1,25
28344,252,1,49.950000762939446
52148,624,1,89.5
51630,2,1,86
25490,824,1,15
68942,1572,1,39.970001220703125
13588,655,1,5
59032,729,1,68.9900016784668
42802,382,1,55.709999084472656
15580,924,1,100.98999786376952
9088,767,1,70.68000030517578
75434,106,1,47.950000762939446
58122,1319,1,42
89672,563,1,88.5
36310,434,1,43.9900016784668
36874,235,1,49.5
24972,147,1,25
54186,239,1,120
80326,320,1,16.969999313354492
32374,193,1,69.98999786376953
30382,733,1,39.9900016784668
53104,133,1,139.38000297546387
47694,216,1,19.989999771118164
92228,150,1,4.5
67986,109,2,72.4900016784668
67405,443,1,237
7299,2,1,151
2141,612,1,135.89999771118164
97701,33,1,46.04999923706056
46738,143,1,244.45000076293945
28547,551,1,51.950000762939446
64050,899,1,199.27999877929688
19061,128,1,49.9900016784668
23592,833,1,218.9900016784668
79261,589,1,59.9900016784668
1262,337,1,65
32735,215,1,54
84671,404,1,14.199999809265137
57621,1028,1,26.989999771118164
89234,526,1,25.989999771118164
83197,111,1,36.5
84279,231,1,92
96181,1448,1,125.98999786376953
77332,1611,1,15.970000267028809
9715,134,1,21.89999961853028
74979,267,1,16.700000762939453
7551,823,1,28.989999771118164
16645,289,1,105
48275,379,2,56.989999771118164
24471,269,1,179.9499969482422
35291,215,1,35
44777,86,1,78
30963,1654,1,101
5825,258,1,218.4900016784668
89735,39,1,29.989999771118164
20973,234,1,59.5
32483,172,1,185.97999572753906
43303,884,1,9.949999809265137
25991,1326,1,55
24909,71,1,56.38999938964844
31401,29,2,458
40747,113,1,405
64551,990,2,37.68000030517578
76453,19,1,49.5
80781,233,1,42.5
81863,383,1,84.45000076293945
65633,211,3,157.3300018310547
59141,1692,1,14.989999771118164
69961,458,1,138
51567,23,2,120.9200029373169
5779,138,2,291.98999786376953
87273,1121,1,8.949999809265137
75371,1693,1,40.46999931335449
4697,33,1,13
92683,633,1,25.989999771118164
65822,1549,2,90.9900016784668
86881,272,1,43
95537,271,1,70.5
69569,2,2,218.98000144958496
36937,217,1,139.6599998474121
74478,772,1,123.48999977111816
99473,33,2,274.5
2407,404,1,39.5
90817,612,1,76.98999786376953
21428,458,1,192.98000526428223
35918,260,1,61.959999084472656
93499,403,1,128
79433,396,1,143.39999675750732
84843,864,1,70
88089,745,1,40.950000762939446
99662,358,2,528.2899971008301
78414,533,1,217
19954,368,1,30
53920,525,1,82
88544,911,1,14.989999771118164
62576,447,1,58
32672,169,1,13.789999961853027
97764,3,1,154.330002784729
26838,102,1,75
75952,63,2,356.9299964904785
80452,72,1,49.5
65132,256,1,27.989999771118164
91272,234,1,12.989999771118164
24674,498,1,102.9900016784668
49984,825,1,95
9526,145,1,348
81926,647,1,2.950000047683716
44056,39,3,151.57000160217285
64614,331,1,50
37392,426,1,49.950000762939446
52712,8,1,129.99000549316406
26572,551,1,13.479999542236328
12506,308,1,90.3000030517578
23326,277,1,40
54704,135,1,101.98999786376953
21162,218,1,19.989999771118164
52540,343,1,184.38999938964844
43366,624,2,93.9800033569336
31464,987,1,25.950000762939453
19390,509,1,25
33456,874,1,215.98999977111816
29300,1033,1,17.989999771118164
67170,508,1,21.989999771118164
60678,213,1,25
7488,824,1,95.98000144958496
74744,22,2,78.32999992370605
2078,274,1,40
63924,333,1,19.989999771118164
49858,1401,1,3.900000095367432
17226,459,2,224.44000625610352
16144,661,1,65
7880,2,1,98
56413,363,1,14.989999771118164
78053,20,1,87.86000061035156
96290,319,1,6.989999771118164
60349,350,1,14.989999771118164
77661,99,1,270.5
79370,103,1,25
90645,1874,2,206.67000007629395
243,354,1,198
4571,21,2,206.04000186920166
86317,82,1,99
73333,476,1,72
72941,1418,1,20.13999938964844
85925,68,1,157.5
90253,57,1,8.729999542236328
38019,103,1,34.9900016784668
25035,243,1,138.26000213623047
42347,159,1,29
29363,615,1,99.94999694824216
52775,265,2,111.98000001907349
80907,315,1,16.989999771118164
63595,439,1,46.9900016784668
96055,525,1,59.5
72251,1694,1,10
61431,4,1,24.119999885559082
50611,873,1,88.7699966430664
83071,979,1,25
67923,73,1,26.100000381469727
91727,21,1,55.989999771118164
78743,704,1,159.86999893188477
20409,222,1,65
9589,373,1,59.5
26901,1223,1,20.36000061035156
17163,387,2,147.92999649047852
6343,1085,1,36
18245,1583,1,77.37999725341797
13917,1748,1,63.950000762939446
24737,518,1,70.95000076293945
50313,434,2,283.8800039291382
4869,408,1,25
1623,194,2,146
47067,273,1,227.94999980926514
35165,10,1,41.950000762939446
54641,312,1,16.619999885559082
38411,265,1,152
28673,198,2,61.400001525878906
17853,6,1,45.83000183105469
30837,178,1,19.989999771118164
9197,133,1,159
10279,149,1,38.52999877929688
51395,376,1,73.93000030517578
19874,52,3,711.0100078582764
42427,808,1,143
99201,210,1,71.69999694824219
65241,185,1,77.4900016784668
70814,511,1,10.989999771118164
90711,317,1,68
50917,396,1,187.9900016784668
25447,207,1,34.9900016784668
75036,226,1,38.9900016784668
29715,139,2,289.9900016784668
89360,66,1,98.5
15606,541,1,64
32586,693,1,64
58056,76,1,29.89999961853028
93413,1530,1,49.9900016784668
68112,467,1,49.5
82175,711,1,17.75
65026,190,2,111
85092,267,1,22
42473,673,1,14.949999809265137
53788,1250,1,83.58000183105469
14255,94,2,86.95000076293945
59453,125,1,33
19828,351,1,25.989999771118164
31066,1118,1,29.989999771118164
2848,133,1,86.94000244140625
80824,875,1,49.9900016784668
58102,61,1,34
46864,250,1,129
69463,230,1,52
15437,26,1,52.950000762939446
82052,25,1,85.41999816894531
62155,940,1,155.93000030517578
5719,594,1,93.97999954223633
25616,1,1,33.5
16788,134,1,34.310001373291016
70983,185,1,264
31189,571,1,11.779999732971191
93536,377,1,189.69000244140625
17126,1436,1,110
74913,41,1,41.33000183105469
83403,21,3,429.710000038147
26967,160,2,278.13000106811523
38328,648,1,16.989999771118164
69632,528,1,50
16834,925,1,99
28318,4,1,343.04999923706055
62201,147,1,50
84754,190,2,78.07000160217285
93751,4,3,321.8399963378906
96161,892,1,89.22999954223633
82344,248,1,25
17080,410,1,17
83695,28,2,205.98999786376953
94810,119,1,71
38374,4,1,26.36000061035156
29546,561,1,15.949999809265137
18431,551,1,34.209999084472656
72334,978,1,183.39999961853027
60973,405,1,31.979999542236328
14378,882,1,23.989999771118164
5888,1000,1,62.9900016784668
5473,20,1,49.5
93705,406,1,49.950000762939446
73393,836,1,99.94999694824216
41199,579,1,69.4000015258789
3907,179,2,106.08000183105469
89483,1134,1,14.949999809265137
86151,630,1,360.9900016784668
28656,1134,1,109.29999923706056
8590,1215,1,191.95000076293945
73854,468,1,19.979999542236328
26675,39,2,259.5900001525879
75328,1828,1,11.489999771118164
91939,193,1,158
41245,1070,1,569.9499969482422
20933,226,1,126.9900016784668
25201,5,2,60.72000026702881
99032,15,1,10.9399995803833
33768,514,2,54.5
90957,30,1,57.630001068115234
223,5,1,117.5
70645,1339,1,59.5
65487,609,1,198
56244,336,1,29.640000343322754
55308,290,1,89
69417,112,1,8.979999542236328
1159,823,1,24.64999961853028
78122,333,1,39.9900016784668
66423,147,1,50
57810,243,1,79
54126,339,1,59.9900016784668
11092,356,1,64
67943,505,2,43.9900016784668
99324,1054,1,112
45467,103,1,25.290000915527344
2433,348,1,75
56536,742,1,34
66715,1300,1,14.399999618530272
23927,659,1,18.989999771118164
55354,141,1,234.94999694824216
44239,1193,1,46
43993,104,1,36.75
12812,581,1,32.18000030517578
46403,512,1,15.210000038146973
1205,325,1,154.95000076293945
44929,926,2,138.18999862670898
75972,1062,1,169
25032,26,1,110
78368,1592,1,63.929999351501465
67007,179,1,68
60558,147,1,903
52068,69,1,25
86028,56,1,25
77538,131,1,59.5
51853,1465,1,1088.9499969482422
66177,35,1,255.99000549316406
44408,508,1,66.95000076293945
21594,298,1,38.9900016784668
17893,268,1,49.9900016784668
57120,83,1,364.97000312805176
85338,985,2,82
20243,1324,1,53.9900016784668
10923,73,1,58.739999771118164
93167,330,2,111.93999862670897
16496,731,1,167.23999977111816
31481,351,1,52.989999771118164
35872,25,1,48
867,381,2,198.98999786376953
43532,349,1,110
12105,51,1,43.09000015258789
30130,512,1,59.950000762939446
20810,95,1,44.58000183105469
52729,1,1,13
60389,918,1,83.98999977111816
87210,5,1,60
50671,309,1,74
7883,387,1,54.950000762939446
17203,413,2,85.98999977111816
6134,1,1,49.9900016784668
93874,501,1,169.99000549316406
33353,278,1,24
14624,649,1,162.5
72626,333,1,59.400001525878906
29131,423,1,99.94999694824216
74790,207,1,13.989999771118164
20641,15,1,86.11000061035155
81239,203,1,14
81116,185,2,64
92600,1214,1,110
16190,793,1,20.989999771118164
38451,6,1,102.4900016784668
37146,233,1,150
25908,215,2,177.9900016784668
75849,185,1,66.55000305175781
41889,966,1,37
64611,620,1,25.989999771118164
84677,834,1,169.99000549316406
27382,660,1,17.989999771118164
70047,1308,1,44
74498,583,2,45.82000160217285
38743,1176,1,249.9900054931641
97220,30,1,253
49981,551,1,19.989999771118164
40784,298,1,449
7193,985,1,8.989999771118164
97097,359,1,11.989999771118164
85859,93,1,293.4499969482422
45006,4,2,222
84385,4,1,45.08000183105469
76725,330,2,204.98999977111816
67820,357,1,194.98000717163086
51255,10,1,80.9800033569336
57243,723,1,125.98999977111816
96207,659,1,53.109999656677246
78491,315,1,91.45000076293945
97973,105,1,24.989999771118164
31879,162,1,121.48999786376952
70276,219,1,59.9900016784668
98663,361,1,55.100000381469734
33645,585,1,90
81929,1736,1,185.16000366210938
14747,1322,1,42
18646,193,1,62
66254,386,1,48
74959,3,1,85.4399995803833
92706,113,1,65
67236,86,1,8.6899995803833
11215,33,2,99.9900016784668
20120,271,2,293.66000175476074
15145,619,1,85
32463,97,2,121.78999900817871
75251,150,1,124.7700023651123
30299,97,1,47.9900016784668
86612,1088,1,151
43824,847,1,15
47462,840,1,19.989999771118164
13671,662,1,15.989999771118164
90250,221,1,136.98999977111816
65364,148,1,48
81345,450,1,44.28000068664551
67528,395,1,27.950000762939453
11507,16,1,20
2018,905,1,74.9000015258789
3492,618,1,99
1328,626,2,360.5
14853,601,1,110.5
69002,60,1,54.950000762939446
86904,60,1,12
78199,1005,1,36
10525,298,1,74
89068,247,2,149.98999977111816
24050,215,1,150
21886,139,1,42.9900016784668
49091,1178,1,423.8999938964844
95454,1191,1,24
21700,1067,1,276.94000244140625
38680,156,1,329.989990234375
47170,710,1,25
37684,390,1,74.89999961853027
78474,115,1,66.5
34767,119,1,27.119999885559082
71335,228,1,29.989999771118164
37375,132,1,15.989999771118164
62845,1226,1,56.989999771118164
452,900,1,77.98999786376953
61849,1064,1,54
96805,632,1,22
99676,670,1,119
89666,950,1,9.5
92752,532,1,11.039999961853027
52789,1173,1,19.5
54710,242,1,170
853,806,1,75
23406,358,1,32.9900016784668
1849,275,1,231.0299968719482
6240,4,2,325.7699947357178
23097,259,1,88.5
2158,1225,1,130
57057,1165,1,116.89999771118161
99722,17,2,169.93000030517578
17478,230,1,16.950000762939453
44345,3,1,62
71813,333,1,41.9900016784668
41428,237,1,88
50256,666,2,286.9200019836426
91710,117,1,329
46343,642,1,49.950000762939446
76954,50,2,166.68999481201172
85444,563,2,175.47999954223633
74083,2,1,24.989999771118164
51484,1111,1,219.98999786376953
39158,19,1,63.4900016784668
2327,107,1,25.950000762939453
17647,13,1,135
43117,174,1,64.5
78952,433,1,39.9900016784668
59101,406,1,64.5
70462,1265,1,39.900001525878906
3847,517,1,163.88000106811523
86841,867,1,87.94999694824217
34982,806,1,25
21823,257,1,39.5
57458,612,1,58.950000762939446
33061,44,1,48
43071,220,1,41.579999923706055
85613,35,1,139.99000549316406
16267,377,2,54
20349,419,1,302
31587,607,1,308.48000144958496
2496,317,1,23.989999771118164
54309,271,1,86
65733,1393,1,38.5
98033,283,1,19.989999771118164
18706,73,1,84
69065,806,1,126.91999816894531
71982,560,1,79.98999786376953
44591,1016,1,63.58000183105469
60575,216,1,23.479999542236328
39373,109,2,263
90313,1036,1,38
575,552,1,52.450000762939446
93184,746,2,27.9399995803833
64843,1251,1,68
32234,488,1,112
95331,992,1,39.950000762939446
71936,1048,1,199.92000102996826
49214,511,2,345.790002822876
89589,527,1,181.9900016784668
51624,141,1,43
19015,366,2,195.74999713897705
7654,25,1,56.700000762939446
51561,44,2,65.19000244140625
39954,586,1,95.89000129699707
93230,29,2,187.59000301361084
62676,563,1,90
27966,50,1,13
31604,3,2,298.4099998474121
63323,392,1,69.94999694824219
20873,779,1,54.5
68481,270,1,56.94000053405762
47339,134,1,33.95000076293945
43011,27,1,54.9900016784668
15958,1042,1,11.489999771118164
74730,516,1,19.989999771118164
68587,458,1,46.9900016784668
53482,512,2,163.87000179290771
62095,57,2,229.65999507904053
73456,1515,1,49.5
87565,794,1,55
48613,301,1,26.989999771118164
3323,24,1,139.99000549316406
58700,1297,1,155.42000007629395
74684,711,1,33.86000061035156
52208,129,2,285.1099967956543
86091,284,1,56
29486,1100,1,348
21763,393,1,93.31999969482422
37452,151,1,41.400001525878906
10402,4,2,72.56999969482422
14730,113,1,61.2400016784668
95978,1546,1,66
19353,326,1,57.060001373291016
25845,292,2,82.45999908447266
59928,1393,1,27.989999771118164
14484,981,1,39.9900016784668
66961,25,1,77.4000015258789
42075,270,1,69.94999694824219
48567,753,1,92.94999694824216
12629,234,2,192.9900016784668
95869,1056,1,79.5
63569,265,1,59.5
67482,9,1,22
38099,87,1,25
66486,700,1,24.989999771118164
78059,124,1,54
16542,595,1,93.94000244140625
5965,81,1,89
45238,231,1,39.5
9403,190,1,151.97999954223633
53894,605,1,165
68003,1519,1,20.989999771118164
28424,600,1,19.5
27213,1,1,40.77999877929688
33877,547,1,35.33000183105469
17063,11,1,159.93999862670896
20764,192,1,192.6999969482422
70708,759,1,25
56121,4,2,84.5900011062622
26738,174,2,29.239999771118164
7176,3,1,47.989999771118164
99095,26,1,37.930000305175774
85029,97,1,281.98999786376953
14146,66,1,22
88730,93,1,88.8900032043457
48155,248,1,199
15377,55,1,135
17541,1270,1,22
19290,1019,1,18.979999542236328
66655,11,1,140.6899995803833
52420,249,2,260.939998626709
45928,1046,1,59.5
18016,561,1,107.4900016784668
63091,824,1,59
94395,224,1,20
50150,431,1,134.98999977111816
45281,47,2,250.98999214172363
99264,1541,1,89.98999786376953
47986,4,1,939.8800010681152
30651,79,2,58.75
1268,309,1,36.9900016784668
23990,159,2,123.68000411987305
10093,1353,1,19
63260,8,1,14.9399995803833
83818,214,1,9.989999771118164
34046,852,1,54.98000144958496
20595,868,1,65
14103,584,1,24
99138,813,1,9.989999771118164
9234,142,2,39.02999973297119
92646,673,1,165
19121,121,1,34.989999771118164
43180,280,2,153.94000244140625
97037,132,2,154.97999954223633
15789,17,1,25
14793,18,1,10.140000343322754
47508,491,1,153
35520,118,1,10.989999771118164
44176,107,1,85.31999826431274
39848,695,1,129.93999671936032
21932,57,1,32
58179,234,3,270.06999588012695
10571,777,1,232.33999824523926
26260,1210,1,81.7900037765503
11567,77,1,25
53957,51,2,82.9800033569336
5012,87,1,79.98999786376953
1680,44,1,189
33399,242,1,39.5
58285,1298,1,11.989999771118164
50319,273,1,99.98999786376952
43286,212,1,81
89898,544,1,33.19999980926514
69340,123,1,219.99000549316406
70877,181,1,35.959999084472656
72394,160,1,62
80807,139,1,323.3399963378906
46924,20,1,59
48982,642,1,46
5659,378,1,217.27999877929688
7823,726,1,39.9900016784668
44654,253,1,165.72999954223633
46818,612,1,44.450000762939446
21348,51,1,35
23512,402,2,146.98999977111816
58869,378,1,30
22822,995,1,106
81591,327,1,117.6500015258789
83755,131,1,45.43000030517578
75099,669,1,60
29655,12,1,38.950000762939446
38311,722,1,124.98999786376952
18494,646,1,55.200000762939446
87840,628,1,29.979999542236328
4428,1148,1,42
85676,101,1,63
36147,1141,1,39.9900016784668
77263,316,2,179.9900016784668
79427,247,1,14.5
31819,173,1,89.5
1574,304,1,65
73625,42,2,124.95000457763672
53067,11,1,49.97999954223633
62264,258,1,243
82281,1254,1,34
89314,493,1,10.199999809265137
78308,265,1,61.950000762939446
26443,345,1,23.450000762939453
32277,547,1,31.979999542236328
24451,1149,1,193.98999786376953
29360,1251,1,317.9900016784668
49257,632,2,107.09000015258789
25092,122,1,49.880001068115234
8112,1187,1,36.5
13731,35,2,47.9900016784668
62015,1816,1,903
99510,300,1,68.85999870300293
5241,185,1,81.47999954223633
15746,1095,1,83.75
10173,29,1,31.989999771118164
80346,164,1,172.1999969482422
3844,10,1,54.950000762939446
47737,849,1,47.9900016784668
96685,1054,1,147.98999977111816
81820,314,1,184
42782,204,1,69.41000270843506
96144,285,1,128
82361,182,1,97.97000122070312
41600,87,1,13
3721,437,1,70.9900016784668
23618,1006,1,27.989999771118164
57578,8,1,12.989999771118164
47173,219,1,36.9900016784668
76911,25,2,52.06999969482421
42828,48,1,63.989999771118164
33459,92,1,32.95000076293945
88272,42,3,91.33000183105469
36453,872,1,48.29999923706056
76247,942,1,45
25633,313,1,42
76788,9,1,82
65427,286,1,34.4900016784668
42287,341,1,163
98723,19,1,10
46217,201,1,129
77767,120,1,64
850,975,1,15.979999542236328
34810,175,1,149.99000549316406
12257,379,1,35
66947,708,1,16.969999313354492
88836,213,1,204
22390,101,2,175.40999794006348
79490,1324,1,35.5
2201,11,2,161
34292,781,1,115.5
13562,828,1,14.989999771118164
78826,811,1,2.950000047683716
78949,586,1,32.9900016784668
97203,584,1,39.7599983215332
15623,143,1,149
77721,304,1,86.5
24113,872,1,54.9900016784668
84219,44,1,44.239999771118164
92045,8,1,22.950000762939453
7548,65,1,28.780000686645508
92294,1395,1,144.9499969482422
77970,290,1,1015.180004119873
43346,1676,1,126.44000148773193
80887,63,1,29.989999771118164
85796,525,1,24.950000762939453
13608,953,1,102.9800033569336
36871,118,1,95
2247,1302,1,38.94999980926514
48029,1511,1,24
624,213,1,36
1345,298,1,119.98999786376952
57624,1056,1,59.5
38391,3,2,87.98999977111816
91999,186,1,56.95000076293945
69277,316,1,99.92000198364258
54707,694,1,70.90999984741211
26984,1548,1,11.119999885559082
41723,1155,1,36.880001068115234
36376,10,1,29.989999771118164
9068,452,1,135.67000007629395
75955,1546,1,29.989999771118164
22052,734,1,147.82000160217285
36917,1210,1,25
92540,72,1,84.98999786376953
41677,284,1,36
7302,377,1,30.989999771118164
7053,150,1,12.949999809265137
71979,702,1,107.59000015258789
49503,134,1,24
6715,67,1,42.9900016784668
17143,311,1,294.97000312805176
28301,79,1,279.10000133514404
62925,1557,1,29.96999931335449
82112,1077,1,77.94000244140625
59931,61,1,18
37896,1203,1,29.5
7007,754,1,32.9900016784668
9171,372,1,34
49549,1245,1,52.91999816894531
74435,3,1,29.989999771118164
63028,3,1,45
83340,44,1,50.9900016784668
51713,536,1,32.95000076293945
49798,1177,1,10
15420,1402,1,92
95683,100,2,178.07999801635742
39911,1420,1,39.5
28009,254,1,56.209999084472656
62633,1649,1,9.989999771118164
39616,12,1,67.69999980926514
70797,4,2,102.9900016784668
17189,1592,1,36.75
93519,305,1,32.4900016784668
94060,49,1,52
19058,854,1,55
84322,9,1,162.9099998474121
28550,496,1,49.5
28255,216,1,342.04999732971186
40157,334,1,33.970001220703125
6074,241,1,75
82699,827,1,17.100000381469727
82158,1159,1,365.9399995803833
17435,662,1,15.989999771118164
79885,156,1,59.9900016784668
26028,115,1,299.98999977111816
77893,245,2,205.68000030517578
94209,23,1,79
21949,83,1,152.9499969482422
38265,795,1,39.5
70233,861,1,24.89999961853028
13459,430,1,78
41182,19,1,79.42000007629393
67316,24,1,42.9900016784668
11278,621,1,32.9900016784668
19934,12,1,88
50857,906,2,345.0799980163574
83,1252,1,45
75022,4,1,46.9900016784668
97744,1291,1,36.9900016784668
43887,1310,1,49.43000149726868
52543,85,1,56.989999771118164
84511,9,1,273.77999782562256
92812,97,1,62.94999980926514
65135,494,1,10.760000228881836
70090,228,1,32
53774,572,1,67.95999908447266
68647,1568,1,25
95872,114,1,34.9900016784668
12626,640,1,84.94000053405762
46758,240,1,174.48999786376953
57827,1056,1,44.950000762939446
55414,176,1,39.9900016784668
31836,655,1,71.98999786376953
23346,414,1,50
42656,1224,1,145
74624,291,1,339
25510,31,1,39
34166,1478,1,234.47000694274905
13977,97,1,68.5999984741211
45802,26,1,124.88000106811523
34564,375,1,111.12999725341795
97910,144,2,47.780001640319824
12752,1637,1,73.7400016784668
26569,608,2,79.96999931335449
14667,92,1,301
87090,327,1,40
23495,80,1,11.989999771118164
35397,77,3,234.97000885009766
66775,1069,1,49.880001068115234
46466,210,1,25
21408,380,1,218.52000045776367
33233,893,1,25
79367,52,1,89.98999786376953
65842,630,1,141.5
13857,731,1,86.47999954223633
20767,6,1,65
1955,270,1,50.400001525878906
33874,328,1,81.9000015258789
13193,255,1,41.290000915527344
56473,64,1,19.989999771118164
90728,441,1,176.67000007629395
13316,1356,1,76.20000076293945
27196,1016,1,386.12001037597656
31524,937,1,154.9900016784668
40429,80,1,24.989999771118164
30777,91,1,169
88962,356,1,15
48693,203,1,19
10276,602,1,29.989999771118164
61677,215,1,131.22999954223633
29211,217,1,59
65699,378,1,19
69941,144,1,25
9586,955,1,57.00000190734863
98308,59,1,129.9499969482422
98849,1026,1,99
60495,1520,1,197.9900016784668
6638,80,1,36.66999959945679
8802,1173,1,109.97999954223633
69400,85,1,158
52082,18,1,75
15543,137,1,129
39098,135,2,132.95000076293945
50167,287,1,75
389,316,1,25
6887,61,1,18.89999961853028
58580,338,1,59
49918,49,1,27
36791,223,1,240.13999938964844
6489,134,2,236.5
17850,192,1,29.5
21637,651,1,25
8653,53,1,51.950000762939446
28670,28,1,98.75
82284,566,1,114.89999771118164
96742,788,2,76.5
6346,858,1,12.989999771118164
92414,417,1,265.98999786376953
13920,128,1,58.98000144958496
20163,1389,1,25
85922,359,1,29.979999542236328
97,35,1,12.729999542236328
40970,376,1,14.479999542236328
38557,219,1,25.989999771118164
83758,926,1,903
4182,1117,1,74.94000244140625
27737,296,1,79.5
29901,227,1,146.5
40721,1300,1,24.950000762939453
75494,177,2,45.45000076293945
7820,24,2,64
37624,353,1,7.989999771118163
39247,10,1,59.95000076293945
5656,134,1,39.9900016784668
28378,625,1,284.4800052642822
27886,744,1,158.5
50608,81,1,257.4900016784668
80134,14,1,131
30190,86,1,19.5
16791,256,1,119.19000244140625
83051,71,1,9.989999771118164
29194,901,1,93.69999885559082
33107,126,1,139.0300006866455
13874,470,1,179
34103,553,1,108.14999961853027
8942,448,1,38
12901,72,3,106.93000030517578
4411,59,1,79
7946,121,1,68
23266,321,1,31.989999771118164
85089,28,3,588.8599996566772
43472,3,1,72.37000274658203
90499,290,1,32.9900016784668
34149,2,1,12.75
56871,226,1,43.94999980926514
6426,129,1,42
18829,296,1,34.9900016784668
39559,35,1,98
2513,188,1,6.5
7422,1295,1,85
94412,42,1,31.989999771118164
61803,260,1,69.85000038146973
498,198,1,32.9900016784668
41073,987,2,200.0499973297119
78119,937,1,58
73164,58,1,165.9200038909912
12855,991,1,58.34000015258789
6904,740,1,49.9900016784668
66758,107,1,126.7400016784668
77123,1705,1,32.95000076293945
45009,917,1,20.989999771118164
68232,152,1,70
96287,9,1,24.989999771118164
48922,26,1,17.149999618530273
7468,1074,1,50
59742,109,1,65
42994,573,1,25
86446,239,1,29.989999771118164
46984,867,1,244.8699951171875
9821,286,1,25
27674,697,1,78.63000202178955
88438,103,1,69.90999984741211
18311,293,1,49.989999771118164
83569,513,1,135.4000015258789
69111,391,1,4.989999771118164
73024,494,2,121.98999977111816
84926,86,2,211.06000137329102
8424,733,1,48.650001525878906
48381,664,1,46.950000762939446
92892,101,1,52.950000762939446
4488,1021,1,14
5029,67,1,179.99000549316406
92351,44,1,260.44000244140625
39018,374,1,62.9900016784668
34690,519,1,435.5
92875,47,2,39.72000026702881
88547,483,1,115.5
32769,164,1,248.06999969482422
76559,110,1,38.739999771118164
73642,295,1,44.880001068115234
96373,1336,1,97.87999725341795
65152,11,2,156.38000106811523
23283,583,2,57.99000000953674
24279,878,1,39.9900016784668
6409,238,1,28.989999771118164
1454,86,1,7.349999904632568
48859,606,1,145.16000366210938
41033,27,1,71.94000148773193
97807,516,1,31.989999771118164
34644,53,1,14
99908,30,1,57.69000053405762
16250,474,1,113
38972,830,1,25
46051,1032,1,8.989999771118164
11922,146,1,15.989999771118164
49901,32,2,123.46000099182129
79656,505,2,153.70999908447266
18265,151,1,124
96513,558,2,82.47000122070312
60266,477,2,154.97999954223633
72623,1095,1,14
61262,1101,1,10
83529,1145,1,82.98999977111816
82988,930,1,44.55000019073486
12964,844,1,13.3100004196167
58746,344,1,39
47588,110,2,67.52000045776367
76645,645,1,70.93000030517578
17292,306,1,166.99000549316406
11043,854,1,67.19999694824219
58408,20,1,110.48999977111816
561,60,1,52
10800,13,1,59.5
8879,455,1,8.989999771118164
26137,1507,1,60
26340,14,1,63.7400016784668
32291,122,1,29.989999771118164
33170,526,2,256.5900020599365
12815,491,1,14.989999771118164
82009,68,1,87.94999694824217
63615,231,1,16.299999237060547
88501,3,1,159.9399995803833
9420,79,1,98
84863,654,1,438.9900016784668
91355,545,1,33
33522,11,1,65
90296,989,1,144.48000144958496
36439,494,1,254
25862,182,1,47.950000762939446
37435,158,1,120.93000221252441
78723,3,1,272.98000717163086
79719,33,1,28
3618,1002,1,158.27000427246094
19104,1427,1,29.950000762939453
57687,80,1,24.989999771118164
50027,106,2,177.95000076293945
42367,229,1,82.97999954223633
66343,418,1,25
13270,30,1,99.98999786376952
69048,246,1,53.150001525878906
77704,4,1,154.97999954223633
30817,223,1,158
67362,307,1,40
48796,77,2,90
2599,306,1,14.649999618530272
56456,422,1,34
5845,517,1,101.41999816894531
84674,127,1,72.5999984741211
26074,1130,1,44.9900016784668
39144,1132,1,12.630000114440918
55460,19,1,21.559999465942383
47800,444,1,163
44883,60,1,133.5
14501,175,2,96.13000106811523
13505,22,1,127.5
23157,121,1,66.98999786376953
98740,287,1,18
41136,156,1,89.98999977111816
31484,85,1,121.23999786376953
74787,881,1,81.71000003814697
38454,1387,1,224.97000122070312
34212,70,2,79.98000144958496
28089,161,1,40.180000305175774
36745,599,1,51.1599998474121
17896,560,1,38.44999980926514
34753,59,1,25
10236,26,1,41.880001068115234
12486,67,1,182.56000423431396
19888,1651,1,34.97999954223633
77492,239,1,54.84999847412109
27548,3,1,56
61176,19,1,134.99000549316406
46114,89,1,110
49337,78,1,12.970000267028809
60157,3,1,343
99281,138,1,61.150001525878906
96702,715,1,39
16877,24,1,154.0999984741211
92766,42,1,10
38125,126,1,24.950000762939453
15975,419,1,39.9900016784668
90602,441,1,13.75
47322,1759,1,250
72749,207,1,52
94561,176,1,100
88610,272,1,31.190000534057617
85905,1070,1,128
64783,785,1,69.8700008392334
91982,362,1,10
86031,256,1,11.989999771118164
39599,1017,1,49.5
16038,197,1,39.450000762939446
42931,114,1,170.93999862670898
19370,327,1,58
89128,3,1,85
88132,355,1,24.96999931335449
22287,14,1,42
93456,1114,1,18
2450,15,1,38.9900016784668
15434,233,1,258.75
11106,100,2,168
71212,93,1,3.990000009536743
91143,252,1,393.9900016784668
60847,53,1,83.94999694824217
47863,268,1,49.5
64179,704,1,35
98803,397,1,19.950000762939453
9005,32,3,578.5
62862,3,1,209
435,48,1,13.789999961853027
25321,244,1,25
46632,7,1,23
54292,637,1,99.5
28716,761,1,20
17355,288,1,32.779998779296875
53602,553,1,31.989999771118164
25384,61,1,18
63340,191,1,29.840000152587887
21683,726,1,64.93000030517578
12400,1121,1,19.979999542236328
30253,1173,1,44
44319,605,1,95
63489,576,1,89.94999694824217
48341,15,1,49.9900016784668
61325,453,1,33.880001068115234
65653,1793,1,49.9900016784668
59161,427,1,64.92999839782715
8464,218,1,201.98999977111816
93001,95,2,117.89999961853027
87591,204,1,57.9900016784668
29028,262,3,56.96999931335449
13376,96,2,194.0000057220459
48925,179,1,68
16293,1302,1,13.729999542236328
3558,604,1,72.0999984741211
21889,7,2,109.4900016784668
82862,334,1,69.5
54521,203,1,57.9900016784668
30402,1041,2,79.57999992370605
58789,751,1,48
20492,734,1,194.8600006103516
31899,881,1,125.95000076293945
68776,315,1,68
75769,1761,1,34.9900016784668
53147,302,2,94.4000015258789
4863,59,1,24.979999542236328
47528,922,1,69.5
13568,3,1,16.829999923706055
72898,1050,1,184.5
16124,732,1,31.989999771118164
6383,263,1,40
97117,407,2,39.45000076293945
50084,1,1,62.9900016784668
85633,796,1,46.05999946594238
40266,185,1,118.75
26280,1493,1,89.94999694824217
70296,81,1,297
92772,315,1,28.050000190734863
74249,586,1,14.06999969482422
27631,32,1,31.579999923706048
63134,467,1,40
60140,1112,1,108
94100,578,1,54
29151,325,1,11.489999771118164
17498,231,1,73.70999908447266
28982,477,1,92
30233,234,1,25
85587,32,1,31.989999771118164
62865,179,1,79.93000030517578
72852,499,1,19.589999675750732
27677,12,1,52.950000762939446
74203,507,1,148.5
50399,390,1,110.0999984741211
61514,983,1,27.989999771118164
51481,354,2,183.94999980926514
60432,1492,1,27
20200,367,1,63
22204,12,1,29.39999961853028
43014,1262,1,26.489999771118164
47674,89,1,18.989999771118164
69812,417,1,328.9300003051758
39184,754,1,138.45000076293945
51919,221,1,30.780000686645508
4786,166,2,104.3799991607666
61345,1119,1,35
91690,1122,1,39.950000762939446
57515,529,1,126.28999900817871
82985,1331,1,74.48999977111816
35875,424,1,80
956,727,1,91.93000030517578
21766,124,1,45.9900016784668
73167,658,1,89.93999671936035
7903,430,1,11.989999771118164
93018,377,1,129
20246,77,2,409.9799995422363
74687,158,1,148.99000549316406
90170,4,1,286
34309,126,1,44
91252,119,3,145.32999801635742
42968,66,1,3.990000009536743
54621,443,1,19.989999771118164
8095,132,2,104.5
32981,310,1,95
92580,420,1,24
69858,127,1,163
20638,421,1,30.600000381469727
70250,118,1,35
64262,446,1,44.47999954223633
54667,84,3,92.97999954223633
87376,656,1,76.5
78471,2,2,233.5099949836731
65736,358,1,75
57661,74,1,82.9800033569336
32191,197,1,36.9900016784668
34355,143,1,131.77999877929688
47090,451,1,19.950000762939453
472,1315,1,44.950000762939446
68730,871,1,70
23286,97,1,23
97455,2,1,25
81073,688,1,66.12999725341797
13645,31,1,37.77000045776367
44488,676,1,99
25842,676,1,125.97999763488768
34793,368,2,201.41999626159668
2038,58,1,115.88999938964845
34455,993,1,95
10651,681,1,14
99719,135,1,28
57123,366,1,24.950000762939453
35975,691,1,54.970001220703125
24322,850,1,38.9399995803833
87422,78,1,150
12171,368,1,72
78517,711,1,19.989999771118164
77435,68,1,1106.9500007629395
88504,60,1,38.9900016784668
43452,264,1,29.989999771118164
10943,307,1,15.100000381469728
98683,88,1,41.66999912261963
66174,30,1,105.59999847412108
35829,262,1,125.78000068664551
76207,974,1,132.66000366210938
78371,1128,1,95.23999977111816
910,87,1,38.5
57223,516,1,77.1200008392334
91060,132,1,33
18036,1583,1,48.869998931884766
90462,132,2,54
24368,65,1,88
5799,392,1,32.95000076293945
69735,1046,1,40
54083,1228,1,86
66818,684,1,49.5
8218,152,2,256.5
8716,940,1,83.4000015258789
69214,283,1,78.89999961853027
20100,431,1,69
12938,1221,2,105.53000068664551
94684,331,1,49.9900016784668
16731,838,1,39.9900016784668
95182,404,1,89.95000076293945
3120,593,1,170.27999877929688
74833,698,1,19.989999771118164
19602,1032,1,231.94999980926514
1079,1036,1,35.9900016784668
2622,923,1,295.60999870300293
10897,627,1,119.98999786376953
15165,338,1,24
14504,97,1,56.59999847412109
27239,679,1,74.9900016784668
61030,584,1,44.5
57784,1140,1,109.93999862670898
89417,298,1,47
29466,716,3,247.97999954223633
36536,74,1,39.950000762939446
84820,1263,1,64.98999786376953
71086,490,1,73
32835,45,1,65
36413,505,1,19.989999771118164
62098,1634,1,12.130000114440918
93708,109,1,144.3299970626831
93210,22,1,55.97999954223633
64070,41,1,99.94999694824216
46592,951,1,204.97999572753906
8547,232,1,8.949999809265137
42009,699,1,82
50837,791,1,55.989999771118164
57976,395,2,209.98999977111816
16854,248,1,30
63257,244,1,109.9499969482422
65421,9,1,59.9900016784668
49148,822,1,65.66000366210938
25344,5,1,276.48000144958496
5991,344,1,104.98999786376953
72085,289,1,36
27900,79,1,101.97999954223633
84505,21,1,69.5
30064,174,1,179.96999740600586
62473,846,1,258.97999572753906
16562,2,1,295.95000076293945
39284,41,3,112.96999931335449
85195,1157,1,170.9699993133545
59227,487,1,27.5
89211,260,1,215
44757,273,1,25
6552,1,1,28.239998817443848
23117,63,1,42.9900016784668
76476,1171,1,217.64999771118164
80306,711,1,124.5
32022,541,1,21.989999771118164
40927,46,1,41.9900016784668
66503,101,1,99.98999786376952
85026,5,1,64.93000030517578
88819,178,1,62
55228,110,1,66
87253,1109,1,182.5999984741211
38308,598,1,170
74518,582,1,111.75
46715,1077,1,46
88335,1063,1,98.9800033569336
46323,4,2,686.2699851989746
87943,235,1,278.88000106811523
72291,97,1,169.98999786376953
1285,142,1,130
12732,384,1,32.619998931884766
67963,476,1,133.98999977111816
28384,3,1,51
30940,525,1,160
48003,1223,1,25
2553,358,1,41
77558,755,1,10.630000114440918
99198,1297,1,36.5
88627,1063,1,49.989999771118164
24199,22,1,60
36834,455,1,307.63999938964844
45447,303,1,82.79999923706056
11856,341,1,65
2161,321,1,93.98999786376952
32506,1735,1,20.989999771118164
80114,663,1,48
25965,648,1,23.989999771118164
64923,247,1,185
82278,1375,1,10.6899995803833
21643,70,1,42.96999931335449
48295,403,2,326.9499969482422
2851,129,1,125
1179,389,1,59.9900016784668
46131,1199,1,34.5
25573,159,1,36.5
23409,798,1,99
79330,1792,1,395
2951,539,1,81.9900016784668
787,1081,1,49.5
45739,578,1,65.69000053405762
67379,235,1,109
99888,63,1,171
26755,64,1,15
14206,426,1,176.9900016784668
32443,607,2,139.9499969482422
4388,838,1,319
87628,41,1,426.9799997806549
79470,958,1,128
90545,517,1,89.97000122070312
57913,583,1,62.9900016784668
82387,488,1,79.98999786376953
46838,42,1,58.989999771118164
26609,246,1,103
47857,3,1,313.5
80489,481,1,9.050000190734863
83360,963,1,212.93999671936032
8610,759,1,46
94744,76,1,49
7090,208,1,89.89000129699707
62112,1310,1,42.5
19493,830,1,229
69105,14,1,6.929999828338623
12500,753,1,55
90353,81,1,54.9900016784668
56516,4,1,9.93000030517578
68086,53,1,25
35454,14,1,69.9000015258789
50774,126,1,9.989999771118164
82218,456,1,49.5
97538,42,1,58
6804,18,1,48.97999954223633
16954,403,1,22
39436,793,2,174.42000198364258
78969,3,1,60
28338,4,1,42.950000762939446
79616,1070,1,1.5
12354,423,1,123.67999839782715
4534,398,2,157.98999786376953
94936,156,1,33.150001525878906
93725,952,1,27.1200008392334
96264,1,1,108.5
69798,1219,1,45.79999923706055
76413,784,1,50.38000011444092
86108,459,1,13.229999542236328
42384,148,1,14.970000267028809
36974,659,1,59.489999771118164
46884,42,1,22.989999771118164
76098,310,1,73.41999816894531
4342,1467,1,361.1999969482422
92251,147,1,95.95000076293945
31046,1051,1,104.94999694824219
85072,1726,1,49.9900016784668
48358,239,1,23.989999771118164
14398,374,2,120.4000015258789
20890,1523,2,118.27999877929688
76244,731,1,198
59496,83,1,27.3100004196167
3718,23,2,281.8199977874756
1394,471,2,283.439998626709
81717,1059,1,10
13797,76,2,499.48999977111816
73559,11,1,51.989999771118164
35437,43,1,9.399999618530272
8733,721,1,117.5
1786,441,1,25
56685,142,1,164.92999839782715
96018,462,1,88.47000312805176
93917,992,1,149.99000549316406
65530,322,2,138.88000106811523
77933,809,1,181.5
66612,23,2,524.5
94999,343,1,36.7400016784668
96327,153,1,7.5
79015,1227,1,100
95826,109,1,69.5
49300,350,1,65
99327,429,1,12.270000457763672
49692,108,1,58
24966,330,1,48
34249,625,1,36.5
34999,514,1,20
74578,706,1,20
31693,1359,1,59.5
76307,59,2,228.95999908447266
56831,1147,1,119.95000267028809
74143,84,1,36
38185,159,1,159.9499969482422
76745,166,1,88
9815,160,3,93.57000064849854
59433,102,1,115.82999992370605
11481,367,1,89.94999694824217
55105,915,1,86.11000061035155
17827,708,1,47.9900016784668
15417,164,2,91.96999931335449
32729,5,1,22.989999771118164
16745,262,2,124.32999992370604
79599,243,1,54.170000076293945
81763,53,1,43.310001373291016
33811,237,1,24.989999771118164
16499,28,1,35
11335,156,1,24
39221,91,2,174.98999786376953
8779,95,1,119.98999786376952
96519,455,1,34.310001373291016
15271,1480,1,139.99000549316406
9861,812,1,154.98999977111816
32583,1563,1,375
36665,720,1,20.5
36911,1820,1,69.98999786376953
97601,685,1,25
24700,180,4,675.1799983978271
30439,732,1,195
86715,921,1,11
7886,1753,1,48
86217,150,1,7.989999771118163
21783,431,1,163.89999771118164
57332,261,1,29.5
54913,1669,1,205.98999786376953
83798,1163,2,257.9900016784668
1554,4,1,148.99000549316406
40518,741,1,29.40999984741211
44740,87,1,79.98999786376953
3452,471,2,120.61999893188477
12108,282,1,198
36084,200,1,12
19270,67,2,35
51687,1163,2,178.87000274658203
62550,6,1,57.9900016784668
26217,671,1,63.79999923706055
249,286,1,504.9799976348877
94352,722,1,9.260000228881836
43031,25,1,35
44050,18,1,98
61531,1276,1,16
64777,514,2,127.96000099182129
70187,837,1,64.98000144958496
97080,781,1,80.98999977111816
73104,429,1,154.22999691963196
2244,1306,1,90
22802,261,1,21.950000762939453
43200,1302,1,24.64999961853028
54412,18,2,157.89999961853027
80054,632,1,212.92999839782715
87044,1252,1,20
27946,454,1,64.94999694824219
21952,79,1,79.98999786376953
62742,750,1,115.98999786376953
2476,689,1,37.900001525878906
28444,79,1,69.95000076293945
41992,1393,1,74.98999977111816
59304,702,1,32
34830,478,1,12.640000343322754
7196,154,1,230.9000015258789
75852,15,1,92.5
38056,276,1,48.94000053405762
12088,465,1,79.5
18580,216,1,34
14644,154,2,357
75162,819,1,25
78580,25,2,148.45000076293945
54604,375,1,46
49194,1281,1,97.0099983215332
71916,538,1,119.98999786376952
80223,98,1,21
85962,1318,1,14.989999771118164
9944,130,1,108.48999977111816
56058,141,1,17
17106,51,2,16.489999771118164
23555,752,1,30.479999542236328
38746,54,1,114.98999977111816
64714,745,1,181.6599998474121
45693,713,1,12.489999771118164
6243,149,1,105.79999971389769
45195,934,1,19.950000762939453
35912,23,1,25
9254,283,2,107.95000076293945
71269,352,1,9.989999771118164
24743,354,2,92.93000030517578
63695,49,1,19.989999771118164
10336,1158,1,53
66941,649,1,14.9399995803833
14664,180,1,69.5
81242,877,1,11.029999732971191
82324,898,2,197.5
89271,668,1,20
63303,168,1,133
92517,60,1,24
85570,79,1,49.950000762939446
77996,1021,2,113
98554,164,1,19.989999771118164
67631,821,1,41.060001373291016
45991,135,1,137.9799976348877
89463,153,1,33
16479,658,1,250
22473,190,1,69.98999977111816
1331,55,1,82.9000015258789
44611,47,1,10.3100004196167
20309,289,1,36.880001068115234
48441,544,1,55
26801,195,1,32.9900016784668
22971,551,1,12.5
68607,1351,1,14.590000152587892
66443,1381,1,59.950000762939446
42639,199,1,75
46967,72,1,92.98000144958496
43721,401,1,101
87691,247,1,15.289999723434446
66051,52,1,77.94999694824217
94183,14,1,62
64969,357,1,52.920000076293945
95265,990,1,85
2115,957,1,79.98999786376953
90937,159,1,29.989999771118164
67133,1011,1,35.939998626708984
92019,205,1,69.95000076293945
63887,154,1,27.989999771118164
74063,17,1,12
95952,27,3,206.92000007629395
58411,8,2,59.97999954223633
91043,195,1,338
30047,61,1,45.43000030517578
14395,634,1,25
39201,500,1,39.450000762939446
82530,654,2,102.9300012588501
47027,325,2,69.77000045776367
57724,192,1,54.900001525878906
62679,786,1,6.949999809265137
7448,441,1,34.9900016784668
6569,1083,1,183.5
72712,120,1,77.4900016784668
15274,857,1,267.1600036621094
12403,51,1,41.810001373291016
22221,1112,1,33.15999984741211
97303,1048,1,49.5
87485,1140,1,55.5
18832,1222,1,22.540000915527344
63366,4,1,20.89999961853028
30734,296,1,46.9900016784668
86088,3,1,38.5
1852,230,1,131
25825,445,1,55
97990,604,1,47.9900016784668
13754,13,1,25
64199,3,1,69.4000015258789
20824,139,1,68
32085,880,1,57
76742,93,1,65
15228,756,1,283.98000144958496
32208,18,2,197
27130,2,1,212.9499969482422
64840,202,3,139.3100004196167
97349,321,1,69.9800033569336
46509,358,1,27.950000762939453
8968,356,1,70
35689,1178,1,162.60000610351562
99387,480,1,49.5
56937,1249,1,94
1491,771,1,141.08999824523926
77103,349,2,184.07999897003174
45553,64,1,199.94999694824216
2178,331,1,55.950000762939446
23741,1065,1,21.89999961853028
97664,196,1,6.639999866485596
455,296,1,88
68793,292,1,119
56891,347,1,13.989999771118164
65719,37,2,121.94999885559082
35079,161,1,28
67711,935,2,110.98999977111816
99433,1024,1,16.600000381469727
44989,310,1,169.99000549316406
24259,1800,1,127.94999694824217
77621,1364,1,103.93000030517578
55168,1103,1,145.98999977111816
44674,84,1,59.950000762939446
89792,121,2,49.85000038146973
81966,931,1,49.5
39516,16,1,36.9900016784668
88049,38,1,109.98999786376952
30611,8,1,149.99000549316406
22785,41,1,117.97999954223633
47591,774,1,36
68544,408,1,19.989999771118164
60718,305,1,441
31049,191,1,155.84999656677246
409,366,2,57.94000053405762
65673,133,1,223
3575,485,1,22.5
55855,31,1,21
51859,257,1,54.970001220703125
86483,240,1,144.81999969482422
44033,350,1,34
17,1209,1,32.95000076293945
21657,87,1,39.9900016784668
16997,776,1,99.98999786376952
90920,120,2,78
22739,614,1,171.95000076293945
74186,934,1,129.99000549316406
62284,284,1,39.9900016784668
9755,1216,1,270.9900016784668
47983,20,1,13
91312,53,1,117.5
68590,108,1,125.37000274658205
86529,3,1,128
21265,580,1,59.5
64153,737,1,19.989999771118164
6964,292,1,19.89999961853028
70064,556,1,175
16794,121,2,218.75
42513,112,1,115.3000030517578
4800,407,1,155.98999977111816
64402,334,1,192.94000244140625
30170,64,1,269.9400005340576
92440,477,1,22.989999771118164
71630,326,2,91.01000356674194
74581,1012,1,40
43154,418,1,55.1599998474121
6366,819,1,13.600000381469728
98385,647,1,50.70000076293945
48816,216,1,47.97999954223633
85009,63,1,84.45999908447266
4846,3,1,189
17830,15,2,153.9499969482422
7010,836,1,89.9799976348877
39470,60,1,25.5
82012,1124,1,278.38999938964844
29732,536,1,79.5
84568,185,1,118
51026,570,2,70.98000144958496
61846,776,1,110.07999610900879
73748,866,1,81.9000015258789
92191,1234,1,84
7402,1876,1,32.5
45427,65,1,24.13999938964844
54415,262,1,127.5
13957,724,1,79.98999786376953
82968,297,1,34.9900016784668
58162,420,1,12.989999771118164
43861,248,2,327.6499938964844
4282,357,2,196.5
53064,402,1,29.96999931335449
25387,223,1,163.89999961853027
66675,405,1,72
53207,1416,1,98
68026,1069,1,24.989999771118164
6177,505,1,208
11919,762,1,9.949999809265137
56124,771,1,51.06999969482422
18583,192,1,35.9900016784668
20575,1165,1,16.239999771118164
65109,328,1,99.7400016784668
2931,10,1,98.40999984741211
59370,574,1,16.989999771118164
36081,970,1,62
10445,331,2,319.9800033569336
46778,570,2,105.28999710083006
38122,34,1,9.949999809265137
19101,76,1,1221.6199951171875
10568,1012,1,42
93476,112,1,25.989999771118164
19224,190,1,52
99951,202,1,41.9900016784668
97787,1490,1,50
10711,1115,1,11.949999809265137
69921,763,2,115.1500015258789
65470,1434,1,24.989999771118164
31959,387,1,11.350000381469728
78577,17,1,134
13485,5,1,56.989999771118164
67193,985,2,128.98999977111816
79267,243,1,19.989999771118164
90087,685,1,73.8199987411499
87359,1087,1,35.9900016784668
88441,434,2,320.92000007629395
99261,209,1,125
90605,131,2,30.979999542236328
14959,532,1,327.9499969482422
14710,812,1,147
84883,101,1,293.98999977111816
23615,523,1,49.209999084472656
1975,744,1,36
36350,323,1,121.98999977111816
76868,9,1,16.280000686645508
19430,1699,1,93.48999786376953
23223,1026,1,55.59000015258789
15102,866,1,109.93999671936032
63884,145,1,98
44863,39,1,84
66552,169,1,151.4300022125244
84491,3,1,47.950000762939446
79536,143,1,10
97475,913,1,119.9499969482422
11401,1307,1,68.27000045776367
33731,307,1,10.020000457763672
20747,56,2,37.89999961853027
29403,606,2,89.98999786376953
32898,207,1,261.86000061035156
57206,574,1,62
64027,16,1,274
51292,30,1,66.5
55371,347,1,79.94999694824217
91830,27,1,598
22974,290,1,68
14269,716,1,56.08000183105469
20306,1703,1,20
66881,93,2,53
34372,791,1,29.989999771118164
71664,977,1,16.950000762939453
61926,233,1,31.989999771118164
5613,1106,1,53
58680,169,1,185
75394,641,2,73.81000137329102
15792,610,1,14.989999771118164
88129,89,1,24.989999771118164
26612,12,1,85
83801,340,1,14.989999771118164
86214,241,1,69.43000030517578
39596,869,1,99
13628,701,1,40
97034,89,1,27.799999237060547
72981,1160,1,350.61999893188477
18348,224,1,39
64966,619,2,253.97999954223633
16184,92,1,318
38998,384,1,56.98000144958496
7528,244,1,32
51982,749,1,96.64000129699707
62802,978,1,98
75786,123,1,49.950000762939446
86606,107,1,182.98999977111816
3200,71,1,64.8799991607666
60638,39,1,130.99000549316406
91232,61,1,39.880001068115234
81494,77,1,55.950000762939446
95560,78,1,79
84740,763,1,107.38000011444092
96642,129,2,164.9300022125244
94478,789,1,40
83658,1047,1,9.989999771118164
80412,140,1,25
7637,896,2,102.39999675750731
37352,383,1,25
74893,369,2,115.9799976348877
79802,54,1,137.83999919891357
92205,1688,1,56.19999885559082
55683,522,2,85
13565,663,3,171.4900016784668
38371,402,1,100.9799976348877
89194,505,1,19.979999542236328
78829,912,2,169.99000549316406
41242,285,1,423.5
40223,1221,1,383
6758,12,1,240.98999977111816
93084,282,1,27.950000762939453
44159,1243,2,304.20000171661377
71836,806,1,99.98999786376952
83738,359,1,131.94000244140625
89148,981,1,300
78783,964,1,59.970001220703125
73373,11,3,98.40000057220459
45679,19,2,126.98999786376952
4219,115,1,284.98000717163086
97615,676,1,8
86795,614,2,61.94000053405762
62991,79,2,44.95000076293945
52171,544,1,158
5221,226,1,27.8799991607666
42779,240,1,54
51607,690,1,116.9000015258789
34295,351,1,60
8155,216,1,54
18975,358,2,73.98999977111816
26469,1480,1,54.9900016784668
40787,130,1,99
73419,282,1,77.57999801635742
25467,1411,1,66
59619,9,2,124
15085,945,1,31.989999771118164
65029,1616,1,59.5
11667,12,1,236.44000625610352
26987,102,1,46.5
49709,969,1,19.5
4265,260,1,125.87000274658205
30923,271,2,67.5
53645,650,1,32.980000495910645
3701,37,1,143.38999938964844
15603,481,1,36
91687,114,1,51.89999961853027
59055,1373,1,150
63555,1296,1,59.5
86277,32,1,51.96999931335449
83721,504,1,16
18457,127,1,25
30860,1005,1,44
31441,6,1,27.729999780654907
95686,77,2,431.5
16559,392,1,39.9900016784668
26924,7,1,94
39705,317,1,118.36000061035156
74329,971,1,32
52689,927,1,20
30422,60,2,129.2200002670288
13250,3,1,44.9900016784668
86592,5,2,64.07999992370605
95577,70,1,71
65344,487,1,97
61016,786,1,256.54999923706055
87611,6,1,40
36270,31,2,71.40999984741211
25450,576,1,155
85212,243,1,48
21122,536,1,98.97000122070312
53582,1431,1,28
74392,28,1,23.989999771118164
57472,819,1,36.950000762939446
21514,820,1,542
18520,204,1,19.989999771118164
32334,48,1,40.9900016784668
90276,464,1,29.940000534057617
34498,31,1,15.989999771118164
45318,521,1,16.989999771118164
4202,732,1,49.950000762939446
96078,359,2,124.44000053405762
63618,5,1,64.8700008392334
2682,390,1,9.949999809265137
38388,596,1,72.5
32978,64,1,160.70000076293945
31896,212,1,323
26486,453,2,87
67946,739,1,296
80930,1110,1,42
9174,688,1,168.9800033569336
85258,419,1,29.950000762939453
81322,559,2,94.98999977111816
64010,562,1,34.9900016784668
70502,40,1,147.64999961853027
11730,124,1,55
75912,41,1,62
4156,630,1,7.980000019073486
46698,773,1,58.97999954223633
10648,372,1,105.86000061035156
74830,520,1,26.989999771118164
26360,178,1,87.94999694824217
17704,17,1,84.5
9048,229,1,104.9499969482422
82138,481,1,117.36000061035156
29277,22,1,83.5
79221,374,1,6.920000076293944
11965,1260,1,77.94999694824217
50525,764,1,45.83000183105469
74501,259,1,25
69546,623,1,72
52234,453,1,24.559999465942383
33213,1704,1,46.950000762939446
94495,151,1,34
63117,255,1,32.439998626708984
95749,239,1,19.989999771118164
54461,378,1,39.5
98431,833,1,140.6999969482422
81119,14,1,30.989999771118164
26031,185,1,59.950000762939446
75975,688,1,62
93287,27,2,134.9799976348877
51999,855,2,76.14999771118164
41179,1343,1,22.96999931335449
71255,69,1,69.94999694824219
38623,875,1,48
24133,767,2,38.97999954223633
53771,95,1,102.9399995803833
21969,512,1,25
36459,5,1,79.98999786376953
50791,20,1,115.96999931335449
2101,651,1,25.5
28069,507,1,195.95000076293945
24823,1540,1,76.98999786376953
9503,99,3,260.23999977111816
4093,1468,1,25
847,663,1,229
7511,1666,1,77.98999977111816
42135,4,1,279.46999740600586
39971,135,2,58.45000076293945
14003,303,1,19.989999771118164
48627,345,1,74
22659,312,1,68.5999984741211
19413,946,1,78
5347,975,1,47
13439,44,1,219.6500015258789
66629,9,1,50
30751,823,1,32.9900016784668
46071,845,2,64.85999870300293
75285,613,1,89
37415,24,1,9.319999694824215
14521,29,1,164.5
40661,45,1,115.89999961853027
43907,189,1,12.510000228881836
54727,760,1,98.5
47153,149,1,6.989999771118164
22095,659,1,12.989999771118164
28587,311,1,89.98999786376953
59745,278,1,28.93999981880188
85713,96,2,40.0600004196167
6884,439,1,106.32999992370605
97286,179,1,21
55417,225,1,39.9900016784668
19868,42,1,100
98697,576,1,100.16999816894531
81385,1273,1,36.9900016784668
98305,561,1,24.989999771118164
72337,611,1,39.5
80993,524,1,109.87000274658203
98995,483,1,37.94000053405762
93585,326,1,81.9000015258789
72400,161,1,73.71999931335449
7966,92,2,63.989999771118164
87548,304,1,25
3638,1319,1,25
20950,154,1,24.989999771118164
27442,1190,1,24.989999771118164
89712,128,1,29.059999465942383
51152,473,1,69.5
61972,849,1,37.5
64136,400,1,159.9499969482422
1866,390,1,17.34000015258789
68464,17,1,70.94999694824219
53316,100,1,220.9000015258789
4030,855,1,34.970001220703125
66300,293,1,208.81999969482422
57644,588,1,191.79999923706055
59808,185,1,153.63000106811523
94432,79,2,91
92268,375,1,49.950000762939446
48988,897,1,19.989999771118164
74266,4,3,119.79000091552734
53708,275,2,67.32000064849854
62364,42,1,76.30000305175781
73184,338,1,58
59118,282,1,36.79999923706056
48298,223,1,9.640000343322754
78594,50,1,18.479999542236328
54790,492,1,32.95000076293945
65610,46,1,29.989999771118164
77512,685,1,17.709999084472656
72102,73,2,76.9000015258789
41806,411,1,84.5
39642,313,1,42
76430,950,1,179.36999702453613
60200,23,1,17.489999771118164
22722,257,1,97
19476,989,1,39.970001220703125
16230,761,1,109.98999977111816
24886,250,2,140.10000038146973
48690,563,2,84
20558,366,2,228.89000034332275
41116,1676,1,7.489999771118163
55182,601,1,50.95000076293945
29214,93,1,62
28132,40,1,76.9900016784668
43280,226,1,12
14066,435,1,37.720001220703125
44362,428,1,29.5
